period,candidate,L1,share_smooth,period_start,period_end
2023-01-09/2023-01-15,柯文哲,L1-01,0.0,2023-01-09,2023-01-09/2023-01-15
2023-01-09/2023-01-15,柯文哲,L1-02,0.07407407407407407,2023-01-09,2023-01-09/2023-01-15
2023-01-09/2023-01-15,柯文哲,L1-03,0.4074074074074074,2023-01-09,2023-01-09/2023-01-15
2023-01-09/2023-01-15,柯文哲,L1-04,0.1111111111111111,2023-01-09,2023-01-09/2023-01-15
2023-01-09/2023-01-15,柯文哲,L1-05,0.0,2023-01-09,2023-01-09/2023-01-15
2023-01-09/2023-01-15,柯文哲,L1-06,0.25925925925925924,2023-01-09,2023-01-09/2023-01-15
2023-01-09/2023-01-15,柯文哲,L1-07,0.14814814814814814,2023-01-09,2023-01-09/2023-01-15
2023-01-09/2023-01-15,赖清德,L1-01,0.0,2023-01-09,2023-01-09/2023-01-15
2023-01-09/2023-01-15,赖清德,L1-02,0.0,2023-01-09,2023-01-09/2023-01-15
2023-01-09/2023-01-15,赖清德,L1-03,0.0,2023-01-09,2023-01-09/2023-01-15
2023-01-09/2023-01-15,赖清德,L1-04,0.0,2023-01-09,2023-01-09/2023-01-15
2023-01-09/2023-01-15,赖清德,L1-05,0.0,2023-01-09,2023-01-09/2023-01-15
2023-01-09/2023-01-15,赖清德,L1-06,0.9,2023-01-09,2023-01-09/2023-01-15
2023-01-09/2023-01-15,赖清德,L1-07,0.1,2023-01-09,2023-01-09/2023-01-15
2023-01-16/2023-01-22,侯友宜,L1-01,0.0,2023-01-16,2023-01-16/2023-01-22
2023-01-16/2023-01-22,侯友宜,L1-02,0.0,2023-01-16,2023-01-16/2023-01-22
2023-01-16/2023-01-22,侯友宜,L1-03,0.0,2023-01-16,2023-01-16/2023-01-22
2023-01-16/2023-01-22,侯友宜,L1-04,0.0,2023-01-16,2023-01-16/2023-01-22
2023-01-16/2023-01-22,侯友宜,L1-05,0.0,2023-01-16,2023-01-16/2023-01-22
2023-01-16/2023-01-22,侯友宜,L1-06,0.0,2023-01-16,2023-01-16/2023-01-22
2023-01-16/2023-01-22,侯友宜,L1-07,0.7527777777777778,2023-01-16,2023-01-16/2023-01-22
2023-01-16/2023-01-22,柯文哲,L1-01,0.0,2023-01-16,2023-01-16/2023-01-22
2023-01-16/2023-01-22,柯文哲,L1-02,0.02974678760393046,2023-01-16,2023-01-16/2023-01-22
2023-01-16/2023-01-22,柯文哲,L1-03,0.1431084656084656,2023-01-16,2023-01-16/2023-01-22
2023-01-16/2023-01-22,柯文哲,L1-04,0.15722384191771946,2023-01-16,2023-01-16/2023-01-22
2023-01-16/2023-01-22,柯文哲,L1-05,0.05628441852931648,2023-01-16,2023-01-16/2023-01-22
2023-01-16/2023-01-22,柯文哲,L1-06,0.2061157002483533,2023-01-16,2023-01-16/2023-01-22
2023-01-16/2023-01-22,柯文哲,L1-07,0.09833711262282689,2023-01-16,2023-01-16/2023-01-22
2023-01-16/2023-01-22,赖清德,L1-01,0.10300379892216627,2023-01-16,2023-01-16/2023-01-22
2023-01-16/2023-01-22,赖清德,L1-02,0.03687859759288331,2023-01-16,2023-01-16/2023-01-22
2023-01-16/2023-01-22,赖清德,L1-03,0.21522465629608487,2023-01-16,2023-01-16/2023-01-22
2023-01-16/2023-01-22,赖清德,L1-04,0.12264534784942949,2023-01-16,2023-01-16/2023-01-22
2023-01-16/2023-01-22,赖清德,L1-05,0.0,2023-01-16,2023-01-16/2023-01-22
2023-01-16/2023-01-22,赖清德,L1-06,0.41245708373259393,2023-01-16,2023-01-16/2023-01-22
2023-01-16/2023-01-22,赖清德,L1-07,0.089382352341536,2023-01-16,2023-01-16/2023-01-22
2023-01-23/2023-01-29,侯友宜,L1-01,0.0,2023-01-23,2023-01-23/2023-01-29
2023-01-23/2023-01-29,侯友宜,L1-02,0.0,2023-01-23,2023-01-23/2023-01-29
2023-01-23/2023-01-29,侯友宜,L1-03,0.12244897959183673,2023-01-23,2023-01-23/2023-01-29
2023-01-23/2023-01-29,侯友宜,L1-04,0.0,2023-01-23,2023-01-23/2023-01-29
2023-01-23/2023-01-29,侯友宜,L1-05,0.0,2023-01-23,2023-01-23/2023-01-29
2023-01-23/2023-01-29,侯友宜,L1-06,0.061224489795918366,2023-01-23,2023-01-23/2023-01-29
2023-01-23/2023-01-29,侯友宜,L1-07,0.14285714285714285,2023-01-23,2023-01-23/2023-01-29
2023-01-23/2023-01-29,柯文哲,L1-01,0.006802721088435374,2023-01-23,2023-01-23/2023-01-29
2023-01-23/2023-01-29,柯文哲,L1-02,0.009912536443148687,2023-01-23,2023-01-23/2023-01-29
2023-01-23/2023-01-29,柯文哲,L1-03,0.03527696793002916,2023-01-23,2023-01-23/2023-01-29
2023-01-23/2023-01-29,柯文哲,L1-04,0.03790087463556851,2023-01-23,2023-01-23/2023-01-29
2023-01-23/2023-01-29,柯文哲,L1-05,0.024295432458697763,2023-01-23,2023-01-23/2023-01-29
2023-01-23/2023-01-29,柯文哲,L1-06,0.21875607385811469,2023-01-23,2023-01-23/2023-01-29
2023-01-23/2023-01-29,柯文哲,L1-07,0.09562682215743441,2023-01-23,2023-01-23/2023-01-29
2023-01-23/2023-01-29,赖清德,L1-01,0.07235621521335808,2023-01-23,2023-01-23/2023-01-29
2023-01-23/2023-01-29,赖清德,L1-02,0.016875981161695447,2023-01-23,2023-01-23/2023-01-29
2023-01-23/2023-01-29,赖清德,L1-03,0.2377455877455877,2023-01-23,2023-01-23/2023-01-29
2023-01-23/2023-01-29,赖清德,L1-04,0.08877075305646734,2023-01-23,2023-01-23/2023-01-29
2023-01-23/2023-01-29,赖清德,L1-05,0.0,2023-01-23,2023-01-23/2023-01-29
2023-01-23/2023-01-29,赖清德,L1-06,0.27158080015222874,2023-01-23,2023-01-23/2023-01-29
2023-01-23/2023-01-29,赖清德,L1-07,0.10858903001760145,2023-01-23,2023-01-23/2023-01-29
2023-01-30/2023-02-05,侯友宜,L1-01,0.0,2023-01-30,2023-01-30/2023-02-05
2023-01-30/2023-02-05,侯友宜,L1-02,0.0,2023-01-30,2023-01-30/2023-02-05
2023-01-30/2023-02-05,侯友宜,L1-03,0.02040816326530612,2023-01-30,2023-01-30/2023-02-05
2023-01-30/2023-02-05,侯友宜,L1-04,0.0,2023-01-30,2023-01-30/2023-02-05
2023-01-30/2023-02-05,侯友宜,L1-05,0.0,2023-01-30,2023-01-30/2023-02-05
2023-01-30/2023-02-05,侯友宜,L1-06,0.18367346938775508,2023-01-30,2023-01-30/2023-02-05
2023-01-30/2023-02-05,侯友宜,L1-07,0.0,2023-01-30,2023-01-30/2023-02-05
2023-01-30/2023-02-05,柯文哲,L1-01,0.013605442176870748,2023-01-30,2023-01-30/2023-02-05
2023-01-30/2023-02-05,柯文哲,L1-02,0.02818270165208941,2023-01-30,2023-01-30/2023-02-05
2023-01-30/2023-02-05,柯文哲,L1-03,0.044314868804664724,2023-01-30,2023-01-30/2023-02-05
2023-01-30/2023-02-05,柯文哲,L1-04,0.13430515063168125,2023-01-30,2023-01-30/2023-02-05
2023-01-30/2023-02-05,柯文哲,L1-05,0.0058309037900874635,2023-01-30,2023-01-30/2023-02-05
2023-01-30/2023-02-05,柯文哲,L1-06,0.3945578231292517,2023-01-30,2023-01-30/2023-02-05
2023-01-30/2023-02-05,柯文哲,L1-07,0.052672497570456764,2023-01-30,2023-01-30/2023-02-05
2023-01-30/2023-02-05,赖清德,L1-01,0.04237123420796891,2023-01-30,2023-01-30/2023-02-05
2023-01-30/2023-02-05,赖清德,L1-02,0.02478134110787172,2023-01-30,2023-01-30/2023-02-05
2023-01-30/2023-02-05,赖清德,L1-03,0.21372505045974435,2023-01-30,2023-01-30/2023-02-05
2023-01-30/2023-02-05,赖清德,L1-04,0.0628392016147118,2023-01-30,2023-01-30/2023-02-05
2023-01-30/2023-02-05,赖清德,L1-05,0.0,2023-01-30,2023-01-30/2023-02-05
2023-01-30/2023-02-05,赖清德,L1-06,0.32226956716752636,2023-01-30,2023-01-30/2023-02-05
2023-01-30/2023-02-05,赖清德,L1-07,0.10952380952380954,2023-01-30,2023-01-30/2023-02-05
2023-02-06/2023-02-12,侯友宜,L1-01,0.0,2023-02-06,2023-02-06/2023-02-12
2023-02-06/2023-02-12,侯友宜,L1-02,0.0,2023-02-06,2023-02-06/2023-02-12
2023-02-06/2023-02-12,侯友宜,L1-03,0.0,2023-02-06,2023-02-06/2023-02-12
2023-02-06/2023-02-12,侯友宜,L1-04,0.14285714285714285,2023-02-06,2023-02-06/2023-02-12
2023-02-06/2023-02-12,侯友宜,L1-05,0.0,2023-02-06,2023-02-06/2023-02-12
2023-02-06/2023-02-12,侯友宜,L1-06,0.04081632653061224,2023-02-06,2023-02-06/2023-02-12
2023-02-06/2023-02-12,侯友宜,L1-07,0.16326530612244897,2023-02-06,2023-02-06/2023-02-12
2023-02-06/2023-02-12,柯文哲,L1-01,0.0,2023-02-06,2023-02-06/2023-02-12
2023-02-06/2023-02-12,柯文哲,L1-02,0.04625850340136055,2023-02-06,2023-02-06/2023-02-12
2023-02-06/2023-02-12,柯文哲,L1-03,0.11632653061224489,2023-02-06,2023-02-06/2023-02-12
2023-02-06/2023-02-12,柯文哲,L1-04,0.08231292517006802,2023-02-06,2023-02-06/2023-02-12
2023-02-06/2023-02-12,柯文哲,L1-05,0.0,2023-02-06,2023-02-06/2023-02-12
2023-02-06/2023-02-12,柯文哲,L1-06,0.37551020408163266,2023-02-06,2023-02-06/2023-02-12
2023-02-06/2023-02-12,柯文哲,L1-07,0.09387755102040816,2023-02-06,2023-02-06/2023-02-12
2023-02-06/2023-02-12,赖清德,L1-01,0.12183047886592462,2023-02-06,2023-02-06/2023-02-12
2023-02-06/2023-02-12,赖清德,L1-02,0.04494655004859086,2023-02-06,2023-02-06/2023-02-12
2023-02-06/2023-02-12,赖清德,L1-03,0.36677840598356176,2023-02-06,2023-02-06/2023-02-12
2023-02-06/2023-02-12,赖清德,L1-04,0.07840263925118919,2023-02-06,2023-02-06/2023-02-12
2023-02-06/2023-02-12,赖清德,L1-05,0.010741138560687433,2023-02-06,2023-02-06/2023-02-12
2023-02-06/2023-02-12,赖清德,L1-06,0.1943075900111346,2023-02-06,2023-02-06/2023-02-12
2023-02-06/2023-02-12,赖清德,L1-07,0.06054421768707484,2023-02-06,2023-02-06/2023-02-12
2023-02-13/2023-02-19,侯友宜,L1-01,0.04081632653061224,2023-02-13,2023-02-13/2023-02-19
2023-02-13/2023-02-19,侯友宜,L1-02,0.061224489795918366,2023-02-13,2023-02-13/2023-02-19
2023-02-13/2023-02-19,侯友宜,L1-03,0.0,2023-02-13,2023-02-13/2023-02-19
2023-02-13/2023-02-19,侯友宜,L1-04,0.0,2023-02-13,2023-02-13/2023-02-19
2023-02-13/2023-02-19,侯友宜,L1-05,0.0,2023-02-13,2023-02-13/2023-02-19
2023-02-13/2023-02-19,侯友宜,L1-06,0.0,2023-02-13,2023-02-13/2023-02-19
2023-02-13/2023-02-19,侯友宜,L1-07,0.12244897959183673,2023-02-13,2023-02-13/2023-02-19
2023-02-13/2023-02-19,柯文哲,L1-01,0.011661807580174927,2023-02-13,2023-02-13/2023-02-19
2023-02-13/2023-02-19,柯文哲,L1-02,0.03809523809523809,2023-02-13,2023-02-13/2023-02-19
2023-02-13/2023-02-19,柯文哲,L1-03,0.18243035309361838,2023-02-13,2023-02-13/2023-02-19
2023-02-13/2023-02-19,柯文哲,L1-04,0.047619047619047616,2023-02-13,2023-02-13/2023-02-19
2023-02-13/2023-02-19,柯文哲,L1-05,0.0,2023-02-13,2023-02-13/2023-02-19
2023-02-13/2023-02-19,柯文哲,L1-06,0.20616294136702298,2023-02-13,2023-02-13/2023-02-19
2023-02-13/2023-02-19,柯文哲,L1-07,0.20790816326530612,2023-02-13,2023-02-13/2023-02-19
2023-02-13/2023-02-19,赖清德,L1-01,0.2061830400176265,2023-02-13,2023-02-13/2023-02-19
2023-02-13/2023-02-19,赖清德,L1-02,0.033163265306122444,2023-02-13,2023-02-13/2023-02-19
2023-02-13/2023-02-19,赖清德,L1-03,0.179336390426616,2023-02-13,2023-02-13/2023-02-19
2023-02-13/2023-02-19,赖清德,L1-04,0.11031149301825993,2023-02-13,2023-02-13/2023-02-19
2023-02-13/2023-02-19,赖清德,L1-05,0.004296455424274973,2023-02-13,2023-02-13/2023-02-19
2023-02-13/2023-02-19,赖清德,L1-06,0.40344404968465114,2023-02-13,2023-02-13/2023-02-19
2023-02-13/2023-02-19,赖清德,L1-07,0.04285714285714286,2023-02-13,2023-02-13/2023-02-19
2023-02-20/2023-02-26,侯友宜,L1-01,0.1020408163265306,2023-02-20,2023-02-20/2023-02-26
2023-02-20/2023-02-26,侯友宜,L1-02,0.08163265306122448,2023-02-20,2023-02-20/2023-02-26
2023-02-20/2023-02-26,侯友宜,L1-03,0.0,2023-02-20,2023-02-20/2023-02-26
2023-02-20/2023-02-26,侯友宜,L1-04,0.0,2023-02-20,2023-02-20/2023-02-26
2023-02-20/2023-02-26,侯友宜,L1-05,0.0,2023-02-20,2023-02-20/2023-02-26
2023-02-20/2023-02-26,侯友宜,L1-06,0.0,2023-02-20,2023-02-20/2023-02-26
2023-02-20/2023-02-26,侯友宜,L1-07,0.061224489795918366,2023-02-20,2023-02-20/2023-02-26
2023-02-20/2023-02-26,柯文哲,L1-01,0.008746355685131196,2023-02-20,2023-02-20/2023-02-26
2023-02-20/2023-02-26,柯文哲,L1-02,0.0,2023-02-20,2023-02-20/2023-02-26
2023-02-20/2023-02-26,柯文哲,L1-03,0.20357952704891477,2023-02-20,2023-02-20/2023-02-26
2023-02-20/2023-02-26,柯文哲,L1-04,0.04112001943634597,2023-02-20,2023-02-20/2023-02-26
2023-02-20/2023-02-26,柯文哲,L1-05,0.008588435374149661,2023-02-20,2023-02-20/2023-02-26
2023-02-20/2023-02-26,柯文哲,L1-06,0.22779802397149337,2023-02-20,2023-02-20/2023-02-26
2023-02-20/2023-02-26,柯文哲,L1-07,0.18363702623906705,2023-02-20,2023-02-20/2023-02-26
2023-02-20/2023-02-26,赖清德,L1-01,0.060103490017560914,2023-02-20,2023-02-20/2023-02-26
2023-02-20/2023-02-26,赖清德,L1-02,0.03206997084548105,2023-02-20,2023-02-20/2023-02-26
2023-02-20/2023-02-26,赖清德,L1-03,0.19742383168806368,2023-02-20,2023-02-20/2023-02-26
2023-02-20/2023-02-26,赖清德,L1-04,0.052154195011337875,2023-02-20,2023-02-20/2023-02-26
2023-02-20/2023-02-26,赖清德,L1-05,0.012889366272824918,2023-02-20,2023-02-20/2023-02-26
2023-02-20/2023-02-26,赖清德,L1-06,0.3736083405793395,2023-02-20,2023-02-20/2023-02-26
2023-02-20/2023-02-26,赖清德,L1-07,0.0472610096670247,2023-02-20,2023-02-20/2023-02-26
2023-02-27/2023-03-05,侯友宜,L1-01,0.0,2023-02-27,2023-02-27/2023-03-05
2023-02-27/2023-03-05,侯友宜,L1-02,0.0,2023-02-27,2023-02-27/2023-03-05
2023-02-27/2023-03-05,侯友宜,L1-03,0.017857142857142856,2023-02-27,2023-02-27/2023-03-05
2023-02-27/2023-03-05,侯友宜,L1-04,0.08163265306122448,2023-02-27,2023-02-27/2023-03-05
2023-02-27/2023-03-05,侯友宜,L1-05,0.0,2023-02-27,2023-02-27/2023-03-05
2023-02-27/2023-03-05,侯友宜,L1-06,0.19132653061224492,2023-02-27,2023-02-27/2023-03-05
2023-02-27/2023-03-05,侯友宜,L1-07,0.2602040816326531,2023-02-27,2023-02-27/2023-03-05
2023-02-27/2023-03-05,柯文哲,L1-01,0.03265306122448979,2023-02-27,2023-02-27/2023-03-05
2023-02-27/2023-03-05,柯文哲,L1-02,0.0,2023-02-27,2023-02-27/2023-03-05
2023-02-27/2023-03-05,柯文哲,L1-03,0.24655299349176896,2023-02-27,2023-02-27/2023-03-05
2023-02-27/2023-03-05,柯文哲,L1-04,0.06564404982772329,2023-02-27,2023-02-27/2023-03-05
2023-02-27/2023-03-05,柯文哲,L1-05,0.03316326530612245,2023-02-27,2023-02-27/2023-03-05
2023-02-27/2023-03-05,柯文哲,L1-06,0.2890574844656477,2023-02-27,2023-02-27/2023-03-05
2023-02-27/2023-03-05,柯文哲,L1-07,0.1288475130311865,2023-02-27,2023-02-27/2023-03-05
2023-02-27/2023-03-05,赖清德,L1-01,0.10131932472237015,2023-02-27,2023-02-27/2023-03-05
2023-02-27/2023-03-05,赖清德,L1-02,0.04734284691320138,2023-02-27,2023-02-27/2023-03-05
2023-02-27/2023-03-05,赖清德,L1-03,0.11735822148408236,2023-02-27,2023-02-27/2023-03-05
2023-02-27/2023-03-05,赖清德,L1-04,0.05074029611844738,2023-02-27,2023-02-27/2023-03-05
2023-02-27/2023-03-05,赖清德,L1-05,0.06036519871106338,2023-02-27,2023-02-27/2023-03-05
2023-02-27/2023-03-05,赖清德,L1-06,0.34854543321087833,2023-02-27,2023-02-27/2023-03-05
2023-02-27/2023-03-05,赖清德,L1-07,0.09065520945220194,2023-02-27,2023-02-27/2023-03-05
2023-03-06/2023-03-12,侯友宜,L1-01,0.0,2023-03-06,2023-03-06/2023-03-12
2023-03-06/2023-03-12,侯友宜,L1-02,0.00510204081632653,2023-03-06,2023-03-06/2023-03-12
2023-03-06/2023-03-12,侯友宜,L1-03,0.00510204081632653,2023-03-06,2023-03-06/2023-03-12
2023-03-06/2023-03-12,侯友宜,L1-04,0.061224489795918366,2023-03-06,2023-03-06/2023-03-12
2023-03-06/2023-03-12,侯友宜,L1-05,0.0,2023-03-06,2023-03-06/2023-03-12
2023-03-06/2023-03-12,侯友宜,L1-06,0.0510204081632653,2023-03-06,2023-03-06/2023-03-12
2023-03-06/2023-03-12,侯友宜,L1-07,0.0,2023-03-06,2023-03-06/2023-03-12
2023-03-06/2023-03-12,柯文哲,L1-01,0.005442176870748299,2023-03-06,2023-03-06/2023-03-12
2023-03-06/2023-03-12,柯文哲,L1-02,0.0,2023-03-06,2023-03-06/2023-03-12
2023-03-06/2023-03-12,柯文哲,L1-03,0.10183467326324468,2023-03-06,2023-03-06/2023-03-12
2023-03-06/2023-03-12,柯文哲,L1-04,0.09969078540507112,2023-03-06,2023-03-06/2023-03-12
2023-03-06/2023-03-12,柯文哲,L1-05,0.004081632653061225,2023-03-06,2023-03-06/2023-03-12
2023-03-06/2023-03-12,柯文哲,L1-06,0.2434961863533292,2023-03-06,2023-03-06/2023-03-12
2023-03-06/2023-03-12,柯文哲,L1-07,0.07606679035250463,2023-03-06,2023-03-06/2023-03-12
2023-03-06/2023-03-12,赖清德,L1-01,0.0711347893194545,2023-03-06,2023-03-06/2023-03-12
2023-03-06/2023-03-12,赖清德,L1-02,0.026944672387861104,2023-03-06,2023-03-06/2023-03-12
2023-03-06/2023-03-12,赖清德,L1-03,0.17062310594936458,2023-03-06,2023-03-06/2023-03-12
2023-03-06/2023-03-12,赖清德,L1-04,0.12443325156149417,2023-03-06,2023-03-06/2023-03-12
2023-03-06/2023-03-12,赖清德,L1-05,0.0026852846401718583,2023-03-06,2023-03-06/2023-03-12
2023-03-06/2023-03-12,赖清德,L1-06,0.3838758092318327,2023-03-06,2023-03-06/2023-03-12
2023-03-06/2023-03-12,赖清德,L1-07,0.22030308690982112,2023-03-06,2023-03-06/2023-03-12
2023-03-13/2023-03-19,侯友宜,L1-01,0.0,2023-03-13,2023-03-13/2023-03-19
2023-03-13/2023-03-19,侯友宜,L1-02,0.04518950437317785,2023-03-13,2023-03-13/2023-03-19
2023-03-13/2023-03-19,侯友宜,L1-03,0.030612244897959183,2023-03-13,2023-03-13/2023-03-19
2023-03-13/2023-03-19,侯友宜,L1-04,0.0,2023-03-13,2023-03-13/2023-03-19
2023-03-13/2023-03-19,侯友宜,L1-05,0.029154518950437313,2023-03-13,2023-03-13/2023-03-19
2023-03-13/2023-03-19,侯友宜,L1-06,0.17201166180758018,2023-03-13,2023-03-13/2023-03-19
2023-03-13/2023-03-19,侯友宜,L1-07,0.029154518950437313,2023-03-13,2023-03-13/2023-03-19
2023-03-13/2023-03-19,柯文哲,L1-01,0.08163265306122448,2023-03-13,2023-03-13/2023-03-19
2023-03-13/2023-03-19,柯文哲,L1-02,0.004709576138147567,2023-03-13,2023-03-13/2023-03-19
2023-03-13/2023-03-19,柯文哲,L1-03,0.07066856046447881,2023-03-13,2023-03-13/2023-03-19
2023-03-13/2023-03-19,柯文哲,L1-04,0.06559766763848396,2023-03-13,2023-03-13/2023-03-19
2023-03-13/2023-03-19,柯文哲,L1-05,0.004709576138147567,2023-03-13,2023-03-13/2023-03-19
2023-03-13/2023-03-19,柯文哲,L1-06,0.3073758441105379,2023-03-13,2023-03-13/2023-03-19
2023-03-13/2023-03-19,柯文哲,L1-07,0.11836734693877553,2023-03-13,2023-03-13/2023-03-19
2023-03-13/2023-03-19,赖清德,L1-01,0.07000282326369282,2023-03-13,2023-03-13/2023-03-19
2023-03-13/2023-03-19,赖清德,L1-02,0.06032277394300465,2023-03-13,2023-03-13/2023-03-19
2023-03-13/2023-03-19,赖清德,L1-03,0.34158011218792045,2023-03-13,2023-03-13/2023-03-19
2023-03-13/2023-03-19,赖清德,L1-04,0.03795273049931434,2023-03-13,2023-03-13/2023-03-19
2023-03-13/2023-03-19,赖清德,L1-05,0.0,2023-03-13,2023-03-13/2023-03-19
2023-03-13/2023-03-19,赖清德,L1-06,0.32927285915307214,2023-03-13,2023-03-13/2023-03-19
2023-03-13/2023-03-19,赖清德,L1-07,0.14046053768768943,2023-03-13,2023-03-13/2023-03-19
2023-03-20/2023-03-26,侯友宜,L1-01,0.08163265306122448,2023-03-20,2023-03-20/2023-03-26
2023-03-20/2023-03-26,侯友宜,L1-02,0.026239067055393583,2023-03-20,2023-03-20/2023-03-26
2023-03-20/2023-03-26,侯友宜,L1-03,0.061224489795918366,2023-03-20,2023-03-20/2023-03-26
2023-03-20/2023-03-26,侯友宜,L1-04,0.0,2023-03-20,2023-03-20/2023-03-26
2023-03-20/2023-03-26,侯友宜,L1-05,0.011661807580174927,2023-03-20,2023-03-20/2023-03-26
2023-03-20/2023-03-26,侯友宜,L1-06,0.11370262390670553,2023-03-20,2023-03-20/2023-03-26
2023-03-20/2023-03-26,侯友宜,L1-07,0.09329446064139942,2023-03-20,2023-03-20/2023-03-26
2023-03-20/2023-03-26,柯文哲,L1-01,0.1370262390670554,2023-03-20,2023-03-20/2023-03-26
2023-03-20/2023-03-26,柯文哲,L1-02,0.01065261269342902,2023-03-20,2023-03-20/2023-03-26
2023-03-20/2023-03-26,柯文哲,L1-03,0.10075751912486605,2023-03-20,2023-03-20/2023-03-26
2023-03-20/2023-03-26,柯文哲,L1-04,0.030774214447683832,2023-03-20,2023-03-20/2023-03-26
2023-03-20/2023-03-26,柯文哲,L1-05,0.010814582243153672,2023-03-20,2023-03-20/2023-03-26
2023-03-20/2023-03-26,柯文哲,L1-06,0.18567939996511423,2023-03-20,2023-03-20/2023-03-26
2023-03-20/2023-03-26,柯文哲,L1-07,0.034499514091350825,2023-03-20,2023-03-20/2023-03-26
2023-03-20/2023-03-26,赖清德,L1-01,0.07310164325470447,2023-03-20,2023-03-20/2023-03-26
2023-03-20/2023-03-26,赖清德,L1-02,0.046758234085423026,2023-03-20,2023-03-20/2023-03-26
2023-03-20/2023-03-26,赖清德,L1-03,0.24274278975659527,2023-03-20,2023-03-20/2023-03-26
2023-03-20/2023-03-26,赖清德,L1-04,0.04688846632075534,2023-03-20,2023-03-20/2023-03-26
2023-03-20/2023-03-26,赖清德,L1-05,0.0,2023-03-20,2023-03-20/2023-03-26
2023-03-20/2023-03-26,赖清德,L1-06,0.3118152406892096,2023-03-20,2023-03-20/2023-03-26
2023-03-20/2023-03-26,赖清德,L1-07,0.15624464630147547,2023-03-20,2023-03-20/2023-03-26
2023-03-27/2023-04-02,侯友宜,L1-01,0.16326530612244897,2023-03-27,2023-03-27/2023-04-02
2023-03-27/2023-04-02,侯友宜,L1-02,0.0,2023-03-27,2023-03-27/2023-04-02
2023-03-27/2023-04-02,侯友宜,L1-03,0.08163265306122448,2023-03-27,2023-03-27/2023-04-02
2023-03-27/2023-04-02,侯友宜,L1-04,0.0,2023-03-27,2023-03-27/2023-04-02
2023-03-27/2023-04-02,侯友宜,L1-05,0.0,2023-03-27,2023-03-27/2023-04-02
2023-03-27/2023-04-02,侯友宜,L1-06,0.05442176870748299,2023-03-27,2023-03-27/2023-04-02
2023-03-27/2023-04-02,侯友宜,L1-07,0.027210884353741496,2023-03-27,2023-03-27/2023-04-02
2023-03-27/2023-04-02,柯文哲,L1-01,0.01273366489452924,2023-03-27,2023-03-27/2023-04-02
2023-03-27/2023-04-02,柯文哲,L1-02,0.0007288629737609329,2023-03-27,2023-03-27/2023-04-02
2023-03-27/2023-04-02,柯文哲,L1-03,0.21373978162693646,2023-03-27,2023-03-27/2023-04-02
2023-03-27/2023-04-02,柯文哲,L1-04,0.03094571161798052,2023-03-27,2023-03-27/2023-04-02
2023-03-27/2023-04-02,柯文哲,L1-05,0.011337868480725623,2023-03-27,2023-03-27/2023-04-02
2023-03-27/2023-04-02,柯文哲,L1-06,0.16071857314354313,2023-03-27,2023-03-27/2023-04-02
2023-03-27/2023-04-02,柯文哲,L1-07,0.059591455629871,2023-03-27,2023-03-27/2023-04-02
2023-03-27/2023-04-02,赖清德,L1-01,0.028552280052880293,2023-03-27,2023-03-27/2023-04-02
2023-03-27/2023-04-02,赖清德,L1-02,0.07434183237924089,2023-03-27,2023-03-27/2023-04-02
2023-03-27/2023-04-02,赖清德,L1-03,0.2714360202955641,2023-03-27,2023-03-27/2023-04-02
2023-03-27/2023-04-02,赖清德,L1-04,0.07043317042155285,2023-03-27,2023-03-27/2023-04-02
2023-03-27/2023-04-02,赖清德,L1-05,0.00745059928733398,2023-03-27,2023-03-27/2023-04-02
2023-03-27/2023-04-02,赖清德,L1-06,0.3178027014142105,2023-03-27,2023-03-27/2023-04-02
2023-03-27/2023-04-02,赖清德,L1-07,0.2299833961492173,2023-03-27,2023-03-27/2023-04-02
2023-04-03/2023-04-09,侯友宜,L1-01,0.04081632653061224,2023-04-03,2023-04-03/2023-04-09
2023-04-03/2023-04-09,侯友宜,L1-02,0.047619047619047616,2023-04-03,2023-04-03/2023-04-09
2023-04-03/2023-04-09,侯友宜,L1-03,0.0,2023-04-03,2023-04-03/2023-04-09
2023-04-03/2023-04-09,侯友宜,L1-04,0.0,2023-04-03,2023-04-03/2023-04-09
2023-04-03/2023-04-09,侯友宜,L1-05,0.0,2023-04-03,2023-04-03/2023-04-09
2023-04-03/2023-04-09,侯友宜,L1-06,0.04081632653061224,2023-04-03,2023-04-03/2023-04-09
2023-04-03/2023-04-09,侯友宜,L1-07,0.11564625850340135,2023-04-03,2023-04-03/2023-04-09
2023-04-03/2023-04-09,柯文哲,L1-01,0.004801920768307323,2023-04-03,2023-04-03/2023-04-09
2023-04-03/2023-04-09,柯文哲,L1-02,0.0,2023-04-03,2023-04-03/2023-04-09
2023-04-03/2023-04-09,柯文哲,L1-03,0.32214653303181734,2023-04-03,2023-04-03/2023-04-09
2023-04-03/2023-04-09,柯文哲,L1-04,0.04464111225885703,2023-04-03,2023-04-03/2023-04-09
2023-04-03/2023-04-09,柯文哲,L1-05,0.0,2023-04-03,2023-04-03/2023-04-09
2023-04-03/2023-04-09,柯文哲,L1-06,0.20981322761662802,2023-04-03,2023-04-03/2023-04-09
2023-04-03/2023-04-09,柯文哲,L1-07,0.09206659407949225,2023-04-03,2023-04-03/2023-04-09
2023-04-03/2023-04-09,赖清德,L1-01,0.010712707095608082,2023-04-03,2023-04-03/2023-04-09
2023-04-03/2023-04-09,赖清德,L1-02,0.033393432370414464,2023-04-03,2023-04-03/2023-04-09
2023-04-03/2023-04-09,赖清德,L1-03,0.15200178320904872,2023-04-03,2023-04-03/2023-04-09
2023-04-03/2023-04-09,赖清德,L1-04,0.11438621981969753,2023-04-03,2023-04-03/2023-04-09
2023-04-03/2023-04-09,赖清德,L1-05,0.016186391740961394,2023-04-03,2023-04-03/2023-04-09
2023-04-03/2023-04-09,赖清德,L1-06,0.2945100372888879,2023-04-03,2023-04-03/2023-04-09
2023-04-03/2023-04-09,赖清德,L1-07,0.15431963255701445,2023-04-03,2023-04-03/2023-04-09
2023-04-10/2023-04-16,侯友宜,L1-01,0.0,2023-04-10,2023-04-10/2023-04-16
2023-04-10/2023-04-16,侯友宜,L1-02,0.0,2023-04-10,2023-04-10/2023-04-16
2023-04-10/2023-04-16,侯友宜,L1-03,0.027210884353741496,2023-04-10,2023-04-10/2023-04-16
2023-04-10/2023-04-16,侯友宜,L1-04,0.02040816326530612,2023-04-10,2023-04-10/2023-04-16
2023-04-10/2023-04-16,侯友宜,L1-05,0.0,2023-04-10,2023-04-10/2023-04-16
2023-04-10/2023-04-16,侯友宜,L1-06,0.0,2023-04-10,2023-04-10/2023-04-16
2023-04-10/2023-04-16,侯友宜,L1-07,0.05442176870748299,2023-04-10,2023-04-10/2023-04-16
2023-04-10/2023-04-16,柯文哲,L1-01,0.00746640119462419,2023-04-10,2023-04-10/2023-04-16
2023-04-10/2023-04-16,柯文哲,L1-02,0.006802721088435374,2023-04-10,2023-04-10/2023-04-16
2023-04-10/2023-04-16,柯文哲,L1-03,0.1976200122703648,2023-04-10,2023-04-10/2023-04-16
2023-04-10/2023-04-16,柯文哲,L1-04,0.01084981922434317,2023-04-10,2023-04-10/2023-04-16
2023-04-10/2023-04-16,柯文哲,L1-05,0.0,2023-04-10,2023-04-10/2023-04-16
2023-04-10/2023-04-16,柯文哲,L1-06,0.2317864184811758,2023-04-10,2023-04-10/2023-04-16
2023-04-10/2023-04-16,柯文哲,L1-07,0.1781276889655465,2023-04-10,2023-04-10/2023-04-16
2023-04-10/2023-04-16,赖清德,L1-01,0.07943920159512653,2023-04-10,2023-04-10/2023-04-16
2023-04-10/2023-04-16,赖清德,L1-02,0.027337849243621093,2023-04-10,2023-04-10/2023-04-16
2023-04-10/2023-04-16,赖清德,L1-03,0.20753765993130033,2023-04-10,2023-04-10/2023-04-16
2023-04-10/2023-04-16,赖清德,L1-04,0.07804440457501681,2023-04-10,2023-04-10/2023-04-16
2023-04-10/2023-04-16,赖清德,L1-05,0.004909790002957705,2023-04-10,2023-04-10/2023-04-16
2023-04-10/2023-04-16,赖清德,L1-06,0.26112684221603294,2023-04-10,2023-04-10/2023-04-16
2023-04-10/2023-04-16,赖清德,L1-07,0.13752261978288338,2023-04-10,2023-04-10/2023-04-16
2023-04-17/2023-04-23,侯友宜,L1-01,0.0,2023-04-17,2023-04-17/2023-04-23
2023-04-17/2023-04-23,侯友宜,L1-02,0.0,2023-04-17,2023-04-17/2023-04-23
2023-04-17/2023-04-23,侯友宜,L1-03,0.02040816326530612,2023-04-17,2023-04-17/2023-04-23
2023-04-17/2023-04-23,侯友宜,L1-04,0.1457725947521866,2023-04-17,2023-04-17/2023-04-23
2023-04-17/2023-04-23,侯友宜,L1-05,0.0,2023-04-17,2023-04-17/2023-04-23
2023-04-17/2023-04-23,侯友宜,L1-06,0.1793974732750243,2023-04-17,2023-04-17/2023-04-23
2023-04-17/2023-04-23,侯友宜,L1-07,0.20544217687074834,2023-04-17,2023-04-17/2023-04-23
2023-04-17/2023-04-23,柯文哲,L1-01,0.09140030435377842,2023-04-17,2023-04-17/2023-04-23
2023-04-17/2023-04-23,柯文哲,L1-02,0.0403202947845805,2023-04-17,2023-04-17/2023-04-23
2023-04-17/2023-04-23,柯文哲,L1-03,0.3114372681445852,2023-04-17,2023-04-17/2023-04-23
2023-04-17/2023-04-23,柯文哲,L1-04,0.019723011155681782,2023-04-17,2023-04-17/2023-04-23
2023-04-17/2023-04-23,柯文哲,L1-05,0.0,2023-04-17,2023-04-17/2023-04-23
2023-04-17/2023-04-23,柯文哲,L1-06,0.2732591091386439,2023-04-17,2023-04-17/2023-04-23
2023-04-17/2023-04-23,柯文哲,L1-07,0.059778379769668946,2023-04-17,2023-04-17/2023-04-23
2023-04-17/2023-04-23,赖清德,L1-01,0.08860878846312045,2023-04-17,2023-04-17/2023-04-23
2023-04-17/2023-04-23,赖清德,L1-02,0.021357638632533184,2023-04-17,2023-04-17/2023-04-23
2023-04-17/2023-04-23,赖清德,L1-03,0.24667090410621456,2023-04-17,2023-04-17/2023-04-23
2023-04-17/2023-04-23,赖清德,L1-04,0.05733547691120192,2023-04-17,2023-04-17/2023-04-23
2023-04-17/2023-04-23,赖清德,L1-05,0.003401360544217687,2023-04-17,2023-04-17/2023-04-23
2023-04-17/2023-04-23,赖清德,L1-06,0.26976812464478644,2023-04-17,2023-04-17/2023-04-23
2023-04-17/2023-04-23,赖清德,L1-07,0.17000056384078285,2023-04-17,2023-04-17/2023-04-23
2023-04-24/2023-04-30,侯友宜,L1-01,0.0020408163265306124,2023-04-24,2023-04-24/2023-04-30
2023-04-24/2023-04-30,侯友宜,L1-02,0.027210884353741496,2023-04-24,2023-04-24/2023-04-30
2023-04-24/2023-04-30,侯友宜,L1-03,0.07142857142857142,2023-04-24,2023-04-24/2023-04-30
2023-04-24/2023-04-30,侯友宜,L1-04,0.023615160349854225,2023-04-24,2023-04-24/2023-04-30
2023-04-24/2023-04-30,侯友宜,L1-05,0.0,2023-04-24,2023-04-24/2023-04-30
2023-04-24/2023-04-30,侯友宜,L1-06,0.09985422740524781,2023-04-24,2023-04-24/2023-04-30
2023-04-24/2023-04-30,侯友宜,L1-07,0.2248299319727891,2023-04-24,2023-04-24/2023-04-30
2023-04-24/2023-04-30,柯文哲,L1-01,0.12375085169202817,2023-04-24,2023-04-24/2023-04-30
2023-04-24/2023-04-30,柯文哲,L1-02,0.030272108843537416,2023-04-24,2023-04-24/2023-04-30
2023-04-24/2023-04-30,柯文哲,L1-03,0.2625054803626232,2023-04-24,2023-04-24/2023-04-30
2023-04-24/2023-04-30,柯文哲,L1-04,0.0804921968787515,2023-04-24,2023-04-24/2023-04-30
2023-04-24/2023-04-30,柯文哲,L1-05,0.0,2023-04-24,2023-04-24/2023-04-30
2023-04-24/2023-04-30,柯文哲,L1-06,0.18867184434411324,2023-04-24,2023-04-24/2023-04-30
2023-04-24/2023-04-30,柯文哲,L1-07,0.11022588522588521,2023-04-24,2023-04-24/2023-04-30
2023-04-24/2023-04-30,赖清德,L1-01,0.04144800777453839,2023-04-24,2023-04-24/2023-04-30
2023-04-24/2023-04-30,赖清德,L1-02,0.042883646965279625,2023-04-24,2023-04-24/2023-04-30
2023-04-24/2023-04-30,赖清德,L1-03,0.21973267662043172,2023-04-24,2023-04-24/2023-04-30
2023-04-24/2023-04-30,赖清德,L1-04,0.062153237918544026,2023-04-24,2023-04-24/2023-04-30
2023-04-24/2023-04-30,赖清德,L1-05,0.010969387755102039,2023-04-24,2023-04-24/2023-04-30
2023-04-24/2023-04-30,赖清德,L1-06,0.29695534057778955,2023-04-24,2023-04-24/2023-04-30
2023-04-24/2023-04-30,赖清德,L1-07,0.22381688606178402,2023-04-24,2023-04-24/2023-04-30
2023-05-01/2023-05-07,侯友宜,L1-01,0.012244897959183673,2023-05-01,2023-05-01/2023-05-07
2023-05-01/2023-05-07,侯友宜,L1-02,0.02040816326530612,2023-05-01,2023-05-01/2023-05-07
2023-05-01/2023-05-07,侯友宜,L1-03,0.004081632653061225,2023-05-01,2023-05-01/2023-05-07
2023-05-01/2023-05-07,侯友宜,L1-04,0.03673469387755102,2023-05-01,2023-05-01/2023-05-07
2023-05-01/2023-05-07,侯友宜,L1-05,0.0,2023-05-01,2023-05-01/2023-05-07
2023-05-01/2023-05-07,侯友宜,L1-06,0.12993197278911564,2023-05-01,2023-05-01/2023-05-07
2023-05-01/2023-05-07,侯友宜,L1-07,0.32721088435374146,2023-05-01,2023-05-01/2023-05-07
2023-05-01/2023-05-07,柯文哲,L1-01,0.0388682745825603,2023-05-01,2023-05-01/2023-05-07
2023-05-01/2023-05-07,柯文哲,L1-02,0.0530612244897959,2023-05-01,2023-05-01/2023-05-07
2023-05-01/2023-05-07,柯文哲,L1-03,0.18722943722943722,2023-05-01,2023-05-01/2023-05-07
2023-05-01/2023-05-07,柯文哲,L1-04,0.23632240775097918,2023-05-01,2023-05-01/2023-05-07
2023-05-01/2023-05-07,柯文哲,L1-05,0.029375386518243656,2023-05-01,2023-05-01/2023-05-07
2023-05-01/2023-05-07,柯文哲,L1-06,0.2913650597324066,2023-05-01,2023-05-01/2023-05-07
2023-05-01/2023-05-07,柯文哲,L1-07,0.14337004643127088,2023-05-01,2023-05-01/2023-05-07
2023-05-01/2023-05-07,赖清德,L1-01,0.06244113029827316,2023-05-01,2023-05-01/2023-05-07
2023-05-01/2023-05-07,赖清德,L1-02,0.07229012484114526,2023-05-01,2023-05-01/2023-05-07
2023-05-01/2023-05-07,赖清德,L1-03,0.18321933168871946,2023-05-01,2023-05-01/2023-05-07
2023-05-01/2023-05-07,赖清德,L1-04,0.04091350826044702,2023-05-01,2023-05-01/2023-05-07
2023-05-01/2023-05-07,赖清德,L1-05,0.0032312925170068026,2023-05-01,2023-05-01/2023-05-07
2023-05-01/2023-05-07,赖清德,L1-06,0.36387829857217613,2023-05-01,2023-05-01/2023-05-07
2023-05-01/2023-05-07,赖清德,L1-07,0.0903528444344771,2023-05-01,2023-05-01/2023-05-07
2023-05-08/2023-05-14,侯友宜,L1-01,0.0,2023-05-08,2023-05-08/2023-05-14
2023-05-08/2023-05-14,侯友宜,L1-02,0.0,2023-05-08,2023-05-08/2023-05-14
2023-05-08/2023-05-14,侯友宜,L1-03,0.1673469387755102,2023-05-08,2023-05-08/2023-05-14
2023-05-08/2023-05-14,侯友宜,L1-04,0.0,2023-05-08,2023-05-08/2023-05-14
2023-05-08/2023-05-14,侯友宜,L1-05,0.0,2023-05-08,2023-05-08/2023-05-14
2023-05-08/2023-05-14,侯友宜,L1-06,0.09523809523809523,2023-05-08,2023-05-08/2023-05-14
2023-05-08/2023-05-14,侯友宜,L1-07,0.24761904761904763,2023-05-08,2023-05-08/2023-05-14
2023-05-08/2023-05-14,柯文哲,L1-01,0.05310760667903525,2023-05-08,2023-05-08/2023-05-14
2023-05-08/2023-05-14,柯文哲,L1-02,0.09039171224045174,2023-05-08,2023-05-08/2023-05-14
2023-05-08/2023-05-14,柯文哲,L1-03,0.1509908904866888,2023-05-08,2023-05-08/2023-05-14
2023-05-08/2023-05-14,柯文哲,L1-04,0.08128908128908129,2023-05-08,2023-05-08/2023-05-14
2023-05-08/2023-05-14,柯文哲,L1-05,0.00931079502508074,2023-05-08,2023-05-08/2023-05-14
2023-05-08/2023-05-14,柯文哲,L1-06,0.2984830607879827,2023-05-08,2023-05-08/2023-05-14
2023-05-08/2023-05-14,柯文哲,L1-07,0.19397787389984264,2023-05-08,2023-05-08/2023-05-14
2023-05-08/2023-05-14,赖清德,L1-01,0.047492695119137,2023-05-08,2023-05-08/2023-05-14
2023-05-08/2023-05-14,赖清德,L1-02,0.03297393969532391,2023-05-08,2023-05-08/2023-05-14
2023-05-08/2023-05-14,赖清德,L1-03,0.2648022400551238,2023-05-08,2023-05-08/2023-05-14
2023-05-08/2023-05-14,赖清德,L1-04,0.13547019381092137,2023-05-08,2023-05-08/2023-05-14
2023-05-08/2023-05-14,赖清德,L1-05,0.04401170406050619,2023-05-08,2023-05-08/2023-05-14
2023-05-08/2023-05-14,赖清德,L1-06,0.36372366911408616,2023-05-08,2023-05-08/2023-05-14
2023-05-08/2023-05-14,赖清德,L1-07,0.11152555814490153,2023-05-08,2023-05-08/2023-05-14
2023-05-15/2023-05-21,侯友宜,L1-01,0.0,2023-05-15,2023-05-15/2023-05-21
2023-05-15/2023-05-21,侯友宜,L1-02,0.06425278981669959,2023-05-15,2023-05-15/2023-05-21
2023-05-15/2023-05-21,侯友宜,L1-03,0.1651343643824847,2023-05-15,2023-05-15/2023-05-21
2023-05-15/2023-05-21,侯友宜,L1-04,0.0,2023-05-15,2023-05-15/2023-05-21
2023-05-15/2023-05-21,侯友宜,L1-05,0.0,2023-05-15,2023-05-15/2023-05-21
2023-05-15/2023-05-21,侯友宜,L1-06,0.15611393618912414,2023-05-15,2023-05-15/2023-05-21
2023-05-15/2023-05-21,侯友宜,L1-07,0.06347850144842625,2023-05-15,2023-05-15/2023-05-21
2023-05-15/2023-05-21,柯文哲,L1-01,0.003826530612244898,2023-05-15,2023-05-15/2023-05-21
2023-05-15/2023-05-21,柯文哲,L1-02,0.05679085931186772,2023-05-15,2023-05-15/2023-05-21
2023-05-15/2023-05-21,柯文哲,L1-03,0.26632312421628146,2023-05-15,2023-05-15/2023-05-21
2023-05-15/2023-05-21,柯文哲,L1-04,0.04153716653716654,2023-05-15,2023-05-15/2023-05-21
2023-05-15/2023-05-21,柯文哲,L1-05,0.0007558578987150415,2023-05-15,2023-05-15/2023-05-21
2023-05-15/2023-05-21,柯文哲,L1-06,0.3254296671163418,2023-05-15,2023-05-15/2023-05-21
2023-05-15/2023-05-21,柯文哲,L1-07,0.16247965145023965,2023-05-15,2023-05-15/2023-05-21
2023-05-15/2023-05-21,赖清德,L1-01,0.1201006170445746,2023-05-15,2023-05-15/2023-05-21
2023-05-15/2023-05-21,赖清德,L1-02,0.037890779289949446,2023-05-15,2023-05-15/2023-05-21
2023-05-15/2023-05-21,赖清德,L1-03,0.15765631936792132,2023-05-15,2023-05-15/2023-05-21
2023-05-15/2023-05-21,赖清德,L1-04,0.189051310524793,2023-05-15,2023-05-15/2023-05-21
2023-05-15/2023-05-21,赖清德,L1-05,0.030070980852924065,2023-05-15,2023-05-15/2023-05-21
2023-05-15/2023-05-21,赖清德,L1-06,0.32219081932751253,2023-05-15,2023-05-15/2023-05-21
2023-05-15/2023-05-21,赖清德,L1-07,0.14303917359232501,2023-05-15,2023-05-15/2023-05-21
2023-05-22/2023-05-28,侯友宜,L1-01,0.014285714285714287,2023-05-22,2023-05-22/2023-05-28
2023-05-22/2023-05-28,侯友宜,L1-02,0.11912911649753756,2023-05-22,2023-05-22/2023-05-28
2023-05-22/2023-05-28,侯友宜,L1-03,0.2727970024962506,2023-05-22,2023-05-22/2023-05-28
2023-05-22/2023-05-28,侯友宜,L1-04,0.006122448979591836,2023-05-22,2023-05-22/2023-05-28
2023-05-22/2023-05-28,侯友宜,L1-05,0.0,2023-05-22,2023-05-22/2023-05-28
2023-05-22/2023-05-28,侯友宜,L1-06,0.3277968898269649,2023-05-22,2023-05-22/2023-05-28
2023-05-22/2023-05-28,侯友宜,L1-07,0.11701168505679783,2023-05-22,2023-05-22/2023-05-28
2023-05-22/2023-05-28,柯文哲,L1-01,0.025697278911564623,2023-05-22,2023-05-22/2023-05-28
2023-05-22/2023-05-28,柯文哲,L1-02,0.14751102072530645,2023-05-22,2023-05-22/2023-05-28
2023-05-22/2023-05-28,柯文哲,L1-03,0.31922453963270286,2023-05-22,2023-05-22/2023-05-28
2023-05-22/2023-05-28,柯文哲,L1-04,0.03837876409304981,2023-05-22,2023-05-22/2023-05-28
2023-05-22/2023-05-28,柯文哲,L1-05,0.011337868480725623,2023-05-22,2023-05-22/2023-05-28
2023-05-22/2023-05-28,柯文哲,L1-06,0.3101669419016358,2023-05-22,2023-05-22/2023-05-28
2023-05-22/2023-05-28,柯文哲,L1-07,0.1476835862550148,2023-05-22,2023-05-22/2023-05-28
2023-05-22/2023-05-28,赖清德,L1-01,0.0644138397567638,2023-05-22,2023-05-22/2023-05-28
2023-05-22/2023-05-28,赖清德,L1-02,0.10460148750546878,2023-05-22,2023-05-22/2023-05-28
2023-05-22/2023-05-28,赖清德,L1-03,0.3007421307561035,2023-05-22,2023-05-22/2023-05-28
2023-05-22/2023-05-28,赖清德,L1-04,0.11087784420199352,2023-05-22,2023-05-22/2023-05-28
2023-05-22/2023-05-28,赖清德,L1-05,0.0031397174254317113,2023-05-22,2023-05-22/2023-05-28
2023-05-22/2023-05-28,赖清德,L1-06,0.28895105751422046,2023-05-22,2023-05-22/2023-05-28
2023-05-22/2023-05-28,赖清德,L1-07,0.12727392284001812,2023-05-22,2023-05-22/2023-05-28
2023-05-29/2023-06-04,侯友宜,L1-01,0.030612244897959183,2023-05-29,2023-05-29/2023-06-04
2023-05-29/2023-06-04,侯友宜,L1-02,0.024860853432282004,2023-05-29,2023-05-29/2023-06-04
2023-05-29/2023-06-04,侯友宜,L1-03,0.12430426716141003,2023-05-29,2023-05-29/2023-06-04
2023-05-29/2023-06-04,侯友宜,L1-04,0.05408163265306122,2023-05-29,2023-05-29/2023-06-04
2023-05-29/2023-06-04,侯友宜,L1-05,0.0,2023-05-29,2023-05-29/2023-06-04
2023-05-29/2023-06-04,侯友宜,L1-06,0.3091931877646163,2023-05-29,2023-05-29/2023-06-04
2023-05-29/2023-06-04,侯友宜,L1-07,0.11000903858046716,2023-05-29,2023-05-29/2023-06-04
2023-05-29/2023-06-04,柯文哲,L1-01,0.008699272812573305,2023-05-29,2023-05-29/2023-06-04
2023-05-29/2023-06-04,柯文哲,L1-02,0.0940247199043821,2023-05-29,2023-05-29/2023-06-04
2023-05-29/2023-06-04,柯文哲,L1-03,0.34665895915016254,2023-05-29,2023-05-29/2023-06-04
2023-05-29/2023-06-04,柯文哲,L1-04,0.019274153010958077,2023-05-29,2023-05-29/2023-06-04
2023-05-29/2023-06-04,柯文哲,L1-05,0.023749483372987944,2023-05-29,2023-05-29/2023-06-04
2023-05-29/2023-06-04,柯文哲,L1-06,0.3552809333914189,2023-05-29,2023-05-29/2023-06-04
2023-05-29/2023-06-04,柯文哲,L1-07,0.11149615182690478,2023-05-29,2023-05-29/2023-06-04
2023-05-29/2023-06-04,赖清德,L1-01,0.004851724239479341,2023-05-29,2023-05-29/2023-06-04
2023-05-29/2023-06-04,赖清德,L1-02,0.05497835497835498,2023-05-29,2023-05-29/2023-06-04
2023-05-29/2023-06-04,赖清德,L1-03,0.19889938659446463,2023-05-29,2023-05-29/2023-06-04
2023-05-29/2023-06-04,赖清德,L1-04,0.13567123819224658,2023-05-29,2023-05-29/2023-06-04
2023-05-29/2023-06-04,赖清德,L1-05,0.0,2023-05-29,2023-05-29/2023-06-04
2023-05-29/2023-06-04,赖清德,L1-06,0.33201341142517615,2023-05-29,2023-05-29/2023-06-04
2023-05-29/2023-06-04,赖清德,L1-07,0.23276955803966606,2023-05-29,2023-05-29/2023-06-04
2023-06-05/2023-06-11,侯友宜,L1-01,0.07142857142857142,2023-06-05,2023-06-05/2023-06-11
2023-06-05/2023-06-11,侯友宜,L1-02,0.05705009276437848,2023-06-05,2023-06-05/2023-06-11
2023-06-05/2023-06-11,侯友宜,L1-03,0.053336081907510484,2023-06-05,2023-06-05/2023-06-11
2023-06-05/2023-06-11,侯友宜,L1-04,0.14348072562358277,2023-06-05,2023-06-05/2023-06-11
2023-06-05/2023-06-11,侯友宜,L1-05,0.0,2023-06-05,2023-06-05/2023-06-11
2023-06-05/2023-06-11,侯友宜,L1-06,0.14740193668765095,2023-06-05,2023-06-05/2023-06-11
2023-06-05/2023-06-11,侯友宜,L1-07,0.24158830587402016,2023-06-05,2023-06-05/2023-06-11
2023-06-05/2023-06-11,柯文哲,L1-01,0.02365313941668622,2023-06-05,2023-06-05/2023-06-11
2023-06-05/2023-06-11,柯文哲,L1-02,0.018151759882935107,2023-06-05,2023-06-05/2023-06-11
2023-06-05/2023-06-11,柯文哲,L1-03,0.28601867676463033,2023-06-05,2023-06-05/2023-06-11
2023-06-05/2023-06-11,柯文哲,L1-04,0.0998506732145015,2023-06-05,2023-06-05/2023-06-11
2023-06-05/2023-06-11,柯文哲,L1-05,0.01604057057962758,2023-06-05,2023-06-05/2023-06-11
2023-06-05/2023-06-11,柯文哲,L1-06,0.2926294207786114,2023-06-05,2023-06-05/2023-06-11
2023-06-05/2023-06-11,柯文哲,L1-07,0.16161494303647714,2023-06-05,2023-06-05/2023-06-11
2023-06-05/2023-06-11,赖清德,L1-01,0.04523367788673911,2023-06-05,2023-06-05/2023-06-11
2023-06-05/2023-06-11,赖清德,L1-02,0.14251518789333917,2023-06-05,2023-06-05/2023-06-11
2023-06-05/2023-06-11,赖清德,L1-03,0.17108843537414967,2023-06-05,2023-06-05/2023-06-11
2023-06-05/2023-06-11,赖清德,L1-04,0.15415127089796954,2023-06-05,2023-06-05/2023-06-11
2023-06-05/2023-06-11,赖清德,L1-05,0.007202881152460984,2023-06-05,2023-06-05/2023-06-11
2023-06-05/2023-06-11,赖清德,L1-06,0.23396995161701042,2023-06-05,2023-06-05/2023-06-11
2023-06-05/2023-06-11,赖清德,L1-07,0.1029814523211882,2023-06-05,2023-06-05/2023-06-11
2023-06-12/2023-06-18,侯友宜,L1-01,0.006176154672395274,2023-06-12,2023-06-12/2023-06-18
2023-06-12/2023-06-18,侯友宜,L1-02,0.14285714285714285,2023-06-12,2023-06-12/2023-06-18
2023-06-12/2023-06-18,侯友宜,L1-03,0.10178621156064767,2023-06-12,2023-06-12/2023-06-18
2023-06-12/2023-06-18,侯友宜,L1-04,0.1443310657596372,2023-06-12,2023-06-12/2023-06-18
2023-06-12/2023-06-18,侯友宜,L1-05,0.0010741138560687433,2023-06-12,2023-06-12/2023-06-18
2023-06-12/2023-06-18,侯友宜,L1-06,0.14116612392659653,2023-06-12,2023-06-12/2023-06-18
2023-06-12/2023-06-18,侯友宜,L1-07,0.27893571797975664,2023-06-12,2023-06-12/2023-06-18
2023-06-12/2023-06-18,柯文哲,L1-01,0.0281444099378882,2023-06-12,2023-06-12/2023-06-18
2023-06-12/2023-06-18,柯文哲,L1-02,0.01221759606852774,2023-06-12,2023-06-12/2023-06-18
2023-06-12/2023-06-18,柯文哲,L1-03,0.23790321073484338,2023-06-12,2023-06-12/2023-06-18
2023-06-12/2023-06-18,柯文哲,L1-04,0.1352151250110434,2023-06-12,2023-06-12/2023-06-18
2023-06-12/2023-06-18,柯文哲,L1-05,0.05282217782217783,2023-06-12,2023-06-12/2023-06-18
2023-06-12/2023-06-18,柯文哲,L1-06,0.31576899143447495,2023-06-12,2023-06-12/2023-06-18
2023-06-12/2023-06-18,柯文哲,L1-07,0.21792848899104442,2023-06-12,2023-06-12/2023-06-18
2023-06-12/2023-06-18,赖清德,L1-01,0.033968912240220764,2023-06-12,2023-06-12/2023-06-18
2023-06-12/2023-06-18,赖清德,L1-02,0.06377846913413253,2023-06-12,2023-06-12/2023-06-18
2023-06-12/2023-06-18,赖清德,L1-03,0.13910860118695367,2023-06-12,2023-06-12/2023-06-18
2023-06-12/2023-06-18,赖清德,L1-04,0.2348807055289648,2023-06-12,2023-06-12/2023-06-18
2023-06-12/2023-06-18,赖清德,L1-05,0.011651280230402019,2023-06-12,2023-06-12/2023-06-18
2023-06-12/2023-06-18,赖清德,L1-06,0.23534381742453703,2023-06-12,2023-06-12/2023-06-18
2023-06-12/2023-06-18,赖清德,L1-07,0.17922739792825856,2023-06-12,2023-06-12/2023-06-18
2023-06-19/2023-06-25,侯友宜,L1-01,0.02907919148520652,2023-06-19,2023-06-19/2023-06-25
2023-06-19/2023-06-25,侯友宜,L1-02,0.11496205657696341,2023-06-19,2023-06-19/2023-06-25
2023-06-19/2023-06-25,侯友宜,L1-03,0.12327727171980664,2023-06-19,2023-06-19/2023-06-25
2023-06-19/2023-06-25,侯友宜,L1-04,0.0015698587127158557,2023-06-19,2023-06-19/2023-06-25
2023-06-19/2023-06-25,侯友宜,L1-05,0.006444683136412459,2023-06-19,2023-06-19/2023-06-25
2023-06-19/2023-06-25,侯友宜,L1-06,0.2942803679505683,2023-06-19,2023-06-19/2023-06-25
2023-06-19/2023-06-25,侯友宜,L1-07,0.287529427561184,2023-06-19,2023-06-19/2023-06-25
2023-06-19/2023-06-25,柯文哲,L1-01,0.0559911444740754,2023-06-19,2023-06-19/2023-06-25
2023-06-19/2023-06-25,柯文哲,L1-02,0.052772037190848185,2023-06-19,2023-06-19/2023-06-25
2023-06-19/2023-06-25,柯文哲,L1-03,0.27277875543718727,2023-06-19,2023-06-19/2023-06-25
2023-06-19/2023-06-25,柯文哲,L1-04,0.23389749884916372,2023-06-19,2023-06-19/2023-06-25
2023-06-19/2023-06-25,柯文哲,L1-05,0.027174254317111467,2023-06-19,2023-06-19/2023-06-25
2023-06-19/2023-06-25,柯文哲,L1-06,0.22311961423902765,2023-06-19,2023-06-19/2023-06-25
2023-06-19/2023-06-25,柯文哲,L1-07,0.13426669549258627,2023-06-19,2023-06-19/2023-06-25
2023-06-19/2023-06-25,赖清德,L1-01,0.04854305358507039,2023-06-19,2023-06-19/2023-06-25
2023-06-19/2023-06-25,赖清德,L1-02,0.059851123548010754,2023-06-19,2023-06-19/2023-06-25
2023-06-19/2023-06-25,赖清德,L1-03,0.2215357974175586,2023-06-19,2023-06-19/2023-06-25
2023-06-19/2023-06-25,赖清德,L1-04,0.06635017643421001,2023-06-19,2023-06-19/2023-06-25
2023-06-19/2023-06-25,赖清德,L1-05,0.024639503688799462,2023-06-19,2023-06-19/2023-06-25
2023-06-19/2023-06-25,赖清德,L1-06,0.289001381602577,2023-06-19,2023-06-19/2023-06-25
2023-06-19/2023-06-25,赖清德,L1-07,0.16762998413193703,2023-06-19,2023-06-19/2023-06-25
2023-06-26/2023-07-02,侯友宜,L1-01,0.021933621933621934,2023-06-26,2023-06-26/2023-07-02
2023-06-26/2023-07-02,侯友宜,L1-02,0.09102533077688357,2023-06-26,2023-06-26/2023-07-02
2023-06-26/2023-07-02,侯友宜,L1-03,0.07894690343669934,2023-06-26,2023-06-26/2023-07-02
2023-06-26/2023-07-02,侯友宜,L1-04,0.016221873364730507,2023-06-26,2023-06-26/2023-07-02
2023-06-26/2023-07-02,侯友宜,L1-05,0.0,2023-06-26,2023-06-26/2023-07-02
2023-06-26/2023-07-02,侯友宜,L1-06,0.38049756612312063,2023-06-26,2023-06-26/2023-07-02
2023-06-26/2023-07-02,侯友宜,L1-07,0.20729307171188274,2023-06-26,2023-06-26/2023-07-02
2023-06-26/2023-07-02,柯文哲,L1-01,0.10771391277298904,2023-06-26,2023-06-26/2023-07-02
2023-06-26/2023-07-02,柯文哲,L1-02,0.06923403127484759,2023-06-26,2023-06-26/2023-07-02
2023-06-26/2023-07-02,柯文哲,L1-03,0.1516404218767269,2023-06-26,2023-06-26/2023-07-02
2023-06-26/2023-07-02,柯文哲,L1-04,0.13095868924010706,2023-06-26,2023-06-26/2023-07-02
2023-06-26/2023-07-02,柯文哲,L1-05,0.01922553636839352,2023-06-26,2023-06-26/2023-07-02
2023-06-26/2023-07-02,柯文哲,L1-06,0.32723615865710737,2023-06-26,2023-06-26/2023-07-02
2023-06-26/2023-07-02,柯文哲,L1-07,0.19399124980982846,2023-06-26,2023-06-26/2023-07-02
2023-06-26/2023-07-02,赖清德,L1-01,0.10760156531602276,2023-06-26,2023-06-26/2023-07-02
2023-06-26/2023-07-02,赖清德,L1-02,0.05411335208570232,2023-06-26,2023-06-26/2023-07-02
2023-06-26/2023-07-02,赖清德,L1-03,0.14775465658841452,2023-06-26,2023-06-26/2023-07-02
2023-06-26/2023-07-02,赖清德,L1-04,0.033118764053589565,2023-06-26,2023-06-26/2023-07-02
2023-06-26/2023-07-02,赖清德,L1-05,0.029362576199310896,2023-06-26,2023-06-26/2023-07-02
2023-06-26/2023-07-02,赖清德,L1-06,0.22384187455787763,2023-06-26,2023-06-26/2023-07-02
2023-06-26/2023-07-02,赖清德,L1-07,0.2409419050766333,2023-06-26,2023-06-26/2023-07-02
2023-07-03/2023-07-09,侯友宜,L1-01,0.03741496598639455,2023-07-03,2023-07-03/2023-07-09
2023-07-03/2023-07-09,侯友宜,L1-02,0.12550247371675943,2023-07-03,2023-07-03/2023-07-09
2023-07-03/2023-07-09,侯友宜,L1-03,0.24572805312601229,2023-07-03,2023-07-03/2023-07-09
2023-07-03/2023-07-09,侯友宜,L1-04,0.012471655328798185,2023-07-03,2023-07-03/2023-07-09
2023-07-03/2023-07-09,侯友宜,L1-05,0.01020408163265306,2023-07-03,2023-07-03/2023-07-09
2023-07-03/2023-07-09,侯友宜,L1-06,0.2960702137998056,2023-07-03,2023-07-03/2023-07-09
2023-07-03/2023-07-09,侯友宜,L1-07,0.19097590334835232,2023-07-03,2023-07-03/2023-07-09
2023-07-03/2023-07-09,柯文哲,L1-01,0.1510795706242363,2023-07-03,2023-07-03/2023-07-09
2023-07-03/2023-07-09,柯文哲,L1-02,0.029931972789115645,2023-07-03,2023-07-03/2023-07-09
2023-07-03/2023-07-09,柯文哲,L1-03,0.26865816560738004,2023-07-03,2023-07-03/2023-07-09
2023-07-03/2023-07-09,柯文哲,L1-04,0.14401760704281713,2023-07-03,2023-07-03/2023-07-09
2023-07-03/2023-07-09,柯文哲,L1-05,0.03978915981108163,2023-07-03,2023-07-03/2023-07-09
2023-07-03/2023-07-09,柯文哲,L1-06,0.2928741714616584,2023-07-03,2023-07-03/2023-07-09
2023-07-03/2023-07-09,柯文哲,L1-07,0.07364935266371082,2023-07-03,2023-07-03/2023-07-09
2023-07-03/2023-07-09,赖清德,L1-01,0.09209743789647715,2023-07-03,2023-07-03/2023-07-09
2023-07-03/2023-07-09,赖清德,L1-02,0.013373531230674088,2023-07-03,2023-07-03/2023-07-09
2023-07-03/2023-07-09,赖清德,L1-03,0.24871996819996414,2023-07-03,2023-07-03/2023-07-09
2023-07-03/2023-07-09,赖清德,L1-04,0.06153586390681225,2023-07-03,2023-07-03/2023-07-09
2023-07-03/2023-07-09,赖清德,L1-05,0.0697917636693147,2023-07-03,2023-07-03/2023-07-09
2023-07-03/2023-07-09,赖清德,L1-06,0.34276462698843646,2023-07-03,2023-07-03/2023-07-09
2023-07-03/2023-07-09,赖清德,L1-07,0.130900481577709,2023-07-03,2023-07-03/2023-07-09
2023-07-10/2023-07-16,侯友宜,L1-01,0.06632653061224489,2023-07-10,2023-07-10/2023-07-16
2023-07-10/2023-07-16,侯友宜,L1-02,0.1646420472951085,2023-07-10,2023-07-10/2023-07-16
2023-07-10/2023-07-16,侯友宜,L1-03,0.048234531908001296,2023-07-10,2023-07-10/2023-07-16
2023-07-10/2023-07-16,侯友宜,L1-04,0.005264010366051182,2023-07-10,2023-07-10/2023-07-16
2023-07-10/2023-07-16,侯友宜,L1-05,0.006802721088435374,2023-07-10,2023-07-10/2023-07-16
2023-07-10/2023-07-16,侯友宜,L1-06,0.28556851311953346,2023-07-10,2023-07-10/2023-07-16
2023-07-10/2023-07-16,侯友宜,L1-07,0.19867184969225787,2023-07-10,2023-07-10/2023-07-16
2023-07-10/2023-07-16,柯文哲,L1-01,0.05995731625983726,2023-07-10,2023-07-10/2023-07-16
2023-07-10/2023-07-16,柯文哲,L1-02,0.0722943722943723,2023-07-10,2023-07-10/2023-07-16
2023-07-10/2023-07-16,柯文哲,L1-03,0.10811097166139182,2023-07-10,2023-07-10/2023-07-16
2023-07-10/2023-07-16,柯文哲,L1-04,0.2116773982320201,2023-07-10,2023-07-10/2023-07-16
2023-07-10/2023-07-16,柯文哲,L1-05,0.03453381352541017,2023-07-10,2023-07-10/2023-07-16
2023-07-10/2023-07-16,柯文哲,L1-06,0.2701157735821601,2023-07-10,2023-07-10/2023-07-16
2023-07-10/2023-07-16,柯文哲,L1-07,0.24331035444480817,2023-07-10,2023-07-10/2023-07-16
2023-07-10/2023-07-16,赖清德,L1-01,0.03922906852870443,2023-07-10,2023-07-10/2023-07-16
2023-07-10/2023-07-16,赖清德,L1-02,0.06818232787620543,2023-07-10,2023-07-10/2023-07-16
2023-07-10/2023-07-16,赖清德,L1-03,0.19644006931781116,2023-07-10,2023-07-10/2023-07-16
2023-07-10/2023-07-16,赖清德,L1-04,0.15848030331823845,2023-07-10,2023-07-10/2023-07-16
2023-07-10/2023-07-16,赖清德,L1-05,0.002561745418888276,2023-07-10,2023-07-10/2023-07-16
2023-07-10/2023-07-16,赖清德,L1-06,0.262227304870899,2023-07-10,2023-07-10/2023-07-16
2023-07-10/2023-07-16,赖清德,L1-07,0.17083836434272262,2023-07-10,2023-07-10/2023-07-16
2023-07-17/2023-07-23,侯友宜,L1-01,0.18367346938775508,2023-07-17,2023-07-17/2023-07-23
2023-07-17/2023-07-23,侯友宜,L1-02,0.036559766763848416,2023-07-17,2023-07-17/2023-07-23
2023-07-17/2023-07-23,侯友宜,L1-03,0.005714285714285714,2023-07-17,2023-07-17/2023-07-23
2023-07-17/2023-07-23,侯友宜,L1-04,0.005189504373177842,2023-07-17,2023-07-17/2023-07-23
2023-07-17/2023-07-23,侯友宜,L1-05,0.030612244897959183,2023-07-17,2023-07-17/2023-07-23
2023-07-17/2023-07-23,侯友宜,L1-06,0.11661807580174924,2023-07-17,2023-07-17/2023-07-23
2023-07-17/2023-07-23,侯友宜,L1-07,0.05020408163265306,2023-07-17,2023-07-17/2023-07-23
2023-07-17/2023-07-23,柯文哲,L1-01,0.008658008658008658,2023-07-17,2023-07-17/2023-07-23
2023-07-17/2023-07-23,柯文哲,L1-02,0.056400742115027824,2023-07-17,2023-07-17/2023-07-23
2023-07-17/2023-07-23,柯文哲,L1-03,0.14419815773199232,2023-07-17,2023-07-17/2023-07-23
2023-07-17/2023-07-23,柯文哲,L1-04,0.06303339517625231,2023-07-17,2023-07-17/2023-07-23
2023-07-17/2023-07-23,柯文哲,L1-05,0.09165120593692024,2023-07-17,2023-07-17/2023-07-23
2023-07-17/2023-07-23,柯文哲,L1-06,0.33915470494417865,2023-07-17,2023-07-17/2023-07-23
2023-07-17/2023-07-23,柯文哲,L1-07,0.25608745890700774,2023-07-17,2023-07-17/2023-07-23
2023-07-17/2023-07-23,赖清德,L1-01,0.10232302218364935,2023-07-17,2023-07-17/2023-07-23
2023-07-17/2023-07-23,赖清德,L1-02,0.11556038121493573,2023-07-17,2023-07-17/2023-07-23
2023-07-17/2023-07-23,赖清德,L1-03,0.3245839590787326,2023-07-17,2023-07-17/2023-07-23
2023-07-17/2023-07-23,赖清德,L1-04,0.06978146569983301,2023-07-17,2023-07-17/2023-07-23
2023-07-17/2023-07-23,赖清德,L1-05,0.0054421768707483,2023-07-17,2023-07-17/2023-07-23
2023-07-17/2023-07-23,赖清德,L1-06,0.1969017625812051,2023-07-17,2023-07-17/2023-07-23
2023-07-17/2023-07-23,赖清德,L1-07,0.1854072323708959,2023-07-17,2023-07-17/2023-07-23
2023-07-24/2023-07-30,侯友宜,L1-01,0.04081632653061224,2023-07-24,2023-07-24/2023-07-30
2023-07-24/2023-07-30,侯友宜,L1-02,0.014693877551020421,2023-07-24,2023-07-24/2023-07-30
2023-07-24/2023-07-30,侯友宜,L1-03,0.07918367346938775,2023-07-24,2023-07-24/2023-07-30
2023-07-24/2023-07-30,侯友宜,L1-04,0.00489795918367347,2023-07-24,2023-07-24/2023-07-30
2023-07-24/2023-07-30,侯友宜,L1-05,0.0,2023-07-24,2023-07-24/2023-07-30
2023-07-24/2023-07-30,侯友宜,L1-06,0.09591836734693873,2023-07-24,2023-07-24/2023-07-30
2023-07-24/2023-07-30,侯友宜,L1-07,0.2542857142857143,2023-07-24,2023-07-24/2023-07-30
2023-07-24/2023-07-30,柯文哲,L1-01,0.03830211738375004,2023-07-24,2023-07-24/2023-07-30
2023-07-24/2023-07-30,柯文哲,L1-02,0.12178490443796565,2023-07-24,2023-07-24/2023-07-30
2023-07-24/2023-07-30,柯文哲,L1-03,0.07869864054074581,2023-07-24,2023-07-24/2023-07-30
2023-07-24/2023-07-30,柯文哲,L1-04,0.03450834879406309,2023-07-24,2023-07-24/2023-07-30
2023-07-24/2023-07-30,柯文哲,L1-05,0.04095547309833025,2023-07-24,2023-07-24/2023-07-30
2023-07-24/2023-07-30,柯文哲,L1-06,0.41378023754500654,2023-07-24,2023-07-24/2023-07-30
2023-07-24/2023-07-30,柯文哲,L1-07,0.16992946187360794,2023-07-24,2023-07-24/2023-07-30
2023-07-24/2023-07-30,赖清德,L1-01,0.05947047808670506,2023-07-24,2023-07-24/2023-07-30
2023-07-24/2023-07-30,赖清德,L1-02,0.0757729728881286,2023-07-24,2023-07-24/2023-07-30
2023-07-24/2023-07-30,赖清德,L1-03,0.1962664268159107,2023-07-24,2023-07-24/2023-07-30
2023-07-24/2023-07-30,赖清德,L1-04,0.1590549645562955,2023-07-24,2023-07-24/2023-07-30
2023-07-24/2023-07-30,赖清德,L1-05,0.004081632653061225,2023-07-24,2023-07-24/2023-07-30
2023-07-24/2023-07-30,赖清德,L1-06,0.13550549244437618,2023-07-24,2023-07-24/2023-07-30
2023-07-24/2023-07-30,赖清德,L1-07,0.24739905296368603,2023-07-24,2023-07-24/2023-07-30
2023-07-31/2023-08-06,侯友宜,L1-01,0.026967930029154517,2023-07-31,2023-07-31/2023-08-06
2023-07-31/2023-08-06,侯友宜,L1-02,0.0,2023-07-31,2023-07-31/2023-08-06
2023-07-31/2023-08-06,侯友宜,L1-03,0.19601554907677357,2023-07-31,2023-07-31/2023-08-06
2023-07-31/2023-08-06,侯友宜,L1-04,0.014625850340136054,2023-07-31,2023-07-31/2023-08-06
2023-07-31/2023-08-06,侯友宜,L1-05,0.0,2023-07-31,2023-07-31/2023-08-06
2023-07-31/2023-08-06,侯友宜,L1-06,0.12298347910592804,2023-07-31,2023-07-31/2023-08-06
2023-07-31/2023-08-06,侯友宜,L1-07,0.14961127308066086,2023-07-31,2023-07-31/2023-08-06
2023-07-31/2023-08-06,柯文哲,L1-01,0.04740848720440557,2023-07-31,2023-07-31/2023-08-06
2023-07-31/2023-08-06,柯文哲,L1-02,0.09219171795702408,2023-07-31,2023-07-31/2023-08-06
2023-07-31/2023-08-06,柯文哲,L1-03,0.22966472303207,2023-07-31,2023-07-31/2023-08-06
2023-07-31/2023-08-06,柯文哲,L1-04,0.05179786200194364,2023-07-31,2023-07-31/2023-08-06
2023-07-31/2023-08-06,柯文哲,L1-05,0.057883867832847435,2023-07-31,2023-07-31/2023-08-06
2023-07-31/2023-08-06,柯文哲,L1-06,0.4207570113182358,2023-07-31,2023-07-31/2023-08-06
2023-07-31/2023-08-06,柯文哲,L1-07,0.10029633065347347,2023-07-31,2023-07-31/2023-08-06
2023-07-31/2023-08-06,赖清德,L1-01,0.09981842361004553,2023-07-31,2023-07-31/2023-08-06
2023-07-31/2023-08-06,赖清德,L1-02,0.11033320323879796,2023-07-31,2023-07-31/2023-08-06
2023-07-31/2023-08-06,赖清德,L1-03,0.24640273784134994,2023-07-31,2023-07-31/2023-08-06
2023-07-31/2023-08-06,赖清德,L1-04,0.09268865931465753,2023-07-31,2023-07-31/2023-08-06
2023-07-31/2023-08-06,赖清德,L1-05,0.018796992481203006,2023-07-31,2023-07-31/2023-08-06
2023-07-31/2023-08-06,赖清德,L1-06,0.27664826255226943,2023-07-31,2023-07-31/2023-08-06
2023-07-31/2023-08-06,赖清德,L1-07,0.13490355769637047,2023-07-31,2023-07-31/2023-08-06
2023-08-07/2023-08-13,侯友宜,L1-01,0.06838354389374798,2023-08-07,2023-08-07/2023-08-13
2023-08-07/2023-08-13,侯友宜,L1-02,0.04346328274899706,2023-08-07,2023-08-07/2023-08-13
2023-08-07/2023-08-13,侯友宜,L1-03,0.32431848197154317,2023-08-07,2023-08-07/2023-08-13
2023-08-07/2023-08-13,侯友宜,L1-04,0.02346938775510204,2023-08-07,2023-08-07/2023-08-13
2023-08-07/2023-08-13,侯友宜,L1-05,0.0,2023-08-07,2023-08-07/2023-08-13
2023-08-07/2023-08-13,侯友宜,L1-06,0.18579028681069493,2023-08-07,2023-08-07/2023-08-13
2023-08-07/2023-08-13,侯友宜,L1-07,0.23212603722807804,2023-08-07,2023-08-07/2023-08-13
2023-08-07/2023-08-13,柯文哲,L1-01,0.06611477844840755,2023-08-07,2023-08-07/2023-08-13
2023-08-07/2023-08-13,柯文哲,L1-02,0.049025176243454864,2023-08-07,2023-08-07/2023-08-13
2023-08-07/2023-08-13,柯文哲,L1-03,0.16166624413740655,2023-08-07,2023-08-07/2023-08-13
2023-08-07/2023-08-13,柯文哲,L1-04,0.06117906790045212,2023-08-07,2023-08-07/2023-08-13
2023-08-07/2023-08-13,柯文哲,L1-05,0.03774538386783285,2023-08-07,2023-08-07/2023-08-13
2023-08-07/2023-08-13,柯文哲,L1-06,0.3551392514613455,2023-08-07,2023-08-07/2023-08-13
2023-08-07/2023-08-13,柯文哲,L1-07,0.2691300979411006,2023-08-07,2023-08-07/2023-08-13
2023-08-07/2023-08-13,赖清德,L1-01,0.05995921008997177,2023-08-07,2023-08-07/2023-08-13
2023-08-07/2023-08-13,赖清德,L1-02,0.06243907694136526,2023-08-07,2023-08-07/2023-08-13
2023-08-07/2023-08-13,赖清德,L1-03,0.2682264785811697,2023-08-07,2023-08-07/2023-08-13
2023-08-07/2023-08-13,赖清德,L1-04,0.10402382296792233,2023-08-07,2023-08-07/2023-08-13
2023-08-07/2023-08-13,赖清德,L1-05,0.006444683136412459,2023-08-07,2023-08-07/2023-08-13
2023-08-07/2023-08-13,赖清德,L1-06,0.3231138137147337,2023-08-07,2023-08-07/2023-08-13
2023-08-07/2023-08-13,赖清德,L1-07,0.17579291456842475,2023-08-07,2023-08-07/2023-08-13
2023-08-14/2023-08-20,侯友宜,L1-01,0.20895691609977327,2023-08-14,2023-08-14/2023-08-20
2023-08-14/2023-08-20,侯友宜,L1-02,0.03719693005407293,2023-08-14,2023-08-14/2023-08-20
2023-08-14/2023-08-20,侯友宜,L1-03,0.36406767835339265,2023-08-14,2023-08-14/2023-08-20
2023-08-14/2023-08-20,侯友宜,L1-04,0.0,2023-08-14,2023-08-14/2023-08-20
2023-08-14/2023-08-20,侯友宜,L1-05,0.0,2023-08-14,2023-08-14/2023-08-20
2023-08-14/2023-08-20,侯友宜,L1-06,0.1524158381301238,2023-08-14,2023-08-14/2023-08-20
2023-08-14/2023-08-20,侯友宜,L1-07,0.19654631083202512,2023-08-14,2023-08-14/2023-08-20
2023-08-14/2023-08-20,柯文哲,L1-01,0.18650266248925543,2023-08-14,2023-08-14/2023-08-20
2023-08-14/2023-08-20,柯文哲,L1-02,0.07375881261315285,2023-08-14,2023-08-14/2023-08-20
2023-08-14/2023-08-20,柯文哲,L1-03,0.19740667289978,2023-08-14,2023-08-14/2023-08-20
2023-08-14/2023-08-20,柯文哲,L1-04,0.035952298793913706,2023-08-14,2023-08-14/2023-08-20
2023-08-14/2023-08-20,柯文哲,L1-05,0.046785714285714285,2023-08-14,2023-08-14/2023-08-20
2023-08-14/2023-08-20,柯文哲,L1-06,0.2604280602580103,2023-08-14,2023-08-14/2023-08-20
2023-08-14/2023-08-20,柯文哲,L1-07,0.09712496233364279,2023-08-14,2023-08-14/2023-08-20
2023-08-14/2023-08-20,赖清德,L1-01,0.02437968377502913,2023-08-14,2023-08-14/2023-08-20
2023-08-14/2023-08-20,赖清德,L1-02,0.031520343426352536,2023-08-14,2023-08-14/2023-08-20
2023-08-14/2023-08-20,赖清德,L1-03,0.48705509314457046,2023-08-14,2023-08-14/2023-08-20
2023-08-14/2023-08-20,赖清德,L1-04,0.06171705924243369,2023-08-14,2023-08-14/2023-08-20
2023-08-14/2023-08-20,赖清德,L1-05,0.0,2023-08-14,2023-08-14/2023-08-20
2023-08-14/2023-08-20,赖清德,L1-06,0.1897628510541846,2023-08-14,2023-08-14/2023-08-20
2023-08-14/2023-08-20,赖清德,L1-07,0.2055649693574296,2023-08-14,2023-08-14/2023-08-20
2023-08-21/2023-08-27,侯友宜,L1-01,0.07551020408163267,2023-08-21,2023-08-21/2023-08-27
2023-08-21/2023-08-27,侯友宜,L1-02,0.16938775510204082,2023-08-21,2023-08-21/2023-08-27
2023-08-21/2023-08-27,侯友宜,L1-03,0.1489795918367347,2023-08-21,2023-08-21/2023-08-27
2023-08-21/2023-08-27,侯友宜,L1-04,0.0,2023-08-21,2023-08-21/2023-08-27
2023-08-21/2023-08-27,侯友宜,L1-05,0.0,2023-08-21,2023-08-21/2023-08-27
2023-08-21/2023-08-27,侯友宜,L1-06,0.10204081632653059,2023-08-21,2023-08-21/2023-08-27
2023-08-21/2023-08-27,侯友宜,L1-07,0.09591836734693877,2023-08-21,2023-08-21/2023-08-27
2023-08-21/2023-08-27,柯文哲,L1-01,0.07637577541379996,2023-08-21,2023-08-21/2023-08-27
2023-08-21/2023-08-27,柯文哲,L1-02,0.059154501097821374,2023-08-21,2023-08-21/2023-08-27
2023-08-21/2023-08-27,柯文哲,L1-03,0.2939518288329075,2023-08-21,2023-08-21/2023-08-27
2023-08-21/2023-08-27,柯文哲,L1-04,0.020466607811328315,2023-08-21,2023-08-21/2023-08-27
2023-08-21/2023-08-27,柯文哲,L1-05,0.0017006802721088448,2023-08-21,2023-08-21/2023-08-27
2023-08-21/2023-08-27,柯文哲,L1-06,0.3096823040592383,2023-08-21,2023-08-21/2023-08-27
2023-08-21/2023-08-27,柯文哲,L1-07,0.15703564945157125,2023-08-21,2023-08-21/2023-08-27
2023-08-21/2023-08-27,赖清德,L1-01,0.06865190111841313,2023-08-21,2023-08-21/2023-08-27
2023-08-21/2023-08-27,赖清德,L1-02,0.04992564952903199,2023-08-21,2023-08-21/2023-08-27
2023-08-21/2023-08-27,赖清德,L1-03,0.2731710105976049,2023-08-21,2023-08-21/2023-08-27
2023-08-21/2023-08-27,赖清德,L1-04,0.17686141053963436,2023-08-21,2023-08-21/2023-08-27
2023-08-21/2023-08-27,赖清德,L1-05,0.005363683935112507,2023-08-21,2023-08-21/2023-08-27
2023-08-21/2023-08-27,赖清德,L1-06,0.30567377803816204,2023-08-21,2023-08-21/2023-08-27
2023-08-21/2023-08-27,赖清德,L1-07,0.12035256624204112,2023-08-21,2023-08-21/2023-08-27
2023-08-28/2023-09-03,侯友宜,L1-01,0.012698412698412704,2023-08-28,2023-08-28/2023-09-03
2023-08-28/2023-09-03,侯友宜,L1-02,0.08329931972789117,2023-08-28,2023-08-28/2023-09-03
2023-08-28/2023-09-03,侯友宜,L1-03,0.13918367346938773,2023-08-28,2023-08-28/2023-09-03
2023-08-28/2023-09-03,侯友宜,L1-04,0.011904761904761904,2023-08-28,2023-08-28/2023-09-03
2023-08-28/2023-09-03,侯友宜,L1-05,0.0,2023-08-28,2023-08-28/2023-09-03
2023-08-28/2023-09-03,侯友宜,L1-06,0.1944784580498866,2023-08-28,2023-08-28/2023-09-03
2023-08-28/2023-09-03,侯友宜,L1-07,0.23190476190476192,2023-08-28,2023-08-28/2023-09-03
2023-08-28/2023-09-03,柯文哲,L1-01,0.06857659804964954,2023-08-28,2023-08-28/2023-09-03
2023-08-28/2023-09-03,柯文哲,L1-02,0.06358664313554545,2023-08-28,2023-08-28/2023-09-03
2023-08-28/2023-09-03,柯文哲,L1-03,0.2314912296679478,2023-08-28,2023-08-28/2023-09-03
2023-08-28/2023-09-03,柯文哲,L1-04,0.031127935044985743,2023-08-28,2023-08-28/2023-09-03
2023-08-28/2023-09-03,柯文哲,L1-05,0.011740179942944929,2023-08-28,2023-08-28/2023-09-03
2023-08-28/2023-09-03,柯文哲,L1-06,0.3604265662112644,2023-08-28,2023-08-28/2023-09-03
2023-08-28/2023-09-03,柯文哲,L1-07,0.1310100316211316,2023-08-28,2023-08-28/2023-09-03
2023-08-28/2023-09-03,赖清德,L1-01,0.06573011889051349,2023-08-28,2023-08-28/2023-09-03
2023-08-28/2023-09-03,赖清德,L1-02,0.06095845381559666,2023-08-28,2023-08-28/2023-09-03
2023-08-28/2023-09-03,赖清德,L1-03,0.25448243804107895,2023-08-28,2023-08-28/2023-09-03
2023-08-28/2023-09-03,赖清德,L1-04,0.12972758972028245,2023-08-28,2023-08-28/2023-09-03
2023-08-28/2023-09-03,赖清德,L1-05,0.08548594262879976,2023-08-28,2023-08-28/2023-09-03
2023-08-28/2023-09-03,赖清德,L1-06,0.22447428194596625,2023-08-28,2023-08-28/2023-09-03
2023-08-28/2023-09-03,赖清德,L1-07,0.17914117495776244,2023-08-28,2023-08-28/2023-09-03
2023-09-04/2023-09-10,侯友宜,L1-01,0.17006802721088435,2023-09-04,2023-09-04/2023-09-10
2023-09-04/2023-09-10,侯友宜,L1-02,0.040816326530612256,2023-09-04,2023-09-04/2023-09-10
2023-09-04/2023-09-10,侯友宜,L1-03,0.06632653061224489,2023-09-04,2023-09-04/2023-09-10
2023-09-04/2023-09-10,侯友宜,L1-04,0.0,2023-09-04,2023-09-04/2023-09-10
2023-09-04/2023-09-10,侯友宜,L1-05,0.0,2023-09-04,2023-09-04/2023-09-10
2023-09-04/2023-09-10,侯友宜,L1-06,0.06462585034013603,2023-09-04,2023-09-04/2023-09-10
2023-09-04/2023-09-10,侯友宜,L1-07,0.1479591836734694,2023-09-04,2023-09-04/2023-09-10
2023-09-04/2023-09-10,柯文哲,L1-01,0.05325814536340852,2023-09-04,2023-09-04/2023-09-10
2023-09-04/2023-09-10,柯文哲,L1-02,0.10231694290443648,2023-09-04,2023-09-04/2023-09-10
2023-09-04/2023-09-10,柯文哲,L1-03,0.22549191301234456,2023-09-04,2023-09-04/2023-09-10
2023-09-04/2023-09-10,柯文哲,L1-04,0.036711677152063846,2023-09-04,2023-09-04/2023-09-10
2023-09-04/2023-09-10,柯文哲,L1-05,0.015549076773566572,2023-09-04,2023-09-04/2023-09-10
2023-09-04/2023-09-10,柯文哲,L1-06,0.3600606440680228,2023-09-04,2023-09-04/2023-09-10
2023-09-04/2023-09-10,柯文哲,L1-07,0.14538711093023893,2023-09-04,2023-09-04/2023-09-10
2023-09-04/2023-09-10,赖清德,L1-01,0.030403835121705337,2023-09-04,2023-09-04/2023-09-10
2023-09-04/2023-09-10,赖清德,L1-02,0.017083965281362693,2023-09-04,2023-09-04/2023-09-10
2023-09-04/2023-09-10,赖清德,L1-03,0.32281457196044816,2023-09-04,2023-09-04/2023-09-10
2023-09-04/2023-09-10,赖清德,L1-04,0.10865225279262367,2023-09-04,2023-09-04/2023-09-10
2023-09-04/2023-09-10,赖清德,L1-05,0.026417252898089136,2023-09-04,2023-09-04/2023-09-10
2023-09-04/2023-09-10,赖清德,L1-06,0.2378559606995532,2023-09-04,2023-09-04/2023-09-10
2023-09-04/2023-09-10,赖清德,L1-07,0.134323181654381,2023-09-04,2023-09-04/2023-09-10
2023-09-11/2023-09-17,侯友宜,L1-01,0.08233638282899367,2023-09-11,2023-09-11/2023-09-17
2023-09-11/2023-09-17,侯友宜,L1-02,0.024513253577293004,2023-09-11,2023-09-11/2023-09-17
2023-09-11/2023-09-17,侯友宜,L1-03,0.1730087646343804,2023-09-11,2023-09-11/2023-09-17
2023-09-11/2023-09-17,侯友宜,L1-04,0.0,2023-09-11,2023-09-11/2023-09-17
2023-09-11/2023-09-17,侯友宜,L1-05,0.0,2023-09-11,2023-09-11/2023-09-17
2023-09-11/2023-09-17,侯友宜,L1-06,0.2060776661761883,2023-09-11,2023-09-11/2023-09-17
2023-09-11/2023-09-17,侯友宜,L1-07,0.1467169940076344,2023-09-11,2023-09-11/2023-09-17
2023-09-11/2023-09-17,柯文哲,L1-01,0.014380489037720351,2023-09-11,2023-09-11/2023-09-17
2023-09-11/2023-09-17,柯文哲,L1-02,0.13986948162723736,2023-09-11,2023-09-11/2023-09-17
2023-09-11/2023-09-17,柯文哲,L1-03,0.09072356215213362,2023-09-11,2023-09-11/2023-09-17
2023-09-11/2023-09-17,柯文哲,L1-04,0.024749749523869706,2023-09-11,2023-09-11/2023-09-17
2023-09-11/2023-09-17,柯文哲,L1-05,0.01166180758017493,2023-09-11,2023-09-11/2023-09-17
2023-09-11/2023-09-17,柯文哲,L1-06,0.4270931065522587,2023-09-11,2023-09-11/2023-09-17
2023-09-11/2023-09-17,柯文哲,L1-07,0.20988915046538095,2023-09-11,2023-09-11/2023-09-17
2023-09-11/2023-09-17,赖清德,L1-01,0.08379248811457495,2023-09-11,2023-09-11/2023-09-17
2023-09-11/2023-09-17,赖清德,L1-02,0.04721735200651504,2023-09-11,2023-09-11/2023-09-17
2023-09-11/2023-09-17,赖清德,L1-03,0.24460270554350955,2023-09-11,2023-09-11/2023-09-17
2023-09-11/2023-09-17,赖清德,L1-04,0.09355854490664929,2023-09-11,2023-09-11/2023-09-17
2023-09-11/2023-09-17,赖清德,L1-05,0.04622935609079358,2023-09-11,2023-09-11/2023-09-17
2023-09-11/2023-09-17,赖清德,L1-06,0.3296425978518339,2023-09-11,2023-09-11/2023-09-17
2023-09-11/2023-09-17,赖清德,L1-07,0.1345487922208176,2023-09-11,2023-09-11/2023-09-17
2023-09-18/2023-09-24,侯友宜,L1-01,0.09698675708527925,2023-09-18,2023-09-18/2023-09-24
2023-09-18/2023-09-24,侯友宜,L1-02,0.11059219926215001,2023-09-18,2023-09-18/2023-09-24
2023-09-18/2023-09-24,侯友宜,L1-03,0.2674279743245261,2023-09-18,2023-09-18/2023-09-24
2023-09-18/2023-09-24,侯友宜,L1-04,0.021954236239950527,2023-09-18,2023-09-18/2023-09-24
2023-09-18/2023-09-24,侯友宜,L1-05,0.003401360544217687,2023-09-18,2023-09-18/2023-09-24
2023-09-18/2023-09-24,侯友宜,L1-06,0.17808628153455736,2023-09-18,2023-09-18/2023-09-24
2023-09-18/2023-09-24,侯友宜,L1-07,0.21951037468278847,2023-09-18,2023-09-18/2023-09-24
2023-09-18/2023-09-24,柯文哲,L1-01,0.09828067590672632,2023-09-18,2023-09-18/2023-09-24
2023-09-18/2023-09-24,柯文哲,L1-02,0.10000842442240056,2023-09-18,2023-09-18/2023-09-24
2023-09-18/2023-09-24,柯文哲,L1-03,0.06626306024802268,2023-09-18,2023-09-18/2023-09-24
2023-09-18/2023-09-24,柯文哲,L1-04,0.029288270332056273,2023-09-18,2023-09-18/2023-09-24
2023-09-18/2023-09-24,柯文哲,L1-05,0.007421150278293138,2023-09-18,2023-09-18/2023-09-24
2023-09-18/2023-09-24,柯文哲,L1-06,0.43140860012266474,2023-09-18,2023-09-18/2023-09-24
2023-09-18/2023-09-24,柯文哲,L1-07,0.206105328893918,2023-09-18,2023-09-18/2023-09-24
2023-09-18/2023-09-24,赖清德,L1-01,0.07576334782748187,2023-09-18,2023-09-18/2023-09-24
2023-09-18/2023-09-24,赖清德,L1-02,0.03760860987751742,2023-09-18,2023-09-18/2023-09-24
2023-09-18/2023-09-24,赖清德,L1-03,0.10152441543418989,2023-09-18,2023-09-18/2023-09-24
2023-09-18/2023-09-24,赖清德,L1-04,0.2144718918133728,2023-09-18,2023-09-18/2023-09-24
2023-09-18/2023-09-24,赖清德,L1-05,0.009893760724325509,2023-09-18,2023-09-18/2023-09-24
2023-09-18/2023-09-24,赖清德,L1-06,0.345425153164906,2023-09-18,2023-09-18/2023-09-24
2023-09-18/2023-09-24,赖清德,L1-07,0.21531282115820652,2023-09-18,2023-09-18/2023-09-24
2023-09-25/2023-10-01,侯友宜,L1-01,0.0398363371322555,2023-09-25,2023-09-25/2023-10-01
2023-09-25/2023-10-01,侯友宜,L1-02,0.050219984097535135,2023-09-25,2023-09-25/2023-10-01
2023-09-25/2023-10-01,侯友宜,L1-03,0.11923005565862708,2023-09-25,2023-09-25/2023-10-01
2023-09-25/2023-10-01,侯友宜,L1-04,0.07210773919957593,2023-09-25,2023-09-25/2023-10-01
2023-09-25/2023-10-01,侯友宜,L1-05,0.02040816326530612,2023-09-25,2023-09-25/2023-10-01
2023-09-25/2023-10-01,侯友宜,L1-06,0.1865677179962894,2023-09-25,2023-09-25/2023-10-01
2023-09-25/2023-10-01,侯友宜,L1-07,0.18509939040551288,2023-09-25,2023-09-25/2023-10-01
2023-09-25/2023-10-01,柯文哲,L1-01,0.17835282631201,2023-09-25,2023-09-25/2023-10-01
2023-09-25/2023-10-01,柯文哲,L1-02,0.02955944282474896,2023-09-25,2023-09-25/2023-10-01
2023-09-25/2023-10-01,柯文哲,L1-03,0.12712287712287715,2023-09-25,2023-09-25/2023-10-01
2023-09-25/2023-10-01,柯文哲,L1-04,0.0329313543599258,2023-09-25,2023-09-25/2023-10-01
2023-09-25/2023-10-01,柯文哲,L1-05,0.0686456400742115,2023-09-25,2023-09-25/2023-10-01
2023-09-25/2023-10-01,柯文哲,L1-06,0.19331971882992294,2023-09-25,2023-09-25/2023-10-01
2023-09-25/2023-10-01,柯文哲,L1-07,0.24761916088446698,2023-09-25,2023-09-25/2023-10-01
2023-09-25/2023-10-01,赖清德,L1-01,0.034315720722426266,2023-09-25,2023-09-25/2023-10-01
2023-09-25/2023-10-01,赖清德,L1-02,0.15134809025651075,2023-09-25,2023-09-25/2023-10-01
2023-09-25/2023-10-01,赖清德,L1-03,0.11062413687279425,2023-09-25,2023-09-25/2023-10-01
2023-09-25/2023-10-01,赖清德,L1-04,0.19444515917879698,2023-09-25,2023-09-25/2023-10-01
2023-09-25/2023-10-01,赖清德,L1-05,0.0033579758433985836,2023-09-25,2023-09-25/2023-10-01
2023-09-25/2023-10-01,赖清德,L1-06,0.3091640620704878,2023-09-25,2023-09-25/2023-10-01
2023-09-25/2023-10-01,赖清德,L1-07,0.15592852852497313,2023-09-25,2023-09-25/2023-10-01
2023-10-02/2023-10-08,侯友宜,L1-01,0.008549562682215742,2023-10-02,2023-10-02/2023-10-08
2023-10-02/2023-10-08,侯友宜,L1-02,0.03368075801749273,2023-10-02,2023-10-02/2023-10-08
2023-10-02/2023-10-08,侯友宜,L1-03,0.14938775510204083,2023-10-02,2023-10-02/2023-10-08
2023-10-02/2023-10-08,侯友宜,L1-04,0.006741982507288629,2023-10-02,2023-10-02/2023-10-08
2023-10-02/2023-10-08,侯友宜,L1-05,0.003826530612244898,2023-10-02,2023-10-02/2023-10-08
2023-10-02/2023-10-08,侯友宜,L1-06,0.1212998056365403,2023-10-02,2023-10-02/2023-10-08
2023-10-02/2023-10-08,侯友宜,L1-07,0.22753401360544218,2023-10-02,2023-10-02/2023-10-08
2023-10-02/2023-10-08,柯文哲,L1-01,0.08136761197985691,2023-10-02,2023-10-02/2023-10-08
2023-10-02/2023-10-08,柯文哲,L1-02,0.13909443370019206,2023-10-02,2023-10-02/2023-10-08
2023-10-02/2023-10-08,柯文哲,L1-03,0.11211092042105109,2023-10-02,2023-10-02/2023-10-08
2023-10-02/2023-10-08,柯文哲,L1-04,0.010363324831090964,2023-10-02,2023-10-02/2023-10-08
2023-10-02/2023-10-08,柯文哲,L1-05,0.04990723562152134,2023-10-02,2023-10-02/2023-10-08
2023-10-02/2023-10-08,柯文哲,L1-06,0.387467874861933,2023-10-02,2023-10-02/2023-10-08
2023-10-02/2023-10-08,柯文哲,L1-07,0.11764778225782417,2023-10-02,2023-10-02/2023-10-08
2023-10-02/2023-10-08,赖清德,L1-01,0.06972329482303398,2023-10-02,2023-10-02/2023-10-08
2023-10-02/2023-10-08,赖清德,L1-02,0.20451823819937978,2023-10-02,2023-10-02/2023-10-08
2023-10-02/2023-10-08,赖清德,L1-03,0.1751614012355151,2023-10-02,2023-10-02/2023-10-08
2023-10-02/2023-10-08,赖清德,L1-04,0.046398430478528686,2023-10-02,2023-10-02/2023-10-08
2023-10-02/2023-10-08,赖清德,L1-05,0.008486047480216575,2023-10-02,2023-10-02/2023-10-08
2023-10-02/2023-10-08,赖清德,L1-06,0.2845855103642429,2023-10-02,2023-10-02/2023-10-08
2023-10-02/2023-10-08,赖清德,L1-07,0.10908626109255233,2023-10-02,2023-10-02/2023-10-08
2023-10-09/2023-10-15,侯友宜,L1-01,0.00510204081632653,2023-10-09,2023-10-09/2023-10-15
2023-10-09/2023-10-15,侯友宜,L1-02,0.046428571428571444,2023-10-09,2023-10-09/2023-10-15
2023-10-09/2023-10-15,侯友宜,L1-03,0.0,2023-10-09,2023-10-09/2023-10-15
2023-10-09/2023-10-15,侯友宜,L1-04,0.011904761904761904,2023-10-09,2023-10-09/2023-10-15
2023-10-09/2023-10-15,侯友宜,L1-05,0.00510204081632653,2023-10-09,2023-10-09/2023-10-15
2023-10-09/2023-10-15,侯友宜,L1-06,0.19147230320699707,2023-10-09,2023-10-09/2023-10-15
2023-10-09/2023-10-15,侯友宜,L1-07,0.2501943634596696,2023-10-09,2023-10-09/2023-10-15
2023-10-09/2023-10-15,柯文哲,L1-01,0.01208315494029783,2023-10-09,2023-10-09/2023-10-15
2023-10-09/2023-10-15,柯文哲,L1-02,0.05431674262564941,2023-10-09,2023-10-09/2023-10-15
2023-10-09/2023-10-15,柯文哲,L1-03,0.15367963411717048,2023-10-09,2023-10-09/2023-10-15
2023-10-09/2023-10-15,柯文哲,L1-04,0.04398075687431011,2023-10-09,2023-10-09/2023-10-15
2023-10-09/2023-10-15,柯文哲,L1-05,0.010229498392763704,2023-10-09,2023-10-09/2023-10-15
2023-10-09/2023-10-15,柯文哲,L1-06,0.5151590217704864,2023-10-09,2023-10-09/2023-10-15
2023-10-09/2023-10-15,柯文哲,L1-07,0.21055119127932212,2023-10-09,2023-10-09/2023-10-15
2023-10-09/2023-10-15,赖清德,L1-01,0.0800403461532215,2023-10-09,2023-10-09/2023-10-15
2023-10-09/2023-10-15,赖清德,L1-02,0.04671823590237636,2023-10-09,2023-10-09/2023-10-15
2023-10-09/2023-10-15,赖清德,L1-03,0.23104614661963005,2023-10-09,2023-10-09/2023-10-15
2023-10-09/2023-10-15,赖清德,L1-04,0.05691202273652187,2023-10-09,2023-10-09/2023-10-15
2023-10-09/2023-10-15,赖清德,L1-05,0.0022182786157941433,2023-10-09,2023-10-09/2023-10-15
2023-10-09/2023-10-15,赖清德,L1-06,0.27660571339528045,2023-10-09,2023-10-09/2023-10-15
2023-10-09/2023-10-15,赖清德,L1-07,0.16360211372003272,2023-10-09,2023-10-09/2023-10-15
2023-10-16/2023-10-22,侯友宜,L1-01,0.00510204081632653,2023-10-16,2023-10-16/2023-10-22
2023-10-16/2023-10-22,侯友宜,L1-02,0.057823129251700696,2023-10-16,2023-10-16/2023-10-22
2023-10-16/2023-10-22,侯友宜,L1-03,0.025510204081632657,2023-10-16,2023-10-16/2023-10-22
2023-10-16/2023-10-22,侯友宜,L1-04,0.04081632653061224,2023-10-16,2023-10-16/2023-10-22
2023-10-16/2023-10-22,侯友宜,L1-05,0.0,2023-10-16,2023-10-16/2023-10-22
2023-10-16/2023-10-22,侯友宜,L1-06,0.10034013605442173,2023-10-16,2023-10-16/2023-10-22
2023-10-16/2023-10-22,侯友宜,L1-07,0.42346938775510207,2023-10-16,2023-10-16/2023-10-22
2023-10-16/2023-10-22,柯文哲,L1-01,0.02386185243328104,2023-10-16,2023-10-16/2023-10-22
2023-10-16/2023-10-22,柯文哲,L1-02,0.04890404976334086,2023-10-16,2023-10-16/2023-10-22
2023-10-16/2023-10-22,柯文哲,L1-03,0.20431666883063235,2023-10-16,2023-10-16/2023-10-22
2023-10-16/2023-10-22,柯文哲,L1-04,0.07227925583188742,2023-10-16,2023-10-16/2023-10-22
2023-10-16/2023-10-22,柯文哲,L1-05,0.015920491967752987,2023-10-16,2023-10-16/2023-10-22
2023-10-16/2023-10-22,柯文哲,L1-06,0.4058277070226587,2023-10-16,2023-10-16/2023-10-22
2023-10-16/2023-10-22,柯文哲,L1-07,0.22888997415044673,2023-10-16,2023-10-16/2023-10-22
2023-10-16/2023-10-22,赖清德,L1-01,0.13476741988066884,2023-10-16,2023-10-16/2023-10-22
2023-10-16/2023-10-22,赖清德,L1-02,0.05337772114403131,2023-10-16,2023-10-16/2023-10-22
2023-10-16/2023-10-22,赖清德,L1-03,0.21812439261418856,2023-10-16,2023-10-16/2023-10-22
2023-10-16/2023-10-22,赖清德,L1-04,0.045138000280203615,2023-10-16,2023-10-16/2023-10-22
2023-10-16/2023-10-22,赖清德,L1-05,0.007417923691215617,2023-10-16,2023-10-16/2023-10-22
2023-10-16/2023-10-22,赖清德,L1-06,0.2783328107313537,2023-10-16,2023-10-16/2023-10-22
2023-10-16/2023-10-22,赖清德,L1-07,0.26284173165833835,2023-10-16,2023-10-16/2023-10-22
2023-10-23/2023-10-29,侯友宜,L1-01,0.022358943577430974,2023-10-23,2023-10-23/2023-10-29
2023-10-23/2023-10-29,侯友宜,L1-02,0.04422375010610306,2023-10-23,2023-10-23/2023-10-29
2023-10-23/2023-10-29,侯友宜,L1-03,0.07638964676779804,2023-10-23,2023-10-23/2023-10-29
2023-10-23/2023-10-29,侯友宜,L1-04,0.007202881152460984,2023-10-23,2023-10-23/2023-10-29
2023-10-23/2023-10-29,侯友宜,L1-05,0.0,2023-10-23,2023-10-23/2023-10-29
2023-10-23/2023-10-29,侯友宜,L1-06,0.21420537912134546,2023-10-23,2023-10-23/2023-10-29
2023-10-23/2023-10-29,侯友宜,L1-07,0.34990511356057574,2023-10-23,2023-10-23/2023-10-29
2023-10-23/2023-10-29,柯文哲,L1-01,0.03746448124328312,2023-10-23,2023-10-23/2023-10-29
2023-10-23/2023-10-29,柯文哲,L1-02,0.1040426459549302,2023-10-23,2023-10-23/2023-10-29
2023-10-23/2023-10-29,柯文哲,L1-03,0.0996131020191171,2023-10-23,2023-10-23/2023-10-29
2023-10-23/2023-10-29,柯文哲,L1-04,0.016373660330677713,2023-10-23,2023-10-23/2023-10-29
2023-10-23/2023-10-29,柯文哲,L1-05,0.014887368270826925,2023-10-23,2023-10-23/2023-10-29
2023-10-23/2023-10-29,柯文哲,L1-06,0.45105575608417564,2023-10-23,2023-10-23/2023-10-29
2023-10-23/2023-10-29,柯文哲,L1-07,0.2765629860969894,2023-10-23,2023-10-23/2023-10-29
2023-10-23/2023-10-29,赖清德,L1-01,0.09883820761605284,2023-10-23,2023-10-23/2023-10-29
2023-10-23/2023-10-29,赖清德,L1-02,0.03754678028997366,2023-10-23,2023-10-23/2023-10-29
2023-10-23/2023-10-29,赖清德,L1-03,0.1831951217884997,2023-10-23,2023-10-23/2023-10-29
2023-10-23/2023-10-29,赖清德,L1-04,0.08582165262312835,2023-10-23,2023-10-23/2023-10-29
2023-10-23/2023-10-29,赖清德,L1-05,0.03955944282474894,2023-10-23,2023-10-23/2023-10-29
2023-10-23/2023-10-29,赖清德,L1-06,0.20961165113315675,2023-10-23,2023-10-23/2023-10-29
2023-10-23/2023-10-29,赖清德,L1-07,0.2025700008672969,2023-10-23,2023-10-23/2023-10-29
2023-10-30/2023-11-05,侯友宜,L1-01,0.025417063377074965,2023-10-30,2023-10-30/2023-11-05
2023-10-30/2023-11-05,侯友宜,L1-02,0.014928855554761105,2023-10-30,2023-10-30/2023-11-05
2023-10-30/2023-11-05,侯友宜,L1-03,0.09682862776169066,2023-10-30,2023-10-30/2023-11-05
2023-10-30/2023-11-05,侯友宜,L1-04,0.020558223289315725,2023-10-30,2023-10-30/2023-11-05
2023-10-30/2023-11-05,侯友宜,L1-05,0.05926216640502354,2023-10-30,2023-10-30/2023-11-05
2023-10-30/2023-11-05,侯友宜,L1-06,0.3450043509084367,2023-10-30,2023-10-30/2023-11-05
2023-10-30/2023-11-05,侯友宜,L1-07,0.25432724331594225,2023-10-30,2023-10-30/2023-11-05
2023-10-30/2023-11-05,柯文哲,L1-01,0.04509183515974691,2023-10-30,2023-10-30/2023-11-05
2023-10-30/2023-11-05,柯文哲,L1-02,0.1300270289769761,2023-10-30,2023-10-30/2023-11-05
2023-10-30/2023-11-05,柯文哲,L1-03,0.06564050601086462,2023-10-30,2023-10-30/2023-11-05
2023-10-30/2023-11-05,柯文哲,L1-04,0.030420780081159487,2023-10-30,2023-10-30/2023-11-05
2023-10-30/2023-11-05,柯文哲,L1-05,0.022001290634831017,2023-10-30,2023-10-30/2023-11-05
2023-10-30/2023-11-05,柯文哲,L1-06,0.4553407433948949,2023-10-30,2023-10-30/2023-11-05
2023-10-30/2023-11-05,柯文哲,L1-07,0.2514778157415271,2023-10-30,2023-10-30/2023-11-05
2023-10-30/2023-11-05,赖清德,L1-01,0.02084403555472532,2023-10-30,2023-10-30/2023-11-05
2023-10-30/2023-11-05,赖清德,L1-02,0.16644477208994088,2023-10-30,2023-10-30/2023-11-05
2023-10-30/2023-11-05,赖清德,L1-03,0.16036635510693328,2023-10-30,2023-10-30/2023-11-05
2023-10-30/2023-11-05,赖清德,L1-04,0.05173341517057951,2023-10-30,2023-10-30/2023-11-05
2023-10-30/2023-11-05,赖清德,L1-05,0.03780747343069297,2023-10-30,2023-10-30/2023-11-05
2023-10-30/2023-11-05,赖清德,L1-06,0.15760305822230822,2023-10-30,2023-10-30/2023-11-05
2023-10-30/2023-11-05,赖清德,L1-07,0.4052008904248198,2023-10-30,2023-10-30/2023-11-05
2023-11-06/2023-11-12,侯友宜,L1-01,0.001055594651653765,2023-11-06,2023-11-06/2023-11-12
2023-11-06/2023-11-12,侯友宜,L1-02,0.060861962339794864,2023-11-06,2023-11-06/2023-11-12
2023-11-06/2023-11-12,侯友宜,L1-03,0.14343948334096118,2023-11-06,2023-11-06/2023-11-12
2023-11-06/2023-11-12,侯友宜,L1-04,0.22835497835497834,2023-11-06,2023-11-06/2023-11-12
2023-11-06/2023-11-12,侯友宜,L1-05,0.030112744398458683,2023-11-06,2023-11-06/2023-11-12
2023-11-06/2023-11-12,侯友宜,L1-06,0.20814202218143102,2023-11-06,2023-11-06/2023-11-12
2023-11-06/2023-11-12,侯友宜,L1-07,0.30762505146741603,2023-11-06,2023-11-06/2023-11-12
2023-11-06/2023-11-12,柯文哲,L1-01,0.054951408753947925,2023-11-06,2023-11-06/2023-11-12
2023-11-06/2023-11-12,柯文哲,L1-02,0.11427920342776746,2023-11-06,2023-11-06/2023-11-12
2023-11-06/2023-11-12,柯文哲,L1-03,0.08061614567114718,2023-11-06,2023-11-06/2023-11-12
2023-11-06/2023-11-12,柯文哲,L1-04,0.030941497996614314,2023-11-06,2023-11-06/2023-11-12
2023-11-06/2023-11-12,柯文哲,L1-05,0.005596938444917278,2023-11-06,2023-11-06/2023-11-12
2023-11-06/2023-11-12,柯文哲,L1-06,0.4184267482613648,2023-11-06,2023-11-06/2023-11-12
2023-11-06/2023-11-12,柯文哲,L1-07,0.2951880574442412,2023-11-06,2023-11-06/2023-11-12
2023-11-06/2023-11-12,赖清德,L1-01,0.06124345714679745,2023-11-06,2023-11-06/2023-11-12
2023-11-06/2023-11-12,赖清德,L1-02,0.2031348072528663,2023-11-06,2023-11-06/2023-11-12
2023-11-06/2023-11-12,赖清德,L1-03,0.1865711509894649,2023-11-06,2023-11-06/2023-11-12
2023-11-06/2023-11-12,赖清德,L1-04,0.05932981505172351,2023-11-06,2023-11-06/2023-11-12
2023-11-06/2023-11-12,赖清德,L1-05,0.0026619343389529724,2023-11-06,2023-11-06/2023-11-12
2023-11-06/2023-11-12,赖清德,L1-06,0.17903235295262748,2023-11-06,2023-11-06/2023-11-12
2023-11-06/2023-11-12,赖清德,L1-07,0.24680199247164897,2023-11-06,2023-11-06/2023-11-12
2023-11-13/2023-11-19,侯友宜,L1-01,0.021768707482993196,2023-11-13,2023-11-13/2023-11-19
2023-11-13/2023-11-19,侯友宜,L1-02,0.043413729128014854,2023-11-13,2023-11-13/2023-11-19
2023-11-13/2023-11-19,侯友宜,L1-03,0.0756545042259328,2023-11-13,2023-11-13/2023-11-19
2023-11-13/2023-11-19,侯友宜,L1-04,0.06411049268192125,2023-11-13,2023-11-13/2023-11-19
2023-11-13/2023-11-19,侯友宜,L1-05,0.019294990723562156,2023-11-13,2023-11-13/2023-11-19
2023-11-13/2023-11-19,侯友宜,L1-06,0.5446093588950731,2023-11-13,2023-11-13/2023-11-19
2023-11-13/2023-11-19,侯友宜,L1-07,0.2311482168625026,2023-11-13,2023-11-13/2023-11-19
2023-11-13/2023-11-19,柯文哲,L1-01,0.026328052027872972,2023-11-13,2023-11-13/2023-11-19
2023-11-13/2023-11-19,柯文哲,L1-02,0.11543251694794136,2023-11-13,2023-11-13/2023-11-19
2023-11-13/2023-11-19,柯文哲,L1-03,0.142109168960253,2023-11-13,2023-11-13/2023-11-19
2023-11-13/2023-11-19,柯文哲,L1-04,0.004896647183463561,2023-11-13,2023-11-13/2023-11-19
2023-11-13/2023-11-19,柯文哲,L1-05,0.0003345600535296103,2023-11-13,2023-11-13/2023-11-19
2023-11-13/2023-11-19,柯文哲,L1-06,0.4790936969716836,2023-11-13,2023-11-13/2023-11-19
2023-11-13/2023-11-19,柯文哲,L1-07,0.23180535785525608,2023-11-13,2023-11-13/2023-11-19
2023-11-13/2023-11-19,赖清德,L1-01,0.06149429898606989,2023-11-13,2023-11-13/2023-11-19
2023-11-13/2023-11-19,赖清德,L1-02,0.04276557670757454,2023-11-13,2023-11-13/2023-11-19
2023-11-13/2023-11-19,赖清德,L1-03,0.17966377835232,2023-11-13,2023-11-13/2023-11-19
2023-11-13/2023-11-19,赖清德,L1-04,0.08116247542116362,2023-11-13,2023-11-13/2023-11-19
2023-11-13/2023-11-19,赖清德,L1-05,0.0,2023-11-13,2023-11-13/2023-11-19
2023-11-13/2023-11-19,赖清德,L1-06,0.18741261279634863,2023-11-13,2023-11-13/2023-11-19
2023-11-13/2023-11-19,赖清德,L1-07,0.22301146181815598,2023-11-13,2023-11-13/2023-11-19
2023-11-20/2023-11-26,侯友宜,L1-01,0.02113378684807256,2023-11-20,2023-11-20/2023-11-26
2023-11-20/2023-11-26,侯友宜,L1-02,0.048830331097063515,2023-11-20,2023-11-20/2023-11-26
2023-11-20/2023-11-26,侯友宜,L1-03,0.028845085687190963,2023-11-20,2023-11-20/2023-11-26
2023-11-20/2023-11-26,侯友宜,L1-04,0.014157014157014158,2023-11-20,2023-11-20/2023-11-26
2023-11-20/2023-11-26,侯友宜,L1-05,0.0013605442176870747,2023-11-20,2023-11-20/2023-11-26
2023-11-20/2023-11-26,侯友宜,L1-06,0.5188555883452962,2023-11-20,2023-11-20/2023-11-26
2023-11-20/2023-11-26,侯友宜,L1-07,0.36681764964767555,2023-11-20,2023-11-20/2023-11-26
2023-11-20/2023-11-26,柯文哲,L1-01,0.038228913252876404,2023-11-20,2023-11-20/2023-11-26
2023-11-20/2023-11-26,柯文哲,L1-02,0.06185158359187527,2023-11-20,2023-11-20/2023-11-26
2023-11-20/2023-11-26,柯文哲,L1-03,0.11587500394411625,2023-11-20,2023-11-20/2023-11-26
2023-11-20/2023-11-26,柯文哲,L1-04,0.02401185506889069,2023-11-20,2023-11-20/2023-11-26
2023-11-20/2023-11-26,柯文哲,L1-05,0.008236151603498552,2023-11-20,2023-11-20/2023-11-26
2023-11-20/2023-11-26,柯文哲,L1-06,0.5253470563455073,2023-11-20,2023-11-20/2023-11-26
2023-11-20/2023-11-26,柯文哲,L1-07,0.22644943619323574,2023-11-20,2023-11-20/2023-11-26
2023-11-20/2023-11-26,赖清德,L1-01,0.028658845768480323,2023-11-20,2023-11-20/2023-11-26
2023-11-20/2023-11-26,赖清德,L1-02,0.037652723798903186,2023-11-20,2023-11-20/2023-11-26
2023-11-20/2023-11-26,赖清德,L1-03,0.2601171383065071,2023-11-20,2023-11-20/2023-11-26
2023-11-20/2023-11-26,赖清德,L1-04,0.02516833849059763,2023-11-20,2023-11-20/2023-11-26
2023-11-20/2023-11-26,赖清德,L1-05,0.0,2023-11-20,2023-11-20/2023-11-26
2023-11-20/2023-11-26,赖清德,L1-06,0.25179752141546163,2023-11-20,2023-11-20/2023-11-26
2023-11-20/2023-11-26,赖清德,L1-07,0.3966054322200501,2023-11-20,2023-11-20/2023-11-26
2023-11-27/2023-12-03,侯友宜,L1-01,0.06017465401429513,2023-11-27,2023-11-27/2023-12-03
2023-11-27/2023-12-03,侯友宜,L1-02,0.04719808487731535,2023-11-27,2023-11-27/2023-12-03
2023-11-27/2023-12-03,侯友宜,L1-03,0.194925240976293,2023-11-27,2023-11-27/2023-12-03
2023-11-27/2023-12-03,侯友宜,L1-04,0.013775156632299489,2023-11-27,2023-11-27/2023-12-03
2023-11-27/2023-12-03,侯友宜,L1-05,0.007849293563579279,2023-11-27,2023-11-27/2023-12-03
2023-11-27/2023-12-03,侯友宜,L1-06,0.39614765386786016,2023-11-27,2023-11-27/2023-12-03
2023-11-27/2023-12-03,侯友宜,L1-07,0.27992991606835765,2023-11-27,2023-11-27/2023-12-03
2023-11-27/2023-12-03,柯文哲,L1-01,0.057783957136022676,2023-11-27,2023-11-27/2023-12-03
2023-11-27/2023-12-03,柯文哲,L1-02,0.10094101121470032,2023-11-27,2023-11-27/2023-12-03
2023-11-27/2023-12-03,柯文哲,L1-03,0.1373596342451829,2023-11-27,2023-11-27/2023-12-03
2023-11-27/2023-12-03,柯文哲,L1-04,0.024621153464297798,2023-11-27,2023-11-27/2023-12-03
2023-11-27/2023-12-03,柯文哲,L1-05,0.009919209132345104,2023-11-27,2023-11-27/2023-12-03
2023-11-27/2023-12-03,柯文哲,L1-06,0.3710452699887112,2023-11-27,2023-11-27/2023-12-03
2023-11-27/2023-12-03,柯文哲,L1-07,0.2983297648187402,2023-11-27,2023-11-27/2023-12-03
2023-11-27/2023-12-03,赖清德,L1-01,0.06626710159611483,2023-11-27,2023-11-27/2023-12-03
2023-11-27/2023-12-03,赖清德,L1-02,0.03228105435198376,2023-11-27,2023-11-27/2023-12-03
2023-11-27/2023-12-03,赖清德,L1-03,0.15642659796711156,2023-11-27,2023-11-27/2023-12-03
2023-11-27/2023-12-03,赖清德,L1-04,0.07443520595116368,2023-11-27,2023-11-27/2023-12-03
2023-11-27/2023-12-03,赖清德,L1-05,0.006184291898577612,2023-11-27,2023-11-27/2023-12-03
2023-11-27/2023-12-03,赖清德,L1-06,0.4490842315145042,2023-11-27,2023-11-27/2023-12-03
2023-11-27/2023-12-03,赖清德,L1-07,0.2153215167205443,2023-11-27,2023-11-27/2023-12-03
2023-12-04/2023-12-10,侯友宜,L1-01,0.08233861818558855,2023-12-04,2023-12-04/2023-12-10
2023-12-04/2023-12-10,侯友宜,L1-02,0.10337818181060743,2023-12-04,2023-12-04/2023-12-10
2023-12-04/2023-12-10,侯友宜,L1-03,0.1770905559763208,2023-12-04,2023-12-04/2023-12-10
2023-12-04/2023-12-10,侯友宜,L1-04,0.022739165596308453,2023-12-04,2023-12-04/2023-12-10
2023-12-04/2023-12-10,侯友宜,L1-05,0.018069900024787245,2023-12-04,2023-12-04/2023-12-10
2023-12-04/2023-12-10,侯友宜,L1-06,0.25462369868290124,2023-12-04,2023-12-04/2023-12-10
2023-12-04/2023-12-10,侯友宜,L1-07,0.3417598797234862,2023-12-04,2023-12-04/2023-12-10
2023-12-04/2023-12-10,柯文哲,L1-01,0.06077962378052395,2023-12-04,2023-12-04/2023-12-10
2023-12-04/2023-12-10,柯文哲,L1-02,0.13493406892406154,2023-12-04,2023-12-04/2023-12-10
2023-12-04/2023-12-10,柯文哲,L1-03,0.1279020729123094,2023-12-04,2023-12-04/2023-12-10
2023-12-04/2023-12-10,柯文哲,L1-04,0.04339332678589898,2023-12-04,2023-12-04/2023-12-10
2023-12-04/2023-12-10,柯文哲,L1-05,0.006139695314745627,2023-12-04,2023-12-04/2023-12-10
2023-12-04/2023-12-10,柯文哲,L1-06,0.32804164398061075,2023-12-04,2023-12-04/2023-12-10
2023-12-04/2023-12-10,柯文哲,L1-07,0.29880956830184996,2023-12-04,2023-12-04/2023-12-10
2023-12-04/2023-12-10,赖清德,L1-01,0.04267595464314529,2023-12-04,2023-12-04/2023-12-10
2023-12-04/2023-12-10,赖清德,L1-02,0.15756747544057495,2023-12-04,2023-12-04/2023-12-10
2023-12-04/2023-12-10,赖清德,L1-03,0.16938105302884862,2023-12-04,2023-12-04/2023-12-10
2023-12-04/2023-12-10,赖清德,L1-04,0.035584755543063645,2023-12-04,2023-12-04/2023-12-10
2023-12-04/2023-12-10,赖清德,L1-05,0.01699978174230666,2023-12-04,2023-12-04/2023-12-10
2023-12-04/2023-12-10,赖清德,L1-06,0.2934115157362175,2023-12-04,2023-12-04/2023-12-10
2023-12-04/2023-12-10,赖清德,L1-07,0.28437946386584345,2023-12-04,2023-12-04/2023-12-10
2023-12-11/2023-12-17,侯友宜,L1-01,0.047089630556610806,2023-12-11,2023-12-11/2023-12-17
2023-12-11/2023-12-17,侯友宜,L1-02,0.09538554492163887,2023-12-11,2023-12-11/2023-12-17
2023-12-11/2023-12-17,侯友宜,L1-03,0.16439172917653602,2023-12-11,2023-12-11/2023-12-17
2023-12-11/2023-12-17,侯友宜,L1-04,0.032063665188966126,2023-12-11,2023-12-11/2023-12-17
2023-12-11/2023-12-17,侯友宜,L1-05,0.030354815931133573,2023-12-11,2023-12-11/2023-12-17
2023-12-11/2023-12-17,侯友宜,L1-06,0.3849788022637016,2023-12-11,2023-12-11/2023-12-17
2023-12-11/2023-12-17,侯友宜,L1-07,0.24573581196141295,2023-12-11,2023-12-11/2023-12-17
2023-12-11/2023-12-17,柯文哲,L1-01,0.037051624188455846,2023-12-11,2023-12-11/2023-12-17
2023-12-11/2023-12-17,柯文哲,L1-02,0.14515705676452942,2023-12-11,2023-12-11/2023-12-17
2023-12-11/2023-12-17,柯文哲,L1-03,0.11641994653784281,2023-12-11,2023-12-11/2023-12-17
2023-12-11/2023-12-17,柯文哲,L1-04,0.05331089071426339,2023-12-11,2023-12-11/2023-12-17
2023-12-11/2023-12-17,柯文哲,L1-05,0.009093497864261996,2023-12-11,2023-12-11/2023-12-17
2023-12-11/2023-12-17,柯文哲,L1-06,0.29327809282049433,2023-12-11,2023-12-11/2023-12-17
2023-12-11/2023-12-17,柯文哲,L1-07,0.3456888911101524,2023-12-11,2023-12-11/2023-12-17
2023-12-11/2023-12-17,赖清德,L1-01,0.05871993652605899,2023-12-11,2023-12-11/2023-12-17
2023-12-11/2023-12-17,赖清德,L1-02,0.15336168244331508,2023-12-11,2023-12-11/2023-12-17
2023-12-11/2023-12-17,赖清德,L1-03,0.12145317681031972,2023-12-11,2023-12-11/2023-12-17
2023-12-11/2023-12-17,赖清德,L1-04,0.09284337881276658,2023-12-11,2023-12-11/2023-12-17
2023-12-11/2023-12-17,赖清德,L1-05,0.02422143493572065,2023-12-11,2023-12-11/2023-12-17
2023-12-11/2023-12-17,赖清德,L1-06,0.2897594568512936,2023-12-11,2023-12-11/2023-12-17
2023-12-11/2023-12-17,赖清德,L1-07,0.2596409336205255,2023-12-11,2023-12-11/2023-12-17
2023-12-18/2023-12-24,侯友宜,L1-01,0.0466075204891093,2023-12-18,2023-12-18/2023-12-24
2023-12-18/2023-12-24,侯友宜,L1-02,0.10578831454536629,2023-12-18,2023-12-18/2023-12-24
2023-12-18/2023-12-24,侯友宜,L1-03,0.1867523900786669,2023-12-18,2023-12-18/2023-12-24
2023-12-18/2023-12-24,侯友宜,L1-04,0.024202795143658768,2023-12-18,2023-12-18/2023-12-24
2023-12-18/2023-12-24,侯友宜,L1-05,0.033715537854853275,2023-12-18,2023-12-18/2023-12-24
2023-12-18/2023-12-24,侯友宜,L1-06,0.3768045787309524,2023-12-18,2023-12-18/2023-12-24
2023-12-18/2023-12-24,侯友宜,L1-07,0.22612886315739306,2023-12-18,2023-12-18/2023-12-24
2023-12-18/2023-12-24,柯文哲,L1-01,0.059600855532749,2023-12-18,2023-12-18/2023-12-24
2023-12-18/2023-12-24,柯文哲,L1-02,0.12805731454912261,2023-12-18,2023-12-18/2023-12-24
2023-12-18/2023-12-24,柯文哲,L1-03,0.12493568897809033,2023-12-18,2023-12-18/2023-12-24
2023-12-18/2023-12-24,柯文哲,L1-04,0.04742714644794304,2023-12-18,2023-12-18/2023-12-24
2023-12-18/2023-12-24,柯文哲,L1-05,0.0023082261325384746,2023-12-18,2023-12-18/2023-12-24
2023-12-18/2023-12-24,柯文哲,L1-06,0.3788902426319091,2023-12-18,2023-12-18/2023-12-24
2023-12-18/2023-12-24,柯文哲,L1-07,0.25878052572764754,2023-12-18,2023-12-18/2023-12-24
2023-12-18/2023-12-24,赖清德,L1-01,0.04532778667650008,2023-12-18,2023-12-18/2023-12-24
2023-12-18/2023-12-24,赖清德,L1-02,0.1778554335342268,2023-12-18,2023-12-18/2023-12-24
2023-12-18/2023-12-24,赖清德,L1-03,0.17011128475192366,2023-12-18,2023-12-18/2023-12-24
2023-12-18/2023-12-24,赖清德,L1-04,0.04552441051997397,2023-12-18,2023-12-18/2023-12-24
2023-12-18/2023-12-24,赖清德,L1-05,0.020364211358000178,2023-12-18,2023-12-18/2023-12-24
2023-12-18/2023-12-24,赖清德,L1-06,0.353867930354177,2023-12-18,2023-12-18/2023-12-24
2023-12-18/2023-12-24,赖清德,L1-07,0.18694894280519833,2023-12-18,2023-12-18/2023-12-24
2023-12-25/2023-12-31,侯友宜,L1-01,0.07218370730454605,2023-12-25,2023-12-25/2023-12-31
2023-12-25/2023-12-31,侯友宜,L1-02,0.17407353189096564,2023-12-25,2023-12-25/2023-12-31
2023-12-25/2023-12-31,侯友宜,L1-03,0.1935731594862295,2023-12-25,2023-12-25/2023-12-31
2023-12-25/2023-12-31,侯友宜,L1-04,0.06080112878860417,2023-12-25,2023-12-25/2023-12-31
2023-12-25/2023-12-31,侯友宜,L1-05,0.01792845953318021,2023-12-25,2023-12-25/2023-12-31
2023-12-25/2023-12-31,侯友宜,L1-06,0.22542105252516123,2023-12-25,2023-12-25/2023-12-31
2023-12-25/2023-12-31,侯友宜,L1-07,0.25601896047131323,2023-12-25,2023-12-25/2023-12-31
2023-12-25/2023-12-31,柯文哲,L1-01,0.0702031645299699,2023-12-25,2023-12-25/2023-12-31
2023-12-25/2023-12-31,柯文哲,L1-02,0.17165295935858468,2023-12-25,2023-12-25/2023-12-31
2023-12-25/2023-12-31,柯文哲,L1-03,0.0802460352620751,2023-12-25,2023-12-25/2023-12-31
2023-12-25/2023-12-31,柯文哲,L1-04,0.06871226381619254,2023-12-25,2023-12-25/2023-12-31
2023-12-25/2023-12-31,柯文哲,L1-05,0.01095196711972563,2023-12-25,2023-12-25/2023-12-31
2023-12-25/2023-12-31,柯文哲,L1-06,0.30657735602018804,2023-12-25,2023-12-25/2023-12-31
2023-12-25/2023-12-31,柯文哲,L1-07,0.2916562538932642,2023-12-25,2023-12-25/2023-12-31
2023-12-25/2023-12-31,赖清德,L1-01,0.049732258092395634,2023-12-25,2023-12-25/2023-12-31
2023-12-25/2023-12-31,赖清德,L1-02,0.18312176033361766,2023-12-25,2023-12-25/2023-12-31
2023-12-25/2023-12-31,赖清德,L1-03,0.055881601761149265,2023-12-25,2023-12-25/2023-12-31
2023-12-25/2023-12-31,赖清德,L1-04,0.07741874941750602,2023-12-25,2023-12-25/2023-12-31
2023-12-25/2023-12-31,赖清德,L1-05,0.012098777257938748,2023-12-25,2023-12-25/2023-12-31
2023-12-25/2023-12-31,赖清德,L1-06,0.30074395813418253,2023-12-25,2023-12-25/2023-12-31
2023-12-25/2023-12-31,赖清德,L1-07,0.280186568472598,2023-12-25,2023-12-25/2023-12-31
2024-01-01/2024-01-07,侯友宜,L1-01,0.070903274135524,2024-01-01,2024-01-01/2024-01-07
2024-01-01/2024-01-07,侯友宜,L1-02,0.13219349349457746,2024-01-01,2024-01-01/2024-01-07
2024-01-01/2024-01-07,侯友宜,L1-03,0.1952831152382681,2024-01-01,2024-01-01/2024-01-07
2024-01-01/2024-01-07,侯友宜,L1-04,0.03864687693660688,2024-01-01,2024-01-01/2024-01-07
2024-01-01/2024-01-07,侯友宜,L1-05,0.005360811705343092,2024-01-01,2024-01-01/2024-01-07
2024-01-01/2024-01-07,侯友宜,L1-06,0.27484521570758985,2024-01-01,2024-01-01/2024-01-07
2024-01-01/2024-01-07,侯友宜,L1-07,0.28276721278209066,2024-01-01,2024-01-01/2024-01-07
2024-01-01/2024-01-07,柯文哲,L1-01,0.07953110276898044,2024-01-01,2024-01-01/2024-01-07
2024-01-01/2024-01-07,柯文哲,L1-02,0.15316477953086904,2024-01-01,2024-01-01/2024-01-07
2024-01-01/2024-01-07,柯文哲,L1-03,0.13393987100200963,2024-01-01,2024-01-01/2024-01-07
2024-01-01/2024-01-07,柯文哲,L1-04,0.04991546728441716,2024-01-01,2024-01-01/2024-01-07
2024-01-01/2024-01-07,柯文哲,L1-05,0.0065940199879401,2024-01-01,2024-01-01/2024-01-07
2024-01-01/2024-01-07,柯文哲,L1-06,0.31370583567017946,2024-01-01,2024-01-01/2024-01-07
2024-01-01/2024-01-07,柯文哲,L1-07,0.26314892375560434,2024-01-01,2024-01-01/2024-01-07
2024-01-01/2024-01-07,赖清德,L1-01,0.043788336487930284,2024-01-01,2024-01-01/2024-01-07
2024-01-01/2024-01-07,赖清德,L1-02,0.08890719799064607,2024-01-01,2024-01-01/2024-01-07
2024-01-01/2024-01-07,赖清德,L1-03,0.1157110879136429,2024-01-01,2024-01-01/2024-01-07
2024-01-01/2024-01-07,赖清德,L1-04,0.046428802700519405,2024-01-01,2024-01-01/2024-01-07
2024-01-01/2024-01-07,赖清德,L1-05,0.011400408266985086,2024-01-01,2024-01-01/2024-01-07
2024-01-01/2024-01-07,赖清德,L1-06,0.23909159452391535,2024-01-01,2024-01-01/2024-01-07
2024-01-01/2024-01-07,赖清德,L1-07,0.2709991027286059,2024-01-01,2024-01-01/2024-01-07
2024-01-08/2024-01-14,侯友宜,L1-01,0.03434096361727939,2024-01-08,2024-01-08/2024-01-14
2024-01-08/2024-01-14,侯友宜,L1-02,0.11217793289221863,2024-01-08,2024-01-08/2024-01-14
2024-01-08/2024-01-14,侯友宜,L1-03,0.2345693358945239,2024-01-08,2024-01-08/2024-01-14
2024-01-08/2024-01-14,侯友宜,L1-04,0.024990331306120783,2024-01-08,2024-01-08/2024-01-14
2024-01-08/2024-01-14,侯友宜,L1-05,0.013302304420725474,2024-01-08,2024-01-08/2024-01-14
2024-01-08/2024-01-14,侯友宜,L1-06,0.33267459857372134,2024-01-08,2024-01-08/2024-01-14
2024-01-08/2024-01-14,侯友宜,L1-07,0.24794453329541052,2024-01-08,2024-01-08/2024-01-14
2024-01-08/2024-01-14,柯文哲,L1-01,0.03024397180713718,2024-01-08,2024-01-08/2024-01-14
2024-01-08/2024-01-14,柯文哲,L1-02,0.15519767743528953,2024-01-08,2024-01-08/2024-01-14
2024-01-08/2024-01-14,柯文哲,L1-03,0.12186481160631876,2024-01-08,2024-01-08/2024-01-14
2024-01-08/2024-01-14,柯文哲,L1-04,0.02829599433840444,2024-01-08,2024-01-08/2024-01-14
2024-01-08/2024-01-14,柯文哲,L1-05,0.009227938550368483,2024-01-08,2024-01-08/2024-01-14
2024-01-08/2024-01-14,柯文哲,L1-06,0.3073175969055753,2024-01-08,2024-01-08/2024-01-14
2024-01-08/2024-01-14,柯文哲,L1-07,0.3274438460916004,2024-01-08,2024-01-08/2024-01-14
2024-01-08/2024-01-14,赖清德,L1-01,0.1085795739545397,2024-01-08,2024-01-08/2024-01-14
2024-01-08/2024-01-14,赖清德,L1-02,0.1355098912597414,2024-01-08,2024-01-08/2024-01-14
2024-01-08/2024-01-14,赖清德,L1-03,0.1407138386862851,2024-01-08,2024-01-08/2024-01-14
2024-01-08/2024-01-14,赖清德,L1-04,0.05100278152864578,2024-01-08,2024-01-08/2024-01-14
2024-01-08/2024-01-14,赖清德,L1-05,0.01973390578920439,2024-01-08,2024-01-08/2024-01-14
2024-01-08/2024-01-14,赖清德,L1-06,0.23006901787616257,2024-01-08,2024-01-08/2024-01-14
2024-01-08/2024-01-14,赖清德,L1-07,0.2327583378441967,2024-01-08,2024-01-08/2024-01-14
2024-01-15/2024-01-21,柯文哲,L1-01,0.006343825665859587,2024-01-15,2024-01-15/2024-01-21
2024-01-15/2024-01-21,柯文哲,L1-02,0.02591352642752017,2024-01-15,2024-01-15/2024-01-21
2024-01-15/2024-01-21,柯文哲,L1-03,0.04210401109596385,2024-01-15,2024-01-15/2024-01-21
2024-01-15/2024-01-21,柯文哲,L1-04,0.004530343210730627,2024-01-15,2024-01-15/2024-01-21
2024-01-15/2024-01-21,柯文哲,L1-05,0.002263549487591655,2024-01-15,2024-01-15/2024-01-21
2024-01-15/2024-01-21,柯文哲,L1-06,0.11311900183802338,2024-01-15,2024-01-15/2024-01-21
2024-01-15/2024-01-21,柯文哲,L1-07,0.11184819125390269,2024-01-15,2024-01-15/2024-01-21
2024-01-15/2024-01-21,赖清德,L1-01,0.03333337837036688,2024-01-15,2024-01-15/2024-01-21
2024-01-15/2024-01-21,赖清德,L1-02,0.018186056501660813,2024-01-15,2024-01-15/2024-01-21
2024-01-15/2024-01-21,赖清德,L1-03,0.02949411865473237,2024-01-15,2024-01-15/2024-01-21
2024-01-15/2024-01-21,赖清德,L1-04,0.014308503024687178,2024-01-15,2024-01-15/2024-01-21
2024-01-15/2024-01-21,赖清德,L1-05,0.0016407892060478675,2024-01-15,2024-01-15/2024-01-21
2024-01-15/2024-01-21,赖清德,L1-06,0.10069108099689392,2024-01-15,2024-01-15/2024-01-21
2024-01-15/2024-01-21,赖清德,L1-07,0.10846852222520285,2024-01-15,2024-01-15/2024-01-21
2024-01-22/2024-01-28,柯文哲,L1-01,0.0,2024-01-22,2024-01-22/2024-01-28
2024-01-22/2024-01-28,柯文哲,L1-02,0.0,2024-01-22,2024-01-22/2024-01-28
2024-01-22/2024-01-28,柯文哲,L1-03,0.0,2024-01-22,2024-01-22/2024-01-28
2024-01-22/2024-01-28,柯文哲,L1-04,0.0,2024-01-22,2024-01-22/2024-01-28
2024-01-22/2024-01-28,柯文哲,L1-05,0.0,2024-01-22,2024-01-22/2024-01-28
2024-01-22/2024-01-28,柯文哲,L1-06,0.0,2024-01-22,2024-01-22/2024-01-28
2024-01-22/2024-01-28,柯文哲,L1-07,0.0,2024-01-22,2024-01-22/2024-01-28
2024-01-22/2024-01-28,赖清德,L1-01,0.0,2024-01-22,2024-01-22/2024-01-28
2024-01-22/2024-01-28,赖清德,L1-02,0.0,2024-01-22,2024-01-22/2024-01-28
2024-01-22/2024-01-28,赖清德,L1-03,0.0,2024-01-22,2024-01-22/2024-01-28
2024-01-22/2024-01-28,赖清德,L1-04,0.0,2024-01-22,2024-01-22/2024-01-28
2024-01-22/2024-01-28,赖清德,L1-05,0.0,2024-01-22,2024-01-22/2024-01-28
2024-01-22/2024-01-28,赖清德,L1-06,0.0,2024-01-22,2024-01-22/2024-01-28
2024-01-22/2024-01-28,赖清德,L1-07,0.0,2024-01-22,2024-01-22/2024-01-28
2024-01-29/2024-02-04,柯文哲,L1-01,0.0,2024-01-29,2024-01-29/2024-02-04
2024-01-29/2024-02-04,柯文哲,L1-02,0.0,2024-01-29,2024-01-29/2024-02-04
2024-01-29/2024-02-04,柯文哲,L1-03,0.0,2024-01-29,2024-01-29/2024-02-04
2024-01-29/2024-02-04,柯文哲,L1-04,0.0,2024-01-29,2024-01-29/2024-02-04
2024-01-29/2024-02-04,柯文哲,L1-05,0.0,2024-01-29,2024-01-29/2024-02-04
2024-01-29/2024-02-04,柯文哲,L1-06,0.0,2024-01-29,2024-01-29/2024-02-04
2024-01-29/2024-02-04,柯文哲,L1-07,0.0,2024-01-29,2024-01-29/2024-02-04
2024-01-29/2024-02-04,赖清德,L1-01,0.0,2024-01-29,2024-01-29/2024-02-04
2024-01-29/2024-02-04,赖清德,L1-02,0.0,2024-01-29,2024-01-29/2024-02-04
2024-01-29/2024-02-04,赖清德,L1-03,0.0,2024-01-29,2024-01-29/2024-02-04
2024-01-29/2024-02-04,赖清德,L1-04,0.0,2024-01-29,2024-01-29/2024-02-04
2024-01-29/2024-02-04,赖清德,L1-05,0.0,2024-01-29,2024-01-29/2024-02-04
2024-01-29/2024-02-04,赖清德,L1-06,0.0,2024-01-29,2024-01-29/2024-02-04
2024-01-29/2024-02-04,赖清德,L1-07,0.0,2024-01-29,2024-01-29/2024-02-04
2024-02-05/2024-02-11,柯文哲,L1-01,0.0,2024-02-05,2024-02-05/2024-02-11
2024-02-05/2024-02-11,柯文哲,L1-02,0.0,2024-02-05,2024-02-05/2024-02-11
2024-02-05/2024-02-11,柯文哲,L1-03,0.0,2024-02-05,2024-02-05/2024-02-11
2024-02-05/2024-02-11,柯文哲,L1-04,0.0,2024-02-05,2024-02-05/2024-02-11
2024-02-05/2024-02-11,柯文哲,L1-05,0.0,2024-02-05,2024-02-05/2024-02-11
2024-02-05/2024-02-11,柯文哲,L1-06,0.0,2024-02-05,2024-02-05/2024-02-11
2024-02-05/2024-02-11,柯文哲,L1-07,0.0,2024-02-05,2024-02-05/2024-02-11
2024-02-05/2024-02-11,赖清德,L1-01,0.0,2024-02-05,2024-02-05/2024-02-11
2024-02-05/2024-02-11,赖清德,L1-02,0.0,2024-02-05,2024-02-05/2024-02-11
2024-02-05/2024-02-11,赖清德,L1-03,0.0,2024-02-05,2024-02-05/2024-02-11
2024-02-05/2024-02-11,赖清德,L1-04,0.0,2024-02-05,2024-02-05/2024-02-11
2024-02-05/2024-02-11,赖清德,L1-05,0.0,2024-02-05,2024-02-05/2024-02-11
2024-02-05/2024-02-11,赖清德,L1-06,0.0,2024-02-05,2024-02-05/2024-02-11
2024-02-05/2024-02-11,赖清德,L1-07,0.0,2024-02-05,2024-02-05/2024-02-11
2024-02-12/2024-02-18,柯文哲,L1-01,0.0,2024-02-12,2024-02-12/2024-02-18
2024-02-12/2024-02-18,柯文哲,L1-02,0.0,2024-02-12,2024-02-12/2024-02-18
2024-02-12/2024-02-18,柯文哲,L1-03,0.0,2024-02-12,2024-02-12/2024-02-18
2024-02-12/2024-02-18,柯文哲,L1-04,0.0,2024-02-12,2024-02-12/2024-02-18
2024-02-12/2024-02-18,柯文哲,L1-05,0.0,2024-02-12,2024-02-12/2024-02-18
2024-02-12/2024-02-18,柯文哲,L1-06,0.0,2024-02-12,2024-02-12/2024-02-18
2024-02-12/2024-02-18,柯文哲,L1-07,0.0,2024-02-12,2024-02-12/2024-02-18
2024-02-12/2024-02-18,赖清德,L1-01,0.0,2024-02-12,2024-02-12/2024-02-18
2024-02-12/2024-02-18,赖清德,L1-02,0.0,2024-02-12,2024-02-12/2024-02-18
2024-02-12/2024-02-18,赖清德,L1-03,0.0,2024-02-12,2024-02-12/2024-02-18
2024-02-12/2024-02-18,赖清德,L1-04,0.0,2024-02-12,2024-02-12/2024-02-18
2024-02-12/2024-02-18,赖清德,L1-05,0.0,2024-02-12,2024-02-12/2024-02-18
2024-02-12/2024-02-18,赖清德,L1-06,0.0,2024-02-12,2024-02-12/2024-02-18
2024-02-12/2024-02-18,赖清德,L1-07,0.0,2024-02-12,2024-02-12/2024-02-18
2024-02-19/2024-02-25,柯文哲,L1-01,0.0,2024-02-19,2024-02-19/2024-02-25
2024-02-19/2024-02-25,柯文哲,L1-02,0.0,2024-02-19,2024-02-19/2024-02-25
2024-02-19/2024-02-25,柯文哲,L1-03,0.0,2024-02-19,2024-02-19/2024-02-25
2024-02-19/2024-02-25,柯文哲,L1-04,0.0,2024-02-19,2024-02-19/2024-02-25
2024-02-19/2024-02-25,柯文哲,L1-05,0.0,2024-02-19,2024-02-19/2024-02-25
2024-02-19/2024-02-25,柯文哲,L1-06,0.0,2024-02-19,2024-02-19/2024-02-25
2024-02-19/2024-02-25,柯文哲,L1-07,0.0,2024-02-19,2024-02-19/2024-02-25
2024-02-19/2024-02-25,赖清德,L1-01,0.0,2024-02-19,2024-02-19/2024-02-25
2024-02-19/2024-02-25,赖清德,L1-02,0.0,2024-02-19,2024-02-19/2024-02-25
2024-02-19/2024-02-25,赖清德,L1-03,0.0,2024-02-19,2024-02-19/2024-02-25
2024-02-19/2024-02-25,赖清德,L1-04,0.0,2024-02-19,2024-02-19/2024-02-25
2024-02-19/2024-02-25,赖清德,L1-05,0.0,2024-02-19,2024-02-19/2024-02-25
2024-02-19/2024-02-25,赖清德,L1-06,0.0,2024-02-19,2024-02-19/2024-02-25
2024-02-19/2024-02-25,赖清德,L1-07,0.0,2024-02-19,2024-02-19/2024-02-25
2024-02-26/2024-03-03,柯文哲,L1-01,0.0,2024-02-26,2024-02-26/2024-03-03
2024-02-26/2024-03-03,柯文哲,L1-02,0.0,2024-02-26,2024-02-26/2024-03-03
2024-02-26/2024-03-03,柯文哲,L1-03,0.0,2024-02-26,2024-02-26/2024-03-03
2024-02-26/2024-03-03,柯文哲,L1-04,0.0,2024-02-26,2024-02-26/2024-03-03
2024-02-26/2024-03-03,柯文哲,L1-05,0.0,2024-02-26,2024-02-26/2024-03-03
2024-02-26/2024-03-03,柯文哲,L1-06,0.0,2024-02-26,2024-02-26/2024-03-03
2024-02-26/2024-03-03,柯文哲,L1-07,0.0,2024-02-26,2024-02-26/2024-03-03
2024-02-26/2024-03-03,赖清德,L1-01,0.0,2024-02-26,2024-02-26/2024-03-03
2024-02-26/2024-03-03,赖清德,L1-02,0.0,2024-02-26,2024-02-26/2024-03-03
2024-02-26/2024-03-03,赖清德,L1-03,0.0,2024-02-26,2024-02-26/2024-03-03
2024-02-26/2024-03-03,赖清德,L1-04,0.0,2024-02-26,2024-02-26/2024-03-03
2024-02-26/2024-03-03,赖清德,L1-05,0.0,2024-02-26,2024-02-26/2024-03-03
2024-02-26/2024-03-03,赖清德,L1-06,0.0,2024-02-26,2024-02-26/2024-03-03
2024-02-26/2024-03-03,赖清德,L1-07,0.0,2024-02-26,2024-02-26/2024-03-03
2024-03-04/2024-03-10,柯文哲,L1-01,0.0,2024-03-04,2024-03-04/2024-03-10
2024-03-04/2024-03-10,柯文哲,L1-02,0.0,2024-03-04,2024-03-04/2024-03-10
2024-03-04/2024-03-10,柯文哲,L1-03,0.0,2024-03-04,2024-03-04/2024-03-10
2024-03-04/2024-03-10,柯文哲,L1-04,0.0,2024-03-04,2024-03-04/2024-03-10
2024-03-04/2024-03-10,柯文哲,L1-05,0.0,2024-03-04,2024-03-04/2024-03-10
2024-03-04/2024-03-10,柯文哲,L1-06,0.0,2024-03-04,2024-03-04/2024-03-10
2024-03-04/2024-03-10,柯文哲,L1-07,0.0,2024-03-04,2024-03-04/2024-03-10
2024-03-04/2024-03-10,赖清德,L1-01,0.0,2024-03-04,2024-03-04/2024-03-10
2024-03-04/2024-03-10,赖清德,L1-02,0.0,2024-03-04,2024-03-04/2024-03-10
2024-03-04/2024-03-10,赖清德,L1-03,0.0,2024-03-04,2024-03-04/2024-03-10
2024-03-04/2024-03-10,赖清德,L1-04,0.0,2024-03-04,2024-03-04/2024-03-10
2024-03-04/2024-03-10,赖清德,L1-05,0.0,2024-03-04,2024-03-04/2024-03-10
2024-03-04/2024-03-10,赖清德,L1-06,0.0,2024-03-04,2024-03-04/2024-03-10
2024-03-04/2024-03-10,赖清德,L1-07,0.0,2024-03-04,2024-03-04/2024-03-10
2024-03-11/2024-03-17,柯文哲,L1-01,0.0,2024-03-11,2024-03-11/2024-03-17
2024-03-11/2024-03-17,柯文哲,L1-02,0.0,2024-03-11,2024-03-11/2024-03-17
2024-03-11/2024-03-17,柯文哲,L1-03,0.0,2024-03-11,2024-03-11/2024-03-17
2024-03-11/2024-03-17,柯文哲,L1-04,0.0,2024-03-11,2024-03-11/2024-03-17
2024-03-11/2024-03-17,柯文哲,L1-05,0.0,2024-03-11,2024-03-11/2024-03-17
2024-03-11/2024-03-17,柯文哲,L1-06,0.0,2024-03-11,2024-03-11/2024-03-17
2024-03-11/2024-03-17,柯文哲,L1-07,0.0,2024-03-11,2024-03-11/2024-03-17
2024-03-11/2024-03-17,赖清德,L1-01,0.0,2024-03-11,2024-03-11/2024-03-17
2024-03-11/2024-03-17,赖清德,L1-02,0.0,2024-03-11,2024-03-11/2024-03-17
2024-03-11/2024-03-17,赖清德,L1-03,0.0,2024-03-11,2024-03-11/2024-03-17
2024-03-11/2024-03-17,赖清德,L1-04,0.0,2024-03-11,2024-03-11/2024-03-17
2024-03-11/2024-03-17,赖清德,L1-05,0.0,2024-03-11,2024-03-11/2024-03-17
2024-03-11/2024-03-17,赖清德,L1-06,0.0,2024-03-11,2024-03-11/2024-03-17
2024-03-11/2024-03-17,赖清德,L1-07,0.0,2024-03-11,2024-03-11/2024-03-17
2024-03-18/2024-03-24,柯文哲,L1-01,0.0,2024-03-18,2024-03-18/2024-03-24
2024-03-18/2024-03-24,柯文哲,L1-02,0.0,2024-03-18,2024-03-18/2024-03-24
2024-03-18/2024-03-24,柯文哲,L1-03,0.0,2024-03-18,2024-03-18/2024-03-24
2024-03-18/2024-03-24,柯文哲,L1-04,0.0,2024-03-18,2024-03-18/2024-03-24
2024-03-18/2024-03-24,柯文哲,L1-05,0.0,2024-03-18,2024-03-18/2024-03-24
2024-03-18/2024-03-24,柯文哲,L1-06,0.0,2024-03-18,2024-03-18/2024-03-24
2024-03-18/2024-03-24,柯文哲,L1-07,0.0,2024-03-18,2024-03-18/2024-03-24
2024-03-18/2024-03-24,赖清德,L1-01,0.0,2024-03-18,2024-03-18/2024-03-24
2024-03-18/2024-03-24,赖清德,L1-02,0.0,2024-03-18,2024-03-18/2024-03-24
2024-03-18/2024-03-24,赖清德,L1-03,0.0,2024-03-18,2024-03-18/2024-03-24
2024-03-18/2024-03-24,赖清德,L1-04,0.0,2024-03-18,2024-03-18/2024-03-24
2024-03-18/2024-03-24,赖清德,L1-05,0.0,2024-03-18,2024-03-18/2024-03-24
2024-03-18/2024-03-24,赖清德,L1-06,0.0,2024-03-18,2024-03-18/2024-03-24
2024-03-18/2024-03-24,赖清德,L1-07,0.0,2024-03-18,2024-03-18/2024-03-24
2024-03-25/2024-03-31,柯文哲,L1-01,0.0,2024-03-25,2024-03-25/2024-03-31
2024-03-25/2024-03-31,柯文哲,L1-02,0.0,2024-03-25,2024-03-25/2024-03-31
2024-03-25/2024-03-31,柯文哲,L1-03,0.0,2024-03-25,2024-03-25/2024-03-31
2024-03-25/2024-03-31,柯文哲,L1-04,0.0,2024-03-25,2024-03-25/2024-03-31
2024-03-25/2024-03-31,柯文哲,L1-05,0.0,2024-03-25,2024-03-25/2024-03-31
2024-03-25/2024-03-31,柯文哲,L1-06,0.0,2024-03-25,2024-03-25/2024-03-31
2024-03-25/2024-03-31,柯文哲,L1-07,0.0,2024-03-25,2024-03-25/2024-03-31
2024-03-25/2024-03-31,赖清德,L1-01,0.0,2024-03-25,2024-03-25/2024-03-31
2024-03-25/2024-03-31,赖清德,L1-02,0.0,2024-03-25,2024-03-25/2024-03-31
2024-03-25/2024-03-31,赖清德,L1-03,0.0,2024-03-25,2024-03-25/2024-03-31
2024-03-25/2024-03-31,赖清德,L1-04,0.0,2024-03-25,2024-03-25/2024-03-31
2024-03-25/2024-03-31,赖清德,L1-05,0.0,2024-03-25,2024-03-25/2024-03-31
2024-03-25/2024-03-31,赖清德,L1-06,0.0,2024-03-25,2024-03-25/2024-03-31
2024-03-25/2024-03-31,赖清德,L1-07,0.0,2024-03-25,2024-03-25/2024-03-31
2024-04-01/2024-04-07,柯文哲,L1-01,0.0,2024-04-01,2024-04-01/2024-04-07
2024-04-01/2024-04-07,柯文哲,L1-02,0.0,2024-04-01,2024-04-01/2024-04-07
2024-04-01/2024-04-07,柯文哲,L1-03,0.0,2024-04-01,2024-04-01/2024-04-07
2024-04-01/2024-04-07,柯文哲,L1-04,0.0,2024-04-01,2024-04-01/2024-04-07
2024-04-01/2024-04-07,柯文哲,L1-05,0.0,2024-04-01,2024-04-01/2024-04-07
2024-04-01/2024-04-07,柯文哲,L1-06,0.0,2024-04-01,2024-04-01/2024-04-07
2024-04-01/2024-04-07,柯文哲,L1-07,0.0,2024-04-01,2024-04-01/2024-04-07
2024-04-01/2024-04-07,赖清德,L1-01,0.0,2024-04-01,2024-04-01/2024-04-07
2024-04-01/2024-04-07,赖清德,L1-02,0.0,2024-04-01,2024-04-01/2024-04-07
2024-04-01/2024-04-07,赖清德,L1-03,0.0,2024-04-01,2024-04-01/2024-04-07
2024-04-01/2024-04-07,赖清德,L1-04,0.0,2024-04-01,2024-04-01/2024-04-07
2024-04-01/2024-04-07,赖清德,L1-05,0.0,2024-04-01,2024-04-01/2024-04-07
2024-04-01/2024-04-07,赖清德,L1-06,0.0,2024-04-01,2024-04-01/2024-04-07
2024-04-01/2024-04-07,赖清德,L1-07,0.0,2024-04-01,2024-04-01/2024-04-07
2024-04-08/2024-04-14,柯文哲,L1-01,0.0,2024-04-08,2024-04-08/2024-04-14
2024-04-08/2024-04-14,柯文哲,L1-02,0.0,2024-04-08,2024-04-08/2024-04-14
2024-04-08/2024-04-14,柯文哲,L1-03,0.0,2024-04-08,2024-04-08/2024-04-14
2024-04-08/2024-04-14,柯文哲,L1-04,0.0,2024-04-08,2024-04-08/2024-04-14
2024-04-08/2024-04-14,柯文哲,L1-05,0.0,2024-04-08,2024-04-08/2024-04-14
2024-04-08/2024-04-14,柯文哲,L1-06,0.0,2024-04-08,2024-04-08/2024-04-14
2024-04-08/2024-04-14,柯文哲,L1-07,0.0,2024-04-08,2024-04-08/2024-04-14
2024-04-08/2024-04-14,赖清德,L1-01,0.0,2024-04-08,2024-04-08/2024-04-14
2024-04-08/2024-04-14,赖清德,L1-02,0.0,2024-04-08,2024-04-08/2024-04-14
2024-04-08/2024-04-14,赖清德,L1-03,0.0,2024-04-08,2024-04-08/2024-04-14
2024-04-08/2024-04-14,赖清德,L1-04,0.0,2024-04-08,2024-04-08/2024-04-14
2024-04-08/2024-04-14,赖清德,L1-05,0.0,2024-04-08,2024-04-08/2024-04-14
2024-04-08/2024-04-14,赖清德,L1-06,0.0,2024-04-08,2024-04-08/2024-04-14
2024-04-08/2024-04-14,赖清德,L1-07,0.0,2024-04-08,2024-04-08/2024-04-14
2024-04-15/2024-04-21,柯文哲,L1-01,0.0,2024-04-15,2024-04-15/2024-04-21
2024-04-15/2024-04-21,柯文哲,L1-02,0.0,2024-04-15,2024-04-15/2024-04-21
2024-04-15/2024-04-21,柯文哲,L1-03,0.0,2024-04-15,2024-04-15/2024-04-21
2024-04-15/2024-04-21,柯文哲,L1-04,0.0,2024-04-15,2024-04-15/2024-04-21
2024-04-15/2024-04-21,柯文哲,L1-05,0.0,2024-04-15,2024-04-15/2024-04-21
2024-04-15/2024-04-21,柯文哲,L1-06,0.0,2024-04-15,2024-04-15/2024-04-21
2024-04-15/2024-04-21,柯文哲,L1-07,0.0,2024-04-15,2024-04-15/2024-04-21
2024-04-15/2024-04-21,赖清德,L1-01,0.0,2024-04-15,2024-04-15/2024-04-21
2024-04-15/2024-04-21,赖清德,L1-02,0.0,2024-04-15,2024-04-15/2024-04-21
2024-04-15/2024-04-21,赖清德,L1-03,0.0,2024-04-15,2024-04-15/2024-04-21
2024-04-15/2024-04-21,赖清德,L1-04,0.0,2024-04-15,2024-04-15/2024-04-21
2024-04-15/2024-04-21,赖清德,L1-05,0.0,2024-04-15,2024-04-15/2024-04-21
2024-04-15/2024-04-21,赖清德,L1-06,0.0,2024-04-15,2024-04-15/2024-04-21
2024-04-15/2024-04-21,赖清德,L1-07,0.0,2024-04-15,2024-04-15/2024-04-21
2024-04-22/2024-04-28,柯文哲,L1-01,0.0,2024-04-22,2024-04-22/2024-04-28
2024-04-22/2024-04-28,柯文哲,L1-02,0.0,2024-04-22,2024-04-22/2024-04-28
2024-04-22/2024-04-28,柯文哲,L1-03,0.0,2024-04-22,2024-04-22/2024-04-28
2024-04-22/2024-04-28,柯文哲,L1-04,0.0,2024-04-22,2024-04-22/2024-04-28
2024-04-22/2024-04-28,柯文哲,L1-05,0.0,2024-04-22,2024-04-22/2024-04-28
2024-04-22/2024-04-28,柯文哲,L1-06,0.0,2024-04-22,2024-04-22/2024-04-28
2024-04-22/2024-04-28,柯文哲,L1-07,0.0,2024-04-22,2024-04-22/2024-04-28
2024-04-22/2024-04-28,赖清德,L1-01,0.0,2024-04-22,2024-04-22/2024-04-28
2024-04-22/2024-04-28,赖清德,L1-02,0.0,2024-04-22,2024-04-22/2024-04-28
2024-04-22/2024-04-28,赖清德,L1-03,0.0,2024-04-22,2024-04-22/2024-04-28
2024-04-22/2024-04-28,赖清德,L1-04,0.0,2024-04-22,2024-04-22/2024-04-28
2024-04-22/2024-04-28,赖清德,L1-05,0.0,2024-04-22,2024-04-22/2024-04-28
2024-04-22/2024-04-28,赖清德,L1-06,0.0,2024-04-22,2024-04-22/2024-04-28
2024-04-22/2024-04-28,赖清德,L1-07,0.0,2024-04-22,2024-04-22/2024-04-28
2024-04-29/2024-05-05,柯文哲,L1-01,0.0,2024-04-29,2024-04-29/2024-05-05
2024-04-29/2024-05-05,柯文哲,L1-02,0.0,2024-04-29,2024-04-29/2024-05-05
2024-04-29/2024-05-05,柯文哲,L1-03,0.0,2024-04-29,2024-04-29/2024-05-05
2024-04-29/2024-05-05,柯文哲,L1-04,0.0,2024-04-29,2024-04-29/2024-05-05
2024-04-29/2024-05-05,柯文哲,L1-05,0.0,2024-04-29,2024-04-29/2024-05-05
2024-04-29/2024-05-05,柯文哲,L1-06,0.0,2024-04-29,2024-04-29/2024-05-05
2024-04-29/2024-05-05,柯文哲,L1-07,0.0,2024-04-29,2024-04-29/2024-05-05
2024-04-29/2024-05-05,赖清德,L1-01,0.0,2024-04-29,2024-04-29/2024-05-05
2024-04-29/2024-05-05,赖清德,L1-02,0.0,2024-04-29,2024-04-29/2024-05-05
2024-04-29/2024-05-05,赖清德,L1-03,0.0,2024-04-29,2024-04-29/2024-05-05
2024-04-29/2024-05-05,赖清德,L1-04,0.0,2024-04-29,2024-04-29/2024-05-05
2024-04-29/2024-05-05,赖清德,L1-05,0.0,2024-04-29,2024-04-29/2024-05-05
2024-04-29/2024-05-05,赖清德,L1-06,0.0,2024-04-29,2024-04-29/2024-05-05
2024-04-29/2024-05-05,赖清德,L1-07,0.0,2024-04-29,2024-04-29/2024-05-05
2024-05-06/2024-05-12,柯文哲,L1-01,0.0,2024-05-06,2024-05-06/2024-05-12
2024-05-06/2024-05-12,柯文哲,L1-02,0.0,2024-05-06,2024-05-06/2024-05-12
2024-05-06/2024-05-12,柯文哲,L1-03,0.0,2024-05-06,2024-05-06/2024-05-12
2024-05-06/2024-05-12,柯文哲,L1-04,0.0,2024-05-06,2024-05-06/2024-05-12
2024-05-06/2024-05-12,柯文哲,L1-05,0.0,2024-05-06,2024-05-06/2024-05-12
2024-05-06/2024-05-12,柯文哲,L1-06,0.0,2024-05-06,2024-05-06/2024-05-12
2024-05-06/2024-05-12,柯文哲,L1-07,0.0,2024-05-06,2024-05-06/2024-05-12
2024-05-06/2024-05-12,赖清德,L1-01,0.0,2024-05-06,2024-05-06/2024-05-12
2024-05-06/2024-05-12,赖清德,L1-02,0.0,2024-05-06,2024-05-06/2024-05-12
2024-05-06/2024-05-12,赖清德,L1-03,0.0,2024-05-06,2024-05-06/2024-05-12
2024-05-06/2024-05-12,赖清德,L1-04,0.0,2024-05-06,2024-05-06/2024-05-12
2024-05-06/2024-05-12,赖清德,L1-05,0.0,2024-05-06,2024-05-06/2024-05-12
2024-05-06/2024-05-12,赖清德,L1-06,0.0,2024-05-06,2024-05-06/2024-05-12
2024-05-06/2024-05-12,赖清德,L1-07,0.0,2024-05-06,2024-05-06/2024-05-12
2024-05-13/2024-05-19,柯文哲,L1-01,0.0,2024-05-13,2024-05-13/2024-05-19
2024-05-13/2024-05-19,柯文哲,L1-02,0.0,2024-05-13,2024-05-13/2024-05-19
2024-05-13/2024-05-19,柯文哲,L1-03,0.0,2024-05-13,2024-05-13/2024-05-19
2024-05-13/2024-05-19,柯文哲,L1-04,0.0,2024-05-13,2024-05-13/2024-05-19
2024-05-13/2024-05-19,柯文哲,L1-05,0.0,2024-05-13,2024-05-13/2024-05-19
2024-05-13/2024-05-19,柯文哲,L1-06,0.0,2024-05-13,2024-05-13/2024-05-19
2024-05-13/2024-05-19,柯文哲,L1-07,0.0,2024-05-13,2024-05-13/2024-05-19
2024-05-13/2024-05-19,赖清德,L1-01,0.0,2024-05-13,2024-05-13/2024-05-19
2024-05-13/2024-05-19,赖清德,L1-02,0.0,2024-05-13,2024-05-13/2024-05-19
2024-05-13/2024-05-19,赖清德,L1-03,0.0,2024-05-13,2024-05-13/2024-05-19
2024-05-13/2024-05-19,赖清德,L1-04,0.0,2024-05-13,2024-05-13/2024-05-19
2024-05-13/2024-05-19,赖清德,L1-05,0.0,2024-05-13,2024-05-13/2024-05-19
2024-05-13/2024-05-19,赖清德,L1-06,0.0,2024-05-13,2024-05-13/2024-05-19
2024-05-13/2024-05-19,赖清德,L1-07,0.0,2024-05-13,2024-05-13/2024-05-19
2024-05-20/2024-05-26,柯文哲,L1-01,0.0,2024-05-20,2024-05-20/2024-05-26
2024-05-20/2024-05-26,柯文哲,L1-02,0.0,2024-05-20,2024-05-20/2024-05-26
2024-05-20/2024-05-26,柯文哲,L1-03,0.0,2024-05-20,2024-05-20/2024-05-26
2024-05-20/2024-05-26,柯文哲,L1-04,0.0,2024-05-20,2024-05-20/2024-05-26
2024-05-20/2024-05-26,柯文哲,L1-05,0.0,2024-05-20,2024-05-20/2024-05-26
2024-05-20/2024-05-26,柯文哲,L1-06,0.0,2024-05-20,2024-05-20/2024-05-26
2024-05-20/2024-05-26,柯文哲,L1-07,0.0,2024-05-20,2024-05-20/2024-05-26
2024-05-20/2024-05-26,赖清德,L1-01,0.0,2024-05-20,2024-05-20/2024-05-26
2024-05-20/2024-05-26,赖清德,L1-02,0.0,2024-05-20,2024-05-20/2024-05-26
2024-05-20/2024-05-26,赖清德,L1-03,0.0,2024-05-20,2024-05-20/2024-05-26
2024-05-20/2024-05-26,赖清德,L1-04,0.0,2024-05-20,2024-05-20/2024-05-26
2024-05-20/2024-05-26,赖清德,L1-05,0.0,2024-05-20,2024-05-20/2024-05-26
2024-05-20/2024-05-26,赖清德,L1-06,0.0,2024-05-20,2024-05-20/2024-05-26
2024-05-20/2024-05-26,赖清德,L1-07,0.0,2024-05-20,2024-05-20/2024-05-26
2024-05-27/2024-06-02,柯文哲,L1-01,0.0,2024-05-27,2024-05-27/2024-06-02
2024-05-27/2024-06-02,柯文哲,L1-02,0.0,2024-05-27,2024-05-27/2024-06-02
2024-05-27/2024-06-02,柯文哲,L1-03,0.0,2024-05-27,2024-05-27/2024-06-02
2024-05-27/2024-06-02,柯文哲,L1-04,0.0,2024-05-27,2024-05-27/2024-06-02
2024-05-27/2024-06-02,柯文哲,L1-05,0.0,2024-05-27,2024-05-27/2024-06-02
2024-05-27/2024-06-02,柯文哲,L1-06,0.0,2024-05-27,2024-05-27/2024-06-02
2024-05-27/2024-06-02,柯文哲,L1-07,0.0,2024-05-27,2024-05-27/2024-06-02
2024-05-27/2024-06-02,赖清德,L1-01,0.0,2024-05-27,2024-05-27/2024-06-02
2024-05-27/2024-06-02,赖清德,L1-02,0.0,2024-05-27,2024-05-27/2024-06-02
2024-05-27/2024-06-02,赖清德,L1-03,0.0,2024-05-27,2024-05-27/2024-06-02
2024-05-27/2024-06-02,赖清德,L1-04,0.0,2024-05-27,2024-05-27/2024-06-02
2024-05-27/2024-06-02,赖清德,L1-05,0.0,2024-05-27,2024-05-27/2024-06-02
2024-05-27/2024-06-02,赖清德,L1-06,0.0,2024-05-27,2024-05-27/2024-06-02
2024-05-27/2024-06-02,赖清德,L1-07,0.0,2024-05-27,2024-05-27/2024-06-02
2024-06-03/2024-06-09,柯文哲,L1-01,0.0,2024-06-03,2024-06-03/2024-06-09
2024-06-03/2024-06-09,柯文哲,L1-02,0.0,2024-06-03,2024-06-03/2024-06-09
2024-06-03/2024-06-09,柯文哲,L1-03,0.0,2024-06-03,2024-06-03/2024-06-09
2024-06-03/2024-06-09,柯文哲,L1-04,0.0,2024-06-03,2024-06-03/2024-06-09
2024-06-03/2024-06-09,柯文哲,L1-05,0.0,2024-06-03,2024-06-03/2024-06-09
2024-06-03/2024-06-09,柯文哲,L1-06,0.0,2024-06-03,2024-06-03/2024-06-09
2024-06-03/2024-06-09,柯文哲,L1-07,0.0,2024-06-03,2024-06-03/2024-06-09
2024-06-03/2024-06-09,赖清德,L1-01,0.0,2024-06-03,2024-06-03/2024-06-09
2024-06-03/2024-06-09,赖清德,L1-02,0.0,2024-06-03,2024-06-03/2024-06-09
2024-06-03/2024-06-09,赖清德,L1-03,0.0,2024-06-03,2024-06-03/2024-06-09
2024-06-03/2024-06-09,赖清德,L1-04,0.0,2024-06-03,2024-06-03/2024-06-09
2024-06-03/2024-06-09,赖清德,L1-05,0.0,2024-06-03,2024-06-03/2024-06-09
2024-06-03/2024-06-09,赖清德,L1-06,0.0,2024-06-03,2024-06-03/2024-06-09
2024-06-03/2024-06-09,赖清德,L1-07,0.0,2024-06-03,2024-06-03/2024-06-09
2024-06-10/2024-06-16,柯文哲,L1-01,0.0,2024-06-10,2024-06-10/2024-06-16
2024-06-10/2024-06-16,柯文哲,L1-02,0.0,2024-06-10,2024-06-10/2024-06-16
2024-06-10/2024-06-16,柯文哲,L1-03,0.0,2024-06-10,2024-06-10/2024-06-16
2024-06-10/2024-06-16,柯文哲,L1-04,0.0,2024-06-10,2024-06-10/2024-06-16
2024-06-10/2024-06-16,柯文哲,L1-05,0.0,2024-06-10,2024-06-10/2024-06-16
2024-06-10/2024-06-16,柯文哲,L1-06,0.0,2024-06-10,2024-06-10/2024-06-16
2024-06-10/2024-06-16,柯文哲,L1-07,0.0,2024-06-10,2024-06-10/2024-06-16
2024-06-10/2024-06-16,赖清德,L1-01,0.0,2024-06-10,2024-06-10/2024-06-16
2024-06-10/2024-06-16,赖清德,L1-02,0.0,2024-06-10,2024-06-10/2024-06-16
2024-06-10/2024-06-16,赖清德,L1-03,0.0,2024-06-10,2024-06-10/2024-06-16
2024-06-10/2024-06-16,赖清德,L1-04,0.0,2024-06-10,2024-06-10/2024-06-16
2024-06-10/2024-06-16,赖清德,L1-05,0.0,2024-06-10,2024-06-10/2024-06-16
2024-06-10/2024-06-16,赖清德,L1-06,0.0,2024-06-10,2024-06-10/2024-06-16
2024-06-10/2024-06-16,赖清德,L1-07,0.0,2024-06-10,2024-06-10/2024-06-16
2024-06-17/2024-06-23,柯文哲,L1-01,0.0,2024-06-17,2024-06-17/2024-06-23
2024-06-17/2024-06-23,柯文哲,L1-02,0.0,2024-06-17,2024-06-17/2024-06-23
2024-06-17/2024-06-23,柯文哲,L1-03,0.0,2024-06-17,2024-06-17/2024-06-23
2024-06-17/2024-06-23,柯文哲,L1-04,0.0,2024-06-17,2024-06-17/2024-06-23
2024-06-17/2024-06-23,柯文哲,L1-05,0.0,2024-06-17,2024-06-17/2024-06-23
2024-06-17/2024-06-23,柯文哲,L1-06,0.0,2024-06-17,2024-06-17/2024-06-23
2024-06-17/2024-06-23,柯文哲,L1-07,0.0,2024-06-17,2024-06-17/2024-06-23
2024-06-17/2024-06-23,赖清德,L1-01,0.0,2024-06-17,2024-06-17/2024-06-23
2024-06-17/2024-06-23,赖清德,L1-02,0.0,2024-06-17,2024-06-17/2024-06-23
2024-06-17/2024-06-23,赖清德,L1-03,0.0,2024-06-17,2024-06-17/2024-06-23
2024-06-17/2024-06-23,赖清德,L1-04,0.0,2024-06-17,2024-06-17/2024-06-23
2024-06-17/2024-06-23,赖清德,L1-05,0.0,2024-06-17,2024-06-17/2024-06-23
2024-06-17/2024-06-23,赖清德,L1-06,0.0,2024-06-17,2024-06-17/2024-06-23
2024-06-17/2024-06-23,赖清德,L1-07,0.0,2024-06-17,2024-06-17/2024-06-23
2024-06-24/2024-06-30,柯文哲,L1-01,0.0,2024-06-24,2024-06-24/2024-06-30
2024-06-24/2024-06-30,柯文哲,L1-02,0.0,2024-06-24,2024-06-24/2024-06-30
2024-06-24/2024-06-30,柯文哲,L1-03,0.0,2024-06-24,2024-06-24/2024-06-30
2024-06-24/2024-06-30,柯文哲,L1-04,0.0,2024-06-24,2024-06-24/2024-06-30
2024-06-24/2024-06-30,柯文哲,L1-05,0.0,2024-06-24,2024-06-24/2024-06-30
2024-06-24/2024-06-30,柯文哲,L1-06,0.0,2024-06-24,2024-06-24/2024-06-30
2024-06-24/2024-06-30,柯文哲,L1-07,0.0,2024-06-24,2024-06-24/2024-06-30
2024-06-24/2024-06-30,赖清德,L1-01,0.0,2024-06-24,2024-06-24/2024-06-30
2024-06-24/2024-06-30,赖清德,L1-02,0.0,2024-06-24,2024-06-24/2024-06-30
2024-06-24/2024-06-30,赖清德,L1-03,0.0,2024-06-24,2024-06-24/2024-06-30
2024-06-24/2024-06-30,赖清德,L1-04,0.0,2024-06-24,2024-06-24/2024-06-30
2024-06-24/2024-06-30,赖清德,L1-05,0.0,2024-06-24,2024-06-24/2024-06-30
2024-06-24/2024-06-30,赖清德,L1-06,0.0,2024-06-24,2024-06-24/2024-06-30
2024-06-24/2024-06-30,赖清德,L1-07,0.0,2024-06-24,2024-06-24/2024-06-30
2024-07-01/2024-07-07,柯文哲,L1-01,0.0,2024-07-01,2024-07-01/2024-07-07
2024-07-01/2024-07-07,柯文哲,L1-02,0.0,2024-07-01,2024-07-01/2024-07-07
2024-07-01/2024-07-07,柯文哲,L1-03,0.0,2024-07-01,2024-07-01/2024-07-07
2024-07-01/2024-07-07,柯文哲,L1-04,0.0,2024-07-01,2024-07-01/2024-07-07
2024-07-01/2024-07-07,柯文哲,L1-05,0.0,2024-07-01,2024-07-01/2024-07-07
2024-07-01/2024-07-07,柯文哲,L1-06,0.0,2024-07-01,2024-07-01/2024-07-07
2024-07-01/2024-07-07,柯文哲,L1-07,0.0,2024-07-01,2024-07-01/2024-07-07
2024-07-01/2024-07-07,赖清德,L1-01,0.0,2024-07-01,2024-07-01/2024-07-07
2024-07-01/2024-07-07,赖清德,L1-02,0.0,2024-07-01,2024-07-01/2024-07-07
2024-07-01/2024-07-07,赖清德,L1-03,0.0,2024-07-01,2024-07-01/2024-07-07
2024-07-01/2024-07-07,赖清德,L1-04,0.0,2024-07-01,2024-07-01/2024-07-07
2024-07-01/2024-07-07,赖清德,L1-05,0.0,2024-07-01,2024-07-01/2024-07-07
2024-07-01/2024-07-07,赖清德,L1-06,0.0,2024-07-01,2024-07-01/2024-07-07
2024-07-01/2024-07-07,赖清德,L1-07,0.0,2024-07-01,2024-07-01/2024-07-07
2024-07-08/2024-07-14,柯文哲,L1-01,0.0,2024-07-08,2024-07-08/2024-07-14
2024-07-08/2024-07-14,柯文哲,L1-02,0.0,2024-07-08,2024-07-08/2024-07-14
2024-07-08/2024-07-14,柯文哲,L1-03,0.0,2024-07-08,2024-07-08/2024-07-14
2024-07-08/2024-07-14,柯文哲,L1-04,0.0,2024-07-08,2024-07-08/2024-07-14
2024-07-08/2024-07-14,柯文哲,L1-05,0.0,2024-07-08,2024-07-08/2024-07-14
2024-07-08/2024-07-14,柯文哲,L1-06,0.0,2024-07-08,2024-07-08/2024-07-14
2024-07-08/2024-07-14,柯文哲,L1-07,0.0,2024-07-08,2024-07-08/2024-07-14
2024-07-08/2024-07-14,赖清德,L1-01,0.0,2024-07-08,2024-07-08/2024-07-14
2024-07-08/2024-07-14,赖清德,L1-02,0.0,2024-07-08,2024-07-08/2024-07-14
2024-07-08/2024-07-14,赖清德,L1-03,0.0,2024-07-08,2024-07-08/2024-07-14
2024-07-08/2024-07-14,赖清德,L1-04,0.0,2024-07-08,2024-07-08/2024-07-14
2024-07-08/2024-07-14,赖清德,L1-05,0.0,2024-07-08,2024-07-08/2024-07-14
2024-07-08/2024-07-14,赖清德,L1-06,0.0,2024-07-08,2024-07-08/2024-07-14
2024-07-08/2024-07-14,赖清德,L1-07,0.0,2024-07-08,2024-07-08/2024-07-14
2024-07-15/2024-07-21,柯文哲,L1-01,0.0,2024-07-15,2024-07-15/2024-07-21
2024-07-15/2024-07-21,柯文哲,L1-02,0.0,2024-07-15,2024-07-15/2024-07-21
2024-07-15/2024-07-21,柯文哲,L1-03,0.0,2024-07-15,2024-07-15/2024-07-21
2024-07-15/2024-07-21,柯文哲,L1-04,0.0,2024-07-15,2024-07-15/2024-07-21
2024-07-15/2024-07-21,柯文哲,L1-05,0.0,2024-07-15,2024-07-15/2024-07-21
2024-07-15/2024-07-21,柯文哲,L1-06,0.0,2024-07-15,2024-07-15/2024-07-21
2024-07-15/2024-07-21,柯文哲,L1-07,0.0,2024-07-15,2024-07-15/2024-07-21
2024-07-15/2024-07-21,赖清德,L1-01,0.0,2024-07-15,2024-07-15/2024-07-21
2024-07-15/2024-07-21,赖清德,L1-02,0.0,2024-07-15,2024-07-15/2024-07-21
2024-07-15/2024-07-21,赖清德,L1-03,0.0,2024-07-15,2024-07-15/2024-07-21
2024-07-15/2024-07-21,赖清德,L1-04,0.0,2024-07-15,2024-07-15/2024-07-21
2024-07-15/2024-07-21,赖清德,L1-05,0.0,2024-07-15,2024-07-15/2024-07-21
2024-07-15/2024-07-21,赖清德,L1-06,0.0,2024-07-15,2024-07-15/2024-07-21
2024-07-15/2024-07-21,赖清德,L1-07,0.0,2024-07-15,2024-07-15/2024-07-21
2024-07-22/2024-07-28,柯文哲,L1-01,0.0,2024-07-22,2024-07-22/2024-07-28
2024-07-22/2024-07-28,柯文哲,L1-02,0.0,2024-07-22,2024-07-22/2024-07-28
2024-07-22/2024-07-28,柯文哲,L1-03,0.0,2024-07-22,2024-07-22/2024-07-28
2024-07-22/2024-07-28,柯文哲,L1-04,0.0,2024-07-22,2024-07-22/2024-07-28
2024-07-22/2024-07-28,柯文哲,L1-05,0.0,2024-07-22,2024-07-22/2024-07-28
2024-07-22/2024-07-28,柯文哲,L1-06,0.0,2024-07-22,2024-07-22/2024-07-28
2024-07-22/2024-07-28,柯文哲,L1-07,0.0,2024-07-22,2024-07-22/2024-07-28
2024-07-22/2024-07-28,赖清德,L1-01,0.0,2024-07-22,2024-07-22/2024-07-28
2024-07-22/2024-07-28,赖清德,L1-02,0.0,2024-07-22,2024-07-22/2024-07-28
2024-07-22/2024-07-28,赖清德,L1-03,0.0,2024-07-22,2024-07-22/2024-07-28
2024-07-22/2024-07-28,赖清德,L1-04,0.0,2024-07-22,2024-07-22/2024-07-28
2024-07-22/2024-07-28,赖清德,L1-05,0.0,2024-07-22,2024-07-22/2024-07-28
2024-07-22/2024-07-28,赖清德,L1-06,0.0,2024-07-22,2024-07-22/2024-07-28
2024-07-22/2024-07-28,赖清德,L1-07,0.0,2024-07-22,2024-07-22/2024-07-28
2024-07-29/2024-08-04,柯文哲,L1-01,0.0,2024-07-29,2024-07-29/2024-08-04
2024-07-29/2024-08-04,柯文哲,L1-02,0.0,2024-07-29,2024-07-29/2024-08-04
2024-07-29/2024-08-04,柯文哲,L1-03,0.0,2024-07-29,2024-07-29/2024-08-04
2024-07-29/2024-08-04,柯文哲,L1-04,0.0,2024-07-29,2024-07-29/2024-08-04
2024-07-29/2024-08-04,柯文哲,L1-05,0.0,2024-07-29,2024-07-29/2024-08-04
2024-07-29/2024-08-04,柯文哲,L1-06,0.0,2024-07-29,2024-07-29/2024-08-04
2024-07-29/2024-08-04,柯文哲,L1-07,0.0,2024-07-29,2024-07-29/2024-08-04
2024-07-29/2024-08-04,赖清德,L1-01,0.0,2024-07-29,2024-07-29/2024-08-04
2024-07-29/2024-08-04,赖清德,L1-02,0.0,2024-07-29,2024-07-29/2024-08-04
2024-07-29/2024-08-04,赖清德,L1-03,0.0,2024-07-29,2024-07-29/2024-08-04
2024-07-29/2024-08-04,赖清德,L1-04,0.0,2024-07-29,2024-07-29/2024-08-04
2024-07-29/2024-08-04,赖清德,L1-05,0.0,2024-07-29,2024-07-29/2024-08-04
2024-07-29/2024-08-04,赖清德,L1-06,0.0,2024-07-29,2024-07-29/2024-08-04
2024-07-29/2024-08-04,赖清德,L1-07,0.0,2024-07-29,2024-07-29/2024-08-04
2024-08-05/2024-08-11,柯文哲,L1-01,0.0,2024-08-05,2024-08-05/2024-08-11
2024-08-05/2024-08-11,柯文哲,L1-02,0.0,2024-08-05,2024-08-05/2024-08-11
2024-08-05/2024-08-11,柯文哲,L1-03,0.0,2024-08-05,2024-08-05/2024-08-11
2024-08-05/2024-08-11,柯文哲,L1-04,0.0,2024-08-05,2024-08-05/2024-08-11
2024-08-05/2024-08-11,柯文哲,L1-05,0.0,2024-08-05,2024-08-05/2024-08-11
2024-08-05/2024-08-11,柯文哲,L1-06,0.0,2024-08-05,2024-08-05/2024-08-11
2024-08-05/2024-08-11,柯文哲,L1-07,0.0,2024-08-05,2024-08-05/2024-08-11
2024-08-05/2024-08-11,赖清德,L1-01,0.0,2024-08-05,2024-08-05/2024-08-11
2024-08-05/2024-08-11,赖清德,L1-02,0.0,2024-08-05,2024-08-05/2024-08-11
2024-08-05/2024-08-11,赖清德,L1-03,0.0,2024-08-05,2024-08-05/2024-08-11
2024-08-05/2024-08-11,赖清德,L1-04,0.0,2024-08-05,2024-08-05/2024-08-11
2024-08-05/2024-08-11,赖清德,L1-05,0.0,2024-08-05,2024-08-05/2024-08-11
2024-08-05/2024-08-11,赖清德,L1-06,0.0,2024-08-05,2024-08-05/2024-08-11
2024-08-05/2024-08-11,赖清德,L1-07,0.0,2024-08-05,2024-08-05/2024-08-11
2024-08-12/2024-08-18,柯文哲,L1-01,0.0,2024-08-12,2024-08-12/2024-08-18
2024-08-12/2024-08-18,柯文哲,L1-02,0.0,2024-08-12,2024-08-12/2024-08-18
2024-08-12/2024-08-18,柯文哲,L1-03,0.0,2024-08-12,2024-08-12/2024-08-18
2024-08-12/2024-08-18,柯文哲,L1-04,0.0,2024-08-12,2024-08-12/2024-08-18
2024-08-12/2024-08-18,柯文哲,L1-05,0.0,2024-08-12,2024-08-12/2024-08-18
2024-08-12/2024-08-18,柯文哲,L1-06,0.0,2024-08-12,2024-08-12/2024-08-18
2024-08-12/2024-08-18,柯文哲,L1-07,0.0,2024-08-12,2024-08-12/2024-08-18
2024-08-12/2024-08-18,赖清德,L1-01,0.0,2024-08-12,2024-08-12/2024-08-18
2024-08-12/2024-08-18,赖清德,L1-02,0.0,2024-08-12,2024-08-12/2024-08-18
2024-08-12/2024-08-18,赖清德,L1-03,0.0,2024-08-12,2024-08-12/2024-08-18
2024-08-12/2024-08-18,赖清德,L1-04,0.0,2024-08-12,2024-08-12/2024-08-18
2024-08-12/2024-08-18,赖清德,L1-05,0.0,2024-08-12,2024-08-12/2024-08-18
2024-08-12/2024-08-18,赖清德,L1-06,0.0,2024-08-12,2024-08-12/2024-08-18
2024-08-12/2024-08-18,赖清德,L1-07,0.0,2024-08-12,2024-08-12/2024-08-18
2024-08-19/2024-08-25,柯文哲,L1-01,0.0,2024-08-19,2024-08-19/2024-08-25
2024-08-19/2024-08-25,柯文哲,L1-02,0.0,2024-08-19,2024-08-19/2024-08-25
2024-08-19/2024-08-25,柯文哲,L1-03,0.0,2024-08-19,2024-08-19/2024-08-25
2024-08-19/2024-08-25,柯文哲,L1-04,0.0,2024-08-19,2024-08-19/2024-08-25
2024-08-19/2024-08-25,柯文哲,L1-05,0.0,2024-08-19,2024-08-19/2024-08-25
2024-08-19/2024-08-25,柯文哲,L1-06,0.0,2024-08-19,2024-08-19/2024-08-25
2024-08-19/2024-08-25,柯文哲,L1-07,0.0,2024-08-19,2024-08-19/2024-08-25
2024-08-19/2024-08-25,赖清德,L1-01,0.0,2024-08-19,2024-08-19/2024-08-25
2024-08-19/2024-08-25,赖清德,L1-02,0.0,2024-08-19,2024-08-19/2024-08-25
2024-08-19/2024-08-25,赖清德,L1-03,0.0,2024-08-19,2024-08-19/2024-08-25
2024-08-19/2024-08-25,赖清德,L1-04,0.0,2024-08-19,2024-08-19/2024-08-25
2024-08-19/2024-08-25,赖清德,L1-05,0.0,2024-08-19,2024-08-19/2024-08-25
2024-08-19/2024-08-25,赖清德,L1-06,0.0,2024-08-19,2024-08-19/2024-08-25
2024-08-19/2024-08-25,赖清德,L1-07,0.0,2024-08-19,2024-08-19/2024-08-25
2024-08-26/2024-09-01,柯文哲,L1-01,0.0,2024-08-26,2024-08-26/2024-09-01
2024-08-26/2024-09-01,柯文哲,L1-02,0.0,2024-08-26,2024-08-26/2024-09-01
2024-08-26/2024-09-01,柯文哲,L1-03,0.0,2024-08-26,2024-08-26/2024-09-01
2024-08-26/2024-09-01,柯文哲,L1-04,0.0,2024-08-26,2024-08-26/2024-09-01
2024-08-26/2024-09-01,柯文哲,L1-05,0.0,2024-08-26,2024-08-26/2024-09-01
2024-08-26/2024-09-01,柯文哲,L1-06,0.0,2024-08-26,2024-08-26/2024-09-01
2024-08-26/2024-09-01,柯文哲,L1-07,0.0,2024-08-26,2024-08-26/2024-09-01
2024-08-26/2024-09-01,赖清德,L1-01,0.0,2024-08-26,2024-08-26/2024-09-01
2024-08-26/2024-09-01,赖清德,L1-02,0.0,2024-08-26,2024-08-26/2024-09-01
2024-08-26/2024-09-01,赖清德,L1-03,0.0,2024-08-26,2024-08-26/2024-09-01
2024-08-26/2024-09-01,赖清德,L1-04,0.0,2024-08-26,2024-08-26/2024-09-01
2024-08-26/2024-09-01,赖清德,L1-05,0.0,2024-08-26,2024-08-26/2024-09-01
2024-08-26/2024-09-01,赖清德,L1-06,0.0,2024-08-26,2024-08-26/2024-09-01
2024-08-26/2024-09-01,赖清德,L1-07,0.0,2024-08-26,2024-08-26/2024-09-01
2024-09-02/2024-09-08,柯文哲,L1-01,0.0,2024-09-02,2024-09-02/2024-09-08
2024-09-02/2024-09-08,柯文哲,L1-02,0.0,2024-09-02,2024-09-02/2024-09-08
2024-09-02/2024-09-08,柯文哲,L1-03,0.0,2024-09-02,2024-09-02/2024-09-08
2024-09-02/2024-09-08,柯文哲,L1-04,0.0,2024-09-02,2024-09-02/2024-09-08
2024-09-02/2024-09-08,柯文哲,L1-05,0.0,2024-09-02,2024-09-02/2024-09-08
2024-09-02/2024-09-08,柯文哲,L1-06,0.0,2024-09-02,2024-09-02/2024-09-08
2024-09-02/2024-09-08,柯文哲,L1-07,0.0,2024-09-02,2024-09-02/2024-09-08
2024-09-02/2024-09-08,赖清德,L1-01,0.0,2024-09-02,2024-09-02/2024-09-08
2024-09-02/2024-09-08,赖清德,L1-02,0.0,2024-09-02,2024-09-02/2024-09-08
2024-09-02/2024-09-08,赖清德,L1-03,0.0,2024-09-02,2024-09-02/2024-09-08
2024-09-02/2024-09-08,赖清德,L1-04,0.0,2024-09-02,2024-09-02/2024-09-08
2024-09-02/2024-09-08,赖清德,L1-05,0.0,2024-09-02,2024-09-02/2024-09-08
2024-09-02/2024-09-08,赖清德,L1-06,0.0,2024-09-02,2024-09-02/2024-09-08
2024-09-02/2024-09-08,赖清德,L1-07,0.0,2024-09-02,2024-09-02/2024-09-08
2024-09-09/2024-09-15,柯文哲,L1-01,0.0,2024-09-09,2024-09-09/2024-09-15
2024-09-09/2024-09-15,柯文哲,L1-02,0.0,2024-09-09,2024-09-09/2024-09-15
2024-09-09/2024-09-15,柯文哲,L1-03,0.0,2024-09-09,2024-09-09/2024-09-15
2024-09-09/2024-09-15,柯文哲,L1-04,0.0,2024-09-09,2024-09-09/2024-09-15
2024-09-09/2024-09-15,柯文哲,L1-05,0.0,2024-09-09,2024-09-09/2024-09-15
2024-09-09/2024-09-15,柯文哲,L1-06,0.0,2024-09-09,2024-09-09/2024-09-15
2024-09-09/2024-09-15,柯文哲,L1-07,0.0,2024-09-09,2024-09-09/2024-09-15
2024-09-09/2024-09-15,赖清德,L1-01,0.0,2024-09-09,2024-09-09/2024-09-15
2024-09-09/2024-09-15,赖清德,L1-02,0.0,2024-09-09,2024-09-09/2024-09-15
2024-09-09/2024-09-15,赖清德,L1-03,0.0,2024-09-09,2024-09-09/2024-09-15
2024-09-09/2024-09-15,赖清德,L1-04,0.0,2024-09-09,2024-09-09/2024-09-15
2024-09-09/2024-09-15,赖清德,L1-05,0.0,2024-09-09,2024-09-09/2024-09-15
2024-09-09/2024-09-15,赖清德,L1-06,0.0,2024-09-09,2024-09-09/2024-09-15
2024-09-09/2024-09-15,赖清德,L1-07,0.0,2024-09-09,2024-09-09/2024-09-15
2024-09-16/2024-09-22,柯文哲,L1-01,0.0,2024-09-16,2024-09-16/2024-09-22
2024-09-16/2024-09-22,柯文哲,L1-02,0.0,2024-09-16,2024-09-16/2024-09-22
2024-09-16/2024-09-22,柯文哲,L1-03,0.0,2024-09-16,2024-09-16/2024-09-22
2024-09-16/2024-09-22,柯文哲,L1-04,0.0,2024-09-16,2024-09-16/2024-09-22
2024-09-16/2024-09-22,柯文哲,L1-05,0.0,2024-09-16,2024-09-16/2024-09-22
2024-09-16/2024-09-22,柯文哲,L1-06,0.0,2024-09-16,2024-09-16/2024-09-22
2024-09-16/2024-09-22,柯文哲,L1-07,0.0,2024-09-16,2024-09-16/2024-09-22
2024-09-16/2024-09-22,赖清德,L1-01,0.0,2024-09-16,2024-09-16/2024-09-22
2024-09-16/2024-09-22,赖清德,L1-02,0.0,2024-09-16,2024-09-16/2024-09-22
2024-09-16/2024-09-22,赖清德,L1-03,0.0,2024-09-16,2024-09-16/2024-09-22
2024-09-16/2024-09-22,赖清德,L1-04,0.0,2024-09-16,2024-09-16/2024-09-22
2024-09-16/2024-09-22,赖清德,L1-05,0.0,2024-09-16,2024-09-16/2024-09-22
2024-09-16/2024-09-22,赖清德,L1-06,0.0,2024-09-16,2024-09-16/2024-09-22
2024-09-16/2024-09-22,赖清德,L1-07,0.0,2024-09-16,2024-09-16/2024-09-22
2024-09-23/2024-09-29,柯文哲,L1-01,0.0,2024-09-23,2024-09-23/2024-09-29
2024-09-23/2024-09-29,柯文哲,L1-02,0.0,2024-09-23,2024-09-23/2024-09-29
2024-09-23/2024-09-29,柯文哲,L1-03,0.0,2024-09-23,2024-09-23/2024-09-29
2024-09-23/2024-09-29,柯文哲,L1-04,0.0,2024-09-23,2024-09-23/2024-09-29
2024-09-23/2024-09-29,柯文哲,L1-05,0.0,2024-09-23,2024-09-23/2024-09-29
2024-09-23/2024-09-29,柯文哲,L1-06,0.0,2024-09-23,2024-09-23/2024-09-29
2024-09-23/2024-09-29,柯文哲,L1-07,0.0,2024-09-23,2024-09-23/2024-09-29
2024-09-23/2024-09-29,赖清德,L1-01,0.0,2024-09-23,2024-09-23/2024-09-29
2024-09-23/2024-09-29,赖清德,L1-02,0.0,2024-09-23,2024-09-23/2024-09-29
2024-09-23/2024-09-29,赖清德,L1-03,0.0,2024-09-23,2024-09-23/2024-09-29
2024-09-23/2024-09-29,赖清德,L1-04,0.0,2024-09-23,2024-09-23/2024-09-29
2024-09-23/2024-09-29,赖清德,L1-05,0.0,2024-09-23,2024-09-23/2024-09-29
2024-09-23/2024-09-29,赖清德,L1-06,0.0,2024-09-23,2024-09-23/2024-09-29
2024-09-23/2024-09-29,赖清德,L1-07,0.0,2024-09-23,2024-09-23/2024-09-29
2024-09-30/2024-10-06,柯文哲,L1-01,0.0,2024-09-30,2024-09-30/2024-10-06
2024-09-30/2024-10-06,柯文哲,L1-02,0.0,2024-09-30,2024-09-30/2024-10-06
2024-09-30/2024-10-06,柯文哲,L1-03,0.0,2024-09-30,2024-09-30/2024-10-06
2024-09-30/2024-10-06,柯文哲,L1-04,0.0,2024-09-30,2024-09-30/2024-10-06
2024-09-30/2024-10-06,柯文哲,L1-05,0.0,2024-09-30,2024-09-30/2024-10-06
2024-09-30/2024-10-06,柯文哲,L1-06,0.0,2024-09-30,2024-09-30/2024-10-06
2024-09-30/2024-10-06,柯文哲,L1-07,0.0,2024-09-30,2024-09-30/2024-10-06
2024-09-30/2024-10-06,赖清德,L1-01,0.0,2024-09-30,2024-09-30/2024-10-06
2024-09-30/2024-10-06,赖清德,L1-02,0.0,2024-09-30,2024-09-30/2024-10-06
2024-09-30/2024-10-06,赖清德,L1-03,0.0,2024-09-30,2024-09-30/2024-10-06
2024-09-30/2024-10-06,赖清德,L1-04,0.0,2024-09-30,2024-09-30/2024-10-06
2024-09-30/2024-10-06,赖清德,L1-05,0.0,2024-09-30,2024-09-30/2024-10-06
2024-09-30/2024-10-06,赖清德,L1-06,0.0,2024-09-30,2024-09-30/2024-10-06
2024-09-30/2024-10-06,赖清德,L1-07,0.0,2024-09-30,2024-09-30/2024-10-06
2024-10-07/2024-10-13,柯文哲,L1-01,0.0,2024-10-07,2024-10-07/2024-10-13
2024-10-07/2024-10-13,柯文哲,L1-02,0.0,2024-10-07,2024-10-07/2024-10-13
2024-10-07/2024-10-13,柯文哲,L1-03,0.0,2024-10-07,2024-10-07/2024-10-13
2024-10-07/2024-10-13,柯文哲,L1-04,0.0,2024-10-07,2024-10-07/2024-10-13
2024-10-07/2024-10-13,柯文哲,L1-05,0.0,2024-10-07,2024-10-07/2024-10-13
2024-10-07/2024-10-13,柯文哲,L1-06,0.0,2024-10-07,2024-10-07/2024-10-13
2024-10-07/2024-10-13,柯文哲,L1-07,0.0,2024-10-07,2024-10-07/2024-10-13
2024-10-07/2024-10-13,赖清德,L1-01,0.0,2024-10-07,2024-10-07/2024-10-13
2024-10-07/2024-10-13,赖清德,L1-02,0.0,2024-10-07,2024-10-07/2024-10-13
2024-10-07/2024-10-13,赖清德,L1-03,0.0,2024-10-07,2024-10-07/2024-10-13
2024-10-07/2024-10-13,赖清德,L1-04,0.0,2024-10-07,2024-10-07/2024-10-13
2024-10-07/2024-10-13,赖清德,L1-05,0.0,2024-10-07,2024-10-07/2024-10-13
2024-10-07/2024-10-13,赖清德,L1-06,0.0,2024-10-07,2024-10-07/2024-10-13
2024-10-07/2024-10-13,赖清德,L1-07,0.0,2024-10-07,2024-10-07/2024-10-13
2024-10-14/2024-10-20,柯文哲,L1-01,0.0,2024-10-14,2024-10-14/2024-10-20
2024-10-14/2024-10-20,柯文哲,L1-02,0.0,2024-10-14,2024-10-14/2024-10-20
2024-10-14/2024-10-20,柯文哲,L1-03,0.0,2024-10-14,2024-10-14/2024-10-20
2024-10-14/2024-10-20,柯文哲,L1-04,0.0,2024-10-14,2024-10-14/2024-10-20
2024-10-14/2024-10-20,柯文哲,L1-05,0.0,2024-10-14,2024-10-14/2024-10-20
2024-10-14/2024-10-20,柯文哲,L1-06,0.0,2024-10-14,2024-10-14/2024-10-20
2024-10-14/2024-10-20,柯文哲,L1-07,0.0,2024-10-14,2024-10-14/2024-10-20
2024-10-14/2024-10-20,赖清德,L1-01,0.0,2024-10-14,2024-10-14/2024-10-20
2024-10-14/2024-10-20,赖清德,L1-02,0.0,2024-10-14,2024-10-14/2024-10-20
2024-10-14/2024-10-20,赖清德,L1-03,0.0,2024-10-14,2024-10-14/2024-10-20
2024-10-14/2024-10-20,赖清德,L1-04,0.0,2024-10-14,2024-10-14/2024-10-20
2024-10-14/2024-10-20,赖清德,L1-05,0.0,2024-10-14,2024-10-14/2024-10-20
2024-10-14/2024-10-20,赖清德,L1-06,0.0,2024-10-14,2024-10-14/2024-10-20
2024-10-14/2024-10-20,赖清德,L1-07,0.0,2024-10-14,2024-10-14/2024-10-20
2024-10-21/2024-10-27,柯文哲,L1-01,0.0,2024-10-21,2024-10-21/2024-10-27
2024-10-21/2024-10-27,柯文哲,L1-02,0.0,2024-10-21,2024-10-21/2024-10-27
2024-10-21/2024-10-27,柯文哲,L1-03,0.0,2024-10-21,2024-10-21/2024-10-27
2024-10-21/2024-10-27,柯文哲,L1-04,0.0,2024-10-21,2024-10-21/2024-10-27
2024-10-21/2024-10-27,柯文哲,L1-05,0.0,2024-10-21,2024-10-21/2024-10-27
2024-10-21/2024-10-27,柯文哲,L1-06,0.0,2024-10-21,2024-10-21/2024-10-27
2024-10-21/2024-10-27,柯文哲,L1-07,0.0,2024-10-21,2024-10-21/2024-10-27
2024-10-21/2024-10-27,赖清德,L1-01,0.0,2024-10-21,2024-10-21/2024-10-27
2024-10-21/2024-10-27,赖清德,L1-02,0.0,2024-10-21,2024-10-21/2024-10-27
2024-10-21/2024-10-27,赖清德,L1-03,0.0,2024-10-21,2024-10-21/2024-10-27
2024-10-21/2024-10-27,赖清德,L1-04,0.0,2024-10-21,2024-10-21/2024-10-27
2024-10-21/2024-10-27,赖清德,L1-05,0.0,2024-10-21,2024-10-21/2024-10-27
2024-10-21/2024-10-27,赖清德,L1-06,0.0,2024-10-21,2024-10-21/2024-10-27
2024-10-21/2024-10-27,赖清德,L1-07,0.0,2024-10-21,2024-10-21/2024-10-27
2024-10-28/2024-11-03,柯文哲,L1-01,0.0,2024-10-28,2024-10-28/2024-11-03
2024-10-28/2024-11-03,柯文哲,L1-02,0.0,2024-10-28,2024-10-28/2024-11-03
2024-10-28/2024-11-03,柯文哲,L1-03,0.0,2024-10-28,2024-10-28/2024-11-03
2024-10-28/2024-11-03,柯文哲,L1-04,0.0,2024-10-28,2024-10-28/2024-11-03
2024-10-28/2024-11-03,柯文哲,L1-05,0.0,2024-10-28,2024-10-28/2024-11-03
2024-10-28/2024-11-03,柯文哲,L1-06,0.0,2024-10-28,2024-10-28/2024-11-03
2024-10-28/2024-11-03,柯文哲,L1-07,0.0,2024-10-28,2024-10-28/2024-11-03
2024-10-28/2024-11-03,赖清德,L1-01,0.0,2024-10-28,2024-10-28/2024-11-03
2024-10-28/2024-11-03,赖清德,L1-02,0.0,2024-10-28,2024-10-28/2024-11-03
2024-10-28/2024-11-03,赖清德,L1-03,0.0,2024-10-28,2024-10-28/2024-11-03
2024-10-28/2024-11-03,赖清德,L1-04,0.0,2024-10-28,2024-10-28/2024-11-03
2024-10-28/2024-11-03,赖清德,L1-05,0.0,2024-10-28,2024-10-28/2024-11-03
2024-10-28/2024-11-03,赖清德,L1-06,0.0,2024-10-28,2024-10-28/2024-11-03
2024-10-28/2024-11-03,赖清德,L1-07,0.0,2024-10-28,2024-10-28/2024-11-03
2024-11-04/2024-11-10,柯文哲,L1-01,0.0,2024-11-04,2024-11-04/2024-11-10
2024-11-04/2024-11-10,柯文哲,L1-02,0.0,2024-11-04,2024-11-04/2024-11-10
2024-11-04/2024-11-10,柯文哲,L1-03,0.0,2024-11-04,2024-11-04/2024-11-10
2024-11-04/2024-11-10,柯文哲,L1-04,0.0,2024-11-04,2024-11-04/2024-11-10
2024-11-04/2024-11-10,柯文哲,L1-05,0.0,2024-11-04,2024-11-04/2024-11-10
2024-11-04/2024-11-10,柯文哲,L1-06,0.0,2024-11-04,2024-11-04/2024-11-10
2024-11-04/2024-11-10,柯文哲,L1-07,0.0,2024-11-04,2024-11-04/2024-11-10
2024-11-04/2024-11-10,赖清德,L1-01,0.0,2024-11-04,2024-11-04/2024-11-10
2024-11-04/2024-11-10,赖清德,L1-02,0.0,2024-11-04,2024-11-04/2024-11-10
2024-11-04/2024-11-10,赖清德,L1-03,0.0,2024-11-04,2024-11-04/2024-11-10
2024-11-04/2024-11-10,赖清德,L1-04,0.0,2024-11-04,2024-11-04/2024-11-10
2024-11-04/2024-11-10,赖清德,L1-05,0.0,2024-11-04,2024-11-04/2024-11-10
2024-11-04/2024-11-10,赖清德,L1-06,0.0,2024-11-04,2024-11-04/2024-11-10
2024-11-04/2024-11-10,赖清德,L1-07,0.0,2024-11-04,2024-11-04/2024-11-10
2024-11-11/2024-11-17,柯文哲,L1-01,0.0,2024-11-11,2024-11-11/2024-11-17
2024-11-11/2024-11-17,柯文哲,L1-02,0.0,2024-11-11,2024-11-11/2024-11-17
2024-11-11/2024-11-17,柯文哲,L1-03,0.0,2024-11-11,2024-11-11/2024-11-17
2024-11-11/2024-11-17,柯文哲,L1-04,0.0,2024-11-11,2024-11-11/2024-11-17
2024-11-11/2024-11-17,柯文哲,L1-05,0.0,2024-11-11,2024-11-11/2024-11-17
2024-11-11/2024-11-17,柯文哲,L1-06,0.0,2024-11-11,2024-11-11/2024-11-17
2024-11-11/2024-11-17,柯文哲,L1-07,0.0,2024-11-11,2024-11-11/2024-11-17
2024-11-11/2024-11-17,赖清德,L1-01,0.0,2024-11-11,2024-11-11/2024-11-17
2024-11-11/2024-11-17,赖清德,L1-02,0.0,2024-11-11,2024-11-11/2024-11-17
2024-11-11/2024-11-17,赖清德,L1-03,0.0,2024-11-11,2024-11-11/2024-11-17
2024-11-11/2024-11-17,赖清德,L1-04,0.0,2024-11-11,2024-11-11/2024-11-17
2024-11-11/2024-11-17,赖清德,L1-05,0.0,2024-11-11,2024-11-11/2024-11-17
2024-11-11/2024-11-17,赖清德,L1-06,0.0,2024-11-11,2024-11-11/2024-11-17
2024-11-11/2024-11-17,赖清德,L1-07,0.0,2024-11-11,2024-11-11/2024-11-17
2024-11-18/2024-11-24,柯文哲,L1-01,0.0,2024-11-18,2024-11-18/2024-11-24
2024-11-18/2024-11-24,柯文哲,L1-02,0.0,2024-11-18,2024-11-18/2024-11-24
2024-11-18/2024-11-24,柯文哲,L1-03,0.0,2024-11-18,2024-11-18/2024-11-24
2024-11-18/2024-11-24,柯文哲,L1-04,0.0,2024-11-18,2024-11-18/2024-11-24
2024-11-18/2024-11-24,柯文哲,L1-05,0.0,2024-11-18,2024-11-18/2024-11-24
2024-11-18/2024-11-24,柯文哲,L1-06,0.0,2024-11-18,2024-11-18/2024-11-24
2024-11-18/2024-11-24,柯文哲,L1-07,0.0,2024-11-18,2024-11-18/2024-11-24
2024-11-18/2024-11-24,赖清德,L1-01,0.0,2024-11-18,2024-11-18/2024-11-24
2024-11-18/2024-11-24,赖清德,L1-02,0.0,2024-11-18,2024-11-18/2024-11-24
2024-11-18/2024-11-24,赖清德,L1-03,0.0,2024-11-18,2024-11-18/2024-11-24
2024-11-18/2024-11-24,赖清德,L1-04,0.0,2024-11-18,2024-11-18/2024-11-24
2024-11-18/2024-11-24,赖清德,L1-05,0.0,2024-11-18,2024-11-18/2024-11-24
2024-11-18/2024-11-24,赖清德,L1-06,0.0,2024-11-18,2024-11-18/2024-11-24
2024-11-18/2024-11-24,赖清德,L1-07,0.0,2024-11-18,2024-11-18/2024-11-24
2024-11-25/2024-12-01,柯文哲,L1-01,0.0,2024-11-25,2024-11-25/2024-12-01
2024-11-25/2024-12-01,柯文哲,L1-02,0.0,2024-11-25,2024-11-25/2024-12-01
2024-11-25/2024-12-01,柯文哲,L1-03,0.0,2024-11-25,2024-11-25/2024-12-01
2024-11-25/2024-12-01,柯文哲,L1-04,0.0,2024-11-25,2024-11-25/2024-12-01
2024-11-25/2024-12-01,柯文哲,L1-05,0.0,2024-11-25,2024-11-25/2024-12-01
2024-11-25/2024-12-01,柯文哲,L1-06,0.0,2024-11-25,2024-11-25/2024-12-01
2024-11-25/2024-12-01,柯文哲,L1-07,0.0,2024-11-25,2024-11-25/2024-12-01
2024-11-25/2024-12-01,赖清德,L1-01,0.0,2024-11-25,2024-11-25/2024-12-01
2024-11-25/2024-12-01,赖清德,L1-02,0.0,2024-11-25,2024-11-25/2024-12-01
2024-11-25/2024-12-01,赖清德,L1-03,0.0,2024-11-25,2024-11-25/2024-12-01
2024-11-25/2024-12-01,赖清德,L1-04,0.0,2024-11-25,2024-11-25/2024-12-01
2024-11-25/2024-12-01,赖清德,L1-05,0.0,2024-11-25,2024-11-25/2024-12-01
2024-11-25/2024-12-01,赖清德,L1-06,0.0,2024-11-25,2024-11-25/2024-12-01
2024-11-25/2024-12-01,赖清德,L1-07,0.0,2024-11-25,2024-11-25/2024-12-01
2024-12-02/2024-12-08,柯文哲,L1-01,0.0,2024-12-02,2024-12-02/2024-12-08
2024-12-02/2024-12-08,柯文哲,L1-02,0.0,2024-12-02,2024-12-02/2024-12-08
2024-12-02/2024-12-08,柯文哲,L1-03,0.0,2024-12-02,2024-12-02/2024-12-08
2024-12-02/2024-12-08,柯文哲,L1-04,0.0,2024-12-02,2024-12-02/2024-12-08
2024-12-02/2024-12-08,柯文哲,L1-05,0.0,2024-12-02,2024-12-02/2024-12-08
2024-12-02/2024-12-08,柯文哲,L1-06,0.0,2024-12-02,2024-12-02/2024-12-08
2024-12-02/2024-12-08,柯文哲,L1-07,0.0,2024-12-02,2024-12-02/2024-12-08
2024-12-02/2024-12-08,赖清德,L1-01,0.0,2024-12-02,2024-12-02/2024-12-08
2024-12-02/2024-12-08,赖清德,L1-02,0.0,2024-12-02,2024-12-02/2024-12-08
2024-12-02/2024-12-08,赖清德,L1-03,0.0,2024-12-02,2024-12-02/2024-12-08
2024-12-02/2024-12-08,赖清德,L1-04,0.0,2024-12-02,2024-12-02/2024-12-08
2024-12-02/2024-12-08,赖清德,L1-05,0.0,2024-12-02,2024-12-02/2024-12-08
2024-12-02/2024-12-08,赖清德,L1-06,0.0,2024-12-02,2024-12-02/2024-12-08
2024-12-02/2024-12-08,赖清德,L1-07,0.0,2024-12-02,2024-12-02/2024-12-08
2024-12-09/2024-12-15,柯文哲,L1-01,0.0,2024-12-09,2024-12-09/2024-12-15
2024-12-09/2024-12-15,柯文哲,L1-02,0.0,2024-12-09,2024-12-09/2024-12-15
2024-12-09/2024-12-15,柯文哲,L1-03,0.0,2024-12-09,2024-12-09/2024-12-15
2024-12-09/2024-12-15,柯文哲,L1-04,0.0,2024-12-09,2024-12-09/2024-12-15
2024-12-09/2024-12-15,柯文哲,L1-05,0.0,2024-12-09,2024-12-09/2024-12-15
2024-12-09/2024-12-15,柯文哲,L1-06,0.0,2024-12-09,2024-12-09/2024-12-15
2024-12-09/2024-12-15,柯文哲,L1-07,0.0,2024-12-09,2024-12-09/2024-12-15
2024-12-09/2024-12-15,赖清德,L1-01,0.0,2024-12-09,2024-12-09/2024-12-15
2024-12-09/2024-12-15,赖清德,L1-02,0.0,2024-12-09,2024-12-09/2024-12-15
2024-12-09/2024-12-15,赖清德,L1-03,0.0,2024-12-09,2024-12-09/2024-12-15
2024-12-09/2024-12-15,赖清德,L1-04,0.0,2024-12-09,2024-12-09/2024-12-15
2024-12-09/2024-12-15,赖清德,L1-05,0.0,2024-12-09,2024-12-09/2024-12-15
2024-12-09/2024-12-15,赖清德,L1-06,0.0,2024-12-09,2024-12-09/2024-12-15
2024-12-09/2024-12-15,赖清德,L1-07,0.0,2024-12-09,2024-12-09/2024-12-15
2024-12-16/2024-12-22,柯文哲,L1-01,0.0,2024-12-16,2024-12-16/2024-12-22
2024-12-16/2024-12-22,柯文哲,L1-02,0.0,2024-12-16,2024-12-16/2024-12-22
2024-12-16/2024-12-22,柯文哲,L1-03,0.0,2024-12-16,2024-12-16/2024-12-22
2024-12-16/2024-12-22,柯文哲,L1-04,0.0,2024-12-16,2024-12-16/2024-12-22
2024-12-16/2024-12-22,柯文哲,L1-05,0.0,2024-12-16,2024-12-16/2024-12-22
2024-12-16/2024-12-22,柯文哲,L1-06,0.0,2024-12-16,2024-12-16/2024-12-22
2024-12-16/2024-12-22,柯文哲,L1-07,0.0,2024-12-16,2024-12-16/2024-12-22
2024-12-16/2024-12-22,赖清德,L1-01,0.0,2024-12-16,2024-12-16/2024-12-22
2024-12-16/2024-12-22,赖清德,L1-02,0.0,2024-12-16,2024-12-16/2024-12-22
2024-12-16/2024-12-22,赖清德,L1-03,0.0,2024-12-16,2024-12-16/2024-12-22
2024-12-16/2024-12-22,赖清德,L1-04,0.0,2024-12-16,2024-12-16/2024-12-22
2024-12-16/2024-12-22,赖清德,L1-05,0.0,2024-12-16,2024-12-16/2024-12-22
2024-12-16/2024-12-22,赖清德,L1-06,0.0,2024-12-16,2024-12-16/2024-12-22
2024-12-16/2024-12-22,赖清德,L1-07,0.0,2024-12-16,2024-12-16/2024-12-22
2024-12-23/2024-12-29,柯文哲,L1-01,0.0,2024-12-23,2024-12-23/2024-12-29
2024-12-23/2024-12-29,柯文哲,L1-02,0.0,2024-12-23,2024-12-23/2024-12-29
2024-12-23/2024-12-29,柯文哲,L1-03,0.0,2024-12-23,2024-12-23/2024-12-29
2024-12-23/2024-12-29,柯文哲,L1-04,0.0,2024-12-23,2024-12-23/2024-12-29
2024-12-23/2024-12-29,柯文哲,L1-05,0.0,2024-12-23,2024-12-23/2024-12-29
2024-12-23/2024-12-29,柯文哲,L1-06,0.0,2024-12-23,2024-12-23/2024-12-29
2024-12-23/2024-12-29,柯文哲,L1-07,0.0,2024-12-23,2024-12-23/2024-12-29
2024-12-23/2024-12-29,赖清德,L1-01,0.0,2024-12-23,2024-12-23/2024-12-29
2024-12-23/2024-12-29,赖清德,L1-02,0.0,2024-12-23,2024-12-23/2024-12-29
2024-12-23/2024-12-29,赖清德,L1-03,0.0,2024-12-23,2024-12-23/2024-12-29
2024-12-23/2024-12-29,赖清德,L1-04,0.0,2024-12-23,2024-12-23/2024-12-29
2024-12-23/2024-12-29,赖清德,L1-05,0.0,2024-12-23,2024-12-23/2024-12-29
2024-12-23/2024-12-29,赖清德,L1-06,0.0,2024-12-23,2024-12-23/2024-12-29
2024-12-23/2024-12-29,赖清德,L1-07,0.0,2024-12-23,2024-12-23/2024-12-29
2024-12-30/2025-01-05,柯文哲,L1-01,0.0,2024-12-30,2024-12-30/2025-01-05
2024-12-30/2025-01-05,柯文哲,L1-02,0.0,2024-12-30,2024-12-30/2025-01-05
2024-12-30/2025-01-05,柯文哲,L1-03,0.0,2024-12-30,2024-12-30/2025-01-05
2024-12-30/2025-01-05,柯文哲,L1-04,0.0,2024-12-30,2024-12-30/2025-01-05
2024-12-30/2025-01-05,柯文哲,L1-05,0.0,2024-12-30,2024-12-30/2025-01-05
2024-12-30/2025-01-05,柯文哲,L1-06,0.0,2024-12-30,2024-12-30/2025-01-05
2024-12-30/2025-01-05,柯文哲,L1-07,0.0,2024-12-30,2024-12-30/2025-01-05
2024-12-30/2025-01-05,赖清德,L1-01,0.0,2024-12-30,2024-12-30/2025-01-05
2024-12-30/2025-01-05,赖清德,L1-02,0.0,2024-12-30,2024-12-30/2025-01-05
2024-12-30/2025-01-05,赖清德,L1-03,0.0,2024-12-30,2024-12-30/2025-01-05
2024-12-30/2025-01-05,赖清德,L1-04,0.0,2024-12-30,2024-12-30/2025-01-05
2024-12-30/2025-01-05,赖清德,L1-05,0.0,2024-12-30,2024-12-30/2025-01-05
2024-12-30/2025-01-05,赖清德,L1-06,0.014285714285714285,2024-12-30,2024-12-30/2025-01-05
2024-12-30/2025-01-05,赖清德,L1-07,0.014285714285714285,2024-12-30,2024-12-30/2025-01-05
2025-01-06/2025-01-12,柯文哲,L1-01,0.0,2025-01-06,2025-01-06/2025-01-12
2025-01-06/2025-01-12,柯文哲,L1-02,0.0,2025-01-06,2025-01-06/2025-01-12
2025-01-06/2025-01-12,柯文哲,L1-03,0.0,2025-01-06,2025-01-06/2025-01-12
2025-01-06/2025-01-12,柯文哲,L1-04,0.0,2025-01-06,2025-01-06/2025-01-12
2025-01-06/2025-01-12,柯文哲,L1-05,0.0,2025-01-06,2025-01-06/2025-01-12
2025-01-06/2025-01-12,柯文哲,L1-06,0.0,2025-01-06,2025-01-06/2025-01-12
2025-01-06/2025-01-12,柯文哲,L1-07,0.0,2025-01-06,2025-01-06/2025-01-12
2025-01-13/2025-01-19,柯文哲,L1-01,0.0,2025-01-13,2025-01-13/2025-01-19
2025-01-13/2025-01-19,柯文哲,L1-02,0.0,2025-01-13,2025-01-13/2025-01-19
2025-01-13/2025-01-19,柯文哲,L1-03,0.0,2025-01-13,2025-01-13/2025-01-19
2025-01-13/2025-01-19,柯文哲,L1-04,0.0,2025-01-13,2025-01-13/2025-01-19
2025-01-13/2025-01-19,柯文哲,L1-05,0.0,2025-01-13,2025-01-13/2025-01-19
2025-01-13/2025-01-19,柯文哲,L1-06,0.0,2025-01-13,2025-01-13/2025-01-19
2025-01-13/2025-01-19,柯文哲,L1-07,0.0,2025-01-13,2025-01-13/2025-01-19
2025-01-20/2025-01-26,柯文哲,L1-01,0.0,2025-01-20,2025-01-20/2025-01-26
2025-01-20/2025-01-26,柯文哲,L1-02,0.0,2025-01-20,2025-01-20/2025-01-26
2025-01-20/2025-01-26,柯文哲,L1-03,0.0,2025-01-20,2025-01-20/2025-01-26
2025-01-20/2025-01-26,柯文哲,L1-04,0.0,2025-01-20,2025-01-20/2025-01-26
2025-01-20/2025-01-26,柯文哲,L1-05,0.0,2025-01-20,2025-01-20/2025-01-26
2025-01-20/2025-01-26,柯文哲,L1-06,0.0,2025-01-20,2025-01-20/2025-01-26
2025-01-20/2025-01-26,柯文哲,L1-07,0.0,2025-01-20,2025-01-20/2025-01-26
2025-01-27/2025-02-02,柯文哲,L1-01,0.0,2025-01-27,2025-01-27/2025-02-02
2025-01-27/2025-02-02,柯文哲,L1-02,0.0,2025-01-27,2025-01-27/2025-02-02
2025-01-27/2025-02-02,柯文哲,L1-03,0.0,2025-01-27,2025-01-27/2025-02-02
2025-01-27/2025-02-02,柯文哲,L1-04,0.0,2025-01-27,2025-01-27/2025-02-02
2025-01-27/2025-02-02,柯文哲,L1-05,0.0,2025-01-27,2025-01-27/2025-02-02
2025-01-27/2025-02-02,柯文哲,L1-06,0.0,2025-01-27,2025-01-27/2025-02-02
2025-01-27/2025-02-02,柯文哲,L1-07,0.0,2025-01-27,2025-01-27/2025-02-02
2025-02-03/2025-02-09,柯文哲,L1-01,0.0,2025-02-03,2025-02-03/2025-02-09
2025-02-03/2025-02-09,柯文哲,L1-02,0.0,2025-02-03,2025-02-03/2025-02-09
2025-02-03/2025-02-09,柯文哲,L1-03,0.0,2025-02-03,2025-02-03/2025-02-09
2025-02-03/2025-02-09,柯文哲,L1-04,0.0,2025-02-03,2025-02-03/2025-02-09
2025-02-03/2025-02-09,柯文哲,L1-05,0.0,2025-02-03,2025-02-03/2025-02-09
2025-02-03/2025-02-09,柯文哲,L1-06,0.0,2025-02-03,2025-02-03/2025-02-09
2025-02-03/2025-02-09,柯文哲,L1-07,0.0,2025-02-03,2025-02-03/2025-02-09
2025-02-10/2025-02-16,柯文哲,L1-01,0.0,2025-02-10,2025-02-10/2025-02-16
2025-02-10/2025-02-16,柯文哲,L1-02,0.0,2025-02-10,2025-02-10/2025-02-16
2025-02-10/2025-02-16,柯文哲,L1-03,0.0,2025-02-10,2025-02-10/2025-02-16
2025-02-10/2025-02-16,柯文哲,L1-04,0.0,2025-02-10,2025-02-10/2025-02-16
2025-02-10/2025-02-16,柯文哲,L1-05,0.0,2025-02-10,2025-02-10/2025-02-16
2025-02-10/2025-02-16,柯文哲,L1-06,0.0,2025-02-10,2025-02-10/2025-02-16
2025-02-10/2025-02-16,柯文哲,L1-07,0.0,2025-02-10,2025-02-10/2025-02-16
2025-02-17/2025-02-23,柯文哲,L1-01,0.0,2025-02-17,2025-02-17/2025-02-23
2025-02-17/2025-02-23,柯文哲,L1-02,0.0,2025-02-17,2025-02-17/2025-02-23
2025-02-17/2025-02-23,柯文哲,L1-03,0.0,2025-02-17,2025-02-17/2025-02-23
2025-02-17/2025-02-23,柯文哲,L1-04,0.0,2025-02-17,2025-02-17/2025-02-23
2025-02-17/2025-02-23,柯文哲,L1-05,0.0,2025-02-17,2025-02-17/2025-02-23
2025-02-17/2025-02-23,柯文哲,L1-06,0.0,2025-02-17,2025-02-17/2025-02-23
2025-02-17/2025-02-23,柯文哲,L1-07,0.0,2025-02-17,2025-02-17/2025-02-23
2025-02-24/2025-03-02,柯文哲,L1-01,0.0,2025-02-24,2025-02-24/2025-03-02
2025-02-24/2025-03-02,柯文哲,L1-02,0.0,2025-02-24,2025-02-24/2025-03-02
2025-02-24/2025-03-02,柯文哲,L1-03,0.0,2025-02-24,2025-02-24/2025-03-02
2025-02-24/2025-03-02,柯文哲,L1-04,0.0,2025-02-24,2025-02-24/2025-03-02
2025-02-24/2025-03-02,柯文哲,L1-05,0.0,2025-02-24,2025-02-24/2025-03-02
2025-02-24/2025-03-02,柯文哲,L1-06,0.0,2025-02-24,2025-02-24/2025-03-02
2025-02-24/2025-03-02,柯文哲,L1-07,0.0,2025-02-24,2025-02-24/2025-03-02
2025-03-03/2025-03-09,柯文哲,L1-01,0.0,2025-03-03,2025-03-03/2025-03-09
2025-03-03/2025-03-09,柯文哲,L1-02,0.0,2025-03-03,2025-03-03/2025-03-09
2025-03-03/2025-03-09,柯文哲,L1-03,0.0,2025-03-03,2025-03-03/2025-03-09
2025-03-03/2025-03-09,柯文哲,L1-04,0.0,2025-03-03,2025-03-03/2025-03-09
2025-03-03/2025-03-09,柯文哲,L1-05,0.0,2025-03-03,2025-03-03/2025-03-09
2025-03-03/2025-03-09,柯文哲,L1-06,0.0,2025-03-03,2025-03-03/2025-03-09
2025-03-03/2025-03-09,柯文哲,L1-07,0.0,2025-03-03,2025-03-03/2025-03-09
2025-03-10/2025-03-16,柯文哲,L1-01,0.0,2025-03-10,2025-03-10/2025-03-16
2025-03-10/2025-03-16,柯文哲,L1-02,0.0,2025-03-10,2025-03-10/2025-03-16
2025-03-10/2025-03-16,柯文哲,L1-03,0.0,2025-03-10,2025-03-10/2025-03-16
2025-03-10/2025-03-16,柯文哲,L1-04,0.0,2025-03-10,2025-03-10/2025-03-16
2025-03-10/2025-03-16,柯文哲,L1-05,0.0,2025-03-10,2025-03-10/2025-03-16
2025-03-10/2025-03-16,柯文哲,L1-06,0.0,2025-03-10,2025-03-10/2025-03-16
2025-03-10/2025-03-16,柯文哲,L1-07,0.0,2025-03-10,2025-03-10/2025-03-16
2025-03-17/2025-03-23,柯文哲,L1-01,0.0,2025-03-17,2025-03-17/2025-03-23
2025-03-17/2025-03-23,柯文哲,L1-02,0.0,2025-03-17,2025-03-17/2025-03-23
2025-03-17/2025-03-23,柯文哲,L1-03,0.0,2025-03-17,2025-03-17/2025-03-23
2025-03-17/2025-03-23,柯文哲,L1-04,0.0,2025-03-17,2025-03-17/2025-03-23
2025-03-17/2025-03-23,柯文哲,L1-05,0.0,2025-03-17,2025-03-17/2025-03-23
2025-03-17/2025-03-23,柯文哲,L1-06,0.0,2025-03-17,2025-03-17/2025-03-23
2025-03-17/2025-03-23,柯文哲,L1-07,0.0,2025-03-17,2025-03-17/2025-03-23
2025-03-24/2025-03-30,柯文哲,L1-01,0.0,2025-03-24,2025-03-24/2025-03-30
2025-03-24/2025-03-30,柯文哲,L1-02,0.0,2025-03-24,2025-03-24/2025-03-30
2025-03-24/2025-03-30,柯文哲,L1-03,0.0,2025-03-24,2025-03-24/2025-03-30
2025-03-24/2025-03-30,柯文哲,L1-04,0.0,2025-03-24,2025-03-24/2025-03-30
2025-03-24/2025-03-30,柯文哲,L1-05,0.0,2025-03-24,2025-03-24/2025-03-30
2025-03-24/2025-03-30,柯文哲,L1-06,0.0,2025-03-24,2025-03-24/2025-03-30
2025-03-24/2025-03-30,柯文哲,L1-07,0.0,2025-03-24,2025-03-24/2025-03-30
2025-03-31/2025-04-06,柯文哲,L1-01,0.0,2025-03-31,2025-03-31/2025-04-06
2025-03-31/2025-04-06,柯文哲,L1-02,0.0,2025-03-31,2025-03-31/2025-04-06
2025-03-31/2025-04-06,柯文哲,L1-03,0.0,2025-03-31,2025-03-31/2025-04-06
2025-03-31/2025-04-06,柯文哲,L1-04,0.0,2025-03-31,2025-03-31/2025-04-06
2025-03-31/2025-04-06,柯文哲,L1-05,0.0,2025-03-31,2025-03-31/2025-04-06
2025-03-31/2025-04-06,柯文哲,L1-06,0.0,2025-03-31,2025-03-31/2025-04-06
2025-03-31/2025-04-06,柯文哲,L1-07,0.0,2025-03-31,2025-03-31/2025-04-06
2025-04-07/2025-04-13,柯文哲,L1-01,0.0,2025-04-07,2025-04-07/2025-04-13
2025-04-07/2025-04-13,柯文哲,L1-02,0.0,2025-04-07,2025-04-07/2025-04-13
2025-04-07/2025-04-13,柯文哲,L1-03,0.0,2025-04-07,2025-04-07/2025-04-13
2025-04-07/2025-04-13,柯文哲,L1-04,0.0,2025-04-07,2025-04-07/2025-04-13
2025-04-07/2025-04-13,柯文哲,L1-05,0.0,2025-04-07,2025-04-07/2025-04-13
2025-04-07/2025-04-13,柯文哲,L1-06,0.0,2025-04-07,2025-04-07/2025-04-13
2025-04-07/2025-04-13,柯文哲,L1-07,0.0,2025-04-07,2025-04-07/2025-04-13
2025-04-14/2025-04-20,柯文哲,L1-01,0.0,2025-04-14,2025-04-14/2025-04-20
2025-04-14/2025-04-20,柯文哲,L1-02,0.0,2025-04-14,2025-04-14/2025-04-20
2025-04-14/2025-04-20,柯文哲,L1-03,0.0,2025-04-14,2025-04-14/2025-04-20
2025-04-14/2025-04-20,柯文哲,L1-04,0.0,2025-04-14,2025-04-14/2025-04-20
2025-04-14/2025-04-20,柯文哲,L1-05,0.0,2025-04-14,2025-04-14/2025-04-20
2025-04-14/2025-04-20,柯文哲,L1-06,0.0,2025-04-14,2025-04-14/2025-04-20
2025-04-14/2025-04-20,柯文哲,L1-07,0.0,2025-04-14,2025-04-14/2025-04-20
2025-04-21/2025-04-27,柯文哲,L1-01,0.0,2025-04-21,2025-04-21/2025-04-27
2025-04-21/2025-04-27,柯文哲,L1-02,0.0,2025-04-21,2025-04-21/2025-04-27
2025-04-21/2025-04-27,柯文哲,L1-03,0.0,2025-04-21,2025-04-21/2025-04-27
2025-04-21/2025-04-27,柯文哲,L1-04,0.0,2025-04-21,2025-04-21/2025-04-27
2025-04-21/2025-04-27,柯文哲,L1-05,0.0,2025-04-21,2025-04-21/2025-04-27
2025-04-21/2025-04-27,柯文哲,L1-06,0.0,2025-04-21,2025-04-21/2025-04-27
2025-04-21/2025-04-27,柯文哲,L1-07,0.0,2025-04-21,2025-04-21/2025-04-27
2025-04-28/2025-05-04,柯文哲,L1-01,0.0,2025-04-28,2025-04-28/2025-05-04
2025-04-28/2025-05-04,柯文哲,L1-02,0.0,2025-04-28,2025-04-28/2025-05-04
2025-04-28/2025-05-04,柯文哲,L1-03,0.0,2025-04-28,2025-04-28/2025-05-04
2025-04-28/2025-05-04,柯文哲,L1-04,0.0,2025-04-28,2025-04-28/2025-05-04
2025-04-28/2025-05-04,柯文哲,L1-05,0.0,2025-04-28,2025-04-28/2025-05-04
2025-04-28/2025-05-04,柯文哲,L1-06,0.0,2025-04-28,2025-04-28/2025-05-04
2025-04-28/2025-05-04,柯文哲,L1-07,0.0,2025-04-28,2025-04-28/2025-05-04
2025-05-05/2025-05-11,柯文哲,L1-01,0.0,2025-05-05,2025-05-05/2025-05-11
2025-05-05/2025-05-11,柯文哲,L1-02,0.0,2025-05-05,2025-05-05/2025-05-11
2025-05-05/2025-05-11,柯文哲,L1-03,0.0,2025-05-05,2025-05-05/2025-05-11
2025-05-05/2025-05-11,柯文哲,L1-04,0.0,2025-05-05,2025-05-05/2025-05-11
2025-05-05/2025-05-11,柯文哲,L1-05,0.0,2025-05-05,2025-05-05/2025-05-11
2025-05-05/2025-05-11,柯文哲,L1-06,0.0,2025-05-05,2025-05-05/2025-05-11
2025-05-05/2025-05-11,柯文哲,L1-07,0.0,2025-05-05,2025-05-05/2025-05-11
2025-05-12/2025-05-18,柯文哲,L1-01,0.0,2025-05-12,2025-05-12/2025-05-18
2025-05-12/2025-05-18,柯文哲,L1-02,0.0,2025-05-12,2025-05-12/2025-05-18
2025-05-12/2025-05-18,柯文哲,L1-03,0.0,2025-05-12,2025-05-12/2025-05-18
2025-05-12/2025-05-18,柯文哲,L1-04,0.0,2025-05-12,2025-05-12/2025-05-18
2025-05-12/2025-05-18,柯文哲,L1-05,0.0,2025-05-12,2025-05-12/2025-05-18
2025-05-12/2025-05-18,柯文哲,L1-06,0.0,2025-05-12,2025-05-12/2025-05-18
2025-05-12/2025-05-18,柯文哲,L1-07,0.0,2025-05-12,2025-05-12/2025-05-18
2025-05-19/2025-05-25,柯文哲,L1-01,0.0,2025-05-19,2025-05-19/2025-05-25
2025-05-19/2025-05-25,柯文哲,L1-02,0.0,2025-05-19,2025-05-19/2025-05-25
2025-05-19/2025-05-25,柯文哲,L1-03,0.038961038961039016,2025-05-19,2025-05-19/2025-05-25
2025-05-19/2025-05-25,柯文哲,L1-04,0.012987012987013003,2025-05-19,2025-05-19/2025-05-25
2025-05-19/2025-05-25,柯文哲,L1-05,0.0,2025-05-19,2025-05-19/2025-05-25
2025-05-19/2025-05-25,柯文哲,L1-06,0.07792207792207795,2025-05-19,2025-05-19/2025-05-25
2025-05-19/2025-05-25,柯文哲,L1-07,0.012987012987012988,2025-05-19,2025-05-19/2025-05-25
