period,candidate,L2,share_smooth,period_start,period_end
2023-01-09/2023-01-15,柯文哲,L2-01,0.3333333333333333,2023-01-09,2023-01-09/2023-01-15
2023-01-09/2023-01-15,柯文哲,L2-02,0.07407407407407407,2023-01-09,2023-01-09/2023-01-15
2023-01-09/2023-01-15,柯文哲,L2-03,0.0,2023-01-09,2023-01-09/2023-01-15
2023-01-09/2023-01-15,柯文哲,L2-04,0.1111111111111111,2023-01-09,2023-01-09/2023-01-15
2023-01-09/2023-01-15,柯文哲,L2-05,0.2222222222222222,2023-01-09,2023-01-09/2023-01-15
2023-01-09/2023-01-15,柯文哲,L2-06,0.18518518518518517,2023-01-09,2023-01-09/2023-01-15
2023-01-09/2023-01-15,柯文哲,L2-07,0.4444444444444444,2023-01-09,2023-01-09/2023-01-15
2023-01-09/2023-01-15,柯文哲,L2-08,0.07407407407407407,2023-01-09,2023-01-09/2023-01-15
2023-01-09/2023-01-15,赖清德,L2-01,0.05,2023-01-09,2023-01-09/2023-01-15
2023-01-09/2023-01-15,赖清德,L2-02,0.0,2023-01-09,2023-01-09/2023-01-15
2023-01-09/2023-01-15,赖清德,L2-03,0.0,2023-01-09,2023-01-09/2023-01-15
2023-01-09/2023-01-15,赖清德,L2-04,0.0,2023-01-09,2023-01-09/2023-01-15
2023-01-09/2023-01-15,赖清德,L2-05,0.15,2023-01-09,2023-01-09/2023-01-15
2023-01-09/2023-01-15,赖清德,L2-06,0.1,2023-01-09,2023-01-09/2023-01-15
2023-01-09/2023-01-15,赖清德,L2-07,0.05,2023-01-09,2023-01-09/2023-01-15
2023-01-09/2023-01-15,赖清德,L2-08,0.05,2023-01-09,2023-01-09/2023-01-15
2023-01-16/2023-01-22,侯友宜,L2-01,0.0,2023-01-16,2023-01-16/2023-01-22
2023-01-16/2023-01-22,侯友宜,L2-02,0.0,2023-01-16,2023-01-16/2023-01-22
2023-01-16/2023-01-22,侯友宜,L2-03,0.0,2023-01-16,2023-01-16/2023-01-22
2023-01-16/2023-01-22,侯友宜,L2-04,0.0,2023-01-16,2023-01-16/2023-01-22
2023-01-16/2023-01-22,侯友宜,L2-05,0.0,2023-01-16,2023-01-16/2023-01-22
2023-01-16/2023-01-22,侯友宜,L2-06,0.4083333333333334,2023-01-16,2023-01-16/2023-01-22
2023-01-16/2023-01-22,侯友宜,L2-07,0.10277777777777779,2023-01-16,2023-01-16/2023-01-22
2023-01-16/2023-01-22,侯友宜,L2-08,0.0,2023-01-16,2023-01-16/2023-01-22
2023-01-16/2023-01-22,柯文哲,L2-01,0.11396015549076773,2023-01-16,2023-01-16/2023-01-22
2023-01-16/2023-01-22,柯文哲,L2-02,0.047921390778533635,2023-01-16,2023-01-16/2023-01-22
2023-01-16/2023-01-22,柯文哲,L2-03,0.025218658892128275,2023-01-16,2023-01-16/2023-01-22
2023-01-16/2023-01-22,柯文哲,L2-04,0.025283446712018137,2023-01-16,2023-01-16/2023-01-22
2023-01-16/2023-01-22,柯文哲,L2-05,0.20177437641723356,2023-01-16,2023-01-16/2023-01-22
2023-01-16/2023-01-22,柯文哲,L2-06,0.13124986502537522,2023-01-16,2023-01-16/2023-01-22
2023-01-16/2023-01-22,柯文哲,L2-07,0.1902445740200842,2023-01-16,2023-01-16/2023-01-22
2023-01-16/2023-01-22,柯文哲,L2-08,0.016855631141345424,2023-01-16,2023-01-16/2023-01-22
2023-01-16/2023-01-22,赖清德,L2-01,0.11031230674087818,2023-01-16,2023-01-16/2023-01-22
2023-01-16/2023-01-22,赖清德,L2-02,0.012891156462585035,2023-01-16,2023-01-16/2023-01-22
2023-01-16/2023-01-22,赖清德,L2-03,0.012891156462585035,2023-01-16,2023-01-16/2023-01-22
2023-01-16/2023-01-22,赖清德,L2-04,0.012891156462585035,2023-01-16,2023-01-16/2023-01-22
2023-01-16/2023-01-22,赖清德,L2-05,0.2704672878142266,2023-01-16,2023-01-16/2023-01-22
2023-01-16/2023-01-22,赖清德,L2-06,0.24996768537584863,2023-01-16,2023-01-16/2023-01-22
2023-01-16/2023-01-22,赖清德,L2-07,0.12235235852582792,2023-01-16,2023-01-16/2023-01-22
2023-01-16/2023-01-22,赖清德,L2-08,0.07663907521050377,2023-01-16,2023-01-16/2023-01-22
2023-01-23/2023-01-29,侯友宜,L2-01,0.12244897959183673,2023-01-23,2023-01-23/2023-01-29
2023-01-23/2023-01-29,侯友宜,L2-02,0.0,2023-01-23,2023-01-23/2023-01-29
2023-01-23/2023-01-29,侯友宜,L2-03,0.0,2023-01-23,2023-01-23/2023-01-29
2023-01-23/2023-01-29,侯友宜,L2-04,0.0,2023-01-23,2023-01-23/2023-01-29
2023-01-23/2023-01-29,侯友宜,L2-05,0.12244897959183673,2023-01-23,2023-01-23/2023-01-29
2023-01-23/2023-01-29,侯友宜,L2-06,0.02040816326530612,2023-01-23,2023-01-23/2023-01-29
2023-01-23/2023-01-29,侯友宜,L2-07,0.2040816326530612,2023-01-23,2023-01-23/2023-01-29
2023-01-23/2023-01-29,侯友宜,L2-08,0.0,2023-01-23,2023-01-23/2023-01-29
2023-01-23/2023-01-29,柯文哲,L2-01,0.03654033041788144,2023-01-23,2023-01-23/2023-01-29
2023-01-23/2023-01-29,柯文哲,L2-02,0.02040816326530612,2023-01-23,2023-01-23/2023-01-29
2023-01-23/2023-01-29,柯文哲,L2-03,0.0029154518950437317,2023-01-23,2023-01-23/2023-01-29
2023-01-23/2023-01-29,柯文哲,L2-04,0.0,2023-01-23,2023-01-23/2023-01-29
2023-01-23/2023-01-29,柯文哲,L2-05,0.10272108843537416,2023-01-23,2023-01-23/2023-01-29
2023-01-23/2023-01-29,柯文哲,L2-06,0.15587949465500486,2023-01-23,2023-01-23/2023-01-29
2023-01-23/2023-01-29,柯文哲,L2-07,0.035568513119533525,2023-01-23,2023-01-23/2023-01-29
2023-01-23/2023-01-29,柯文哲,L2-08,0.0,2023-01-23,2023-01-23/2023-01-29
2023-01-23/2023-01-29,赖清德,L2-01,0.20027591456162885,2023-01-23,2023-01-23/2023-01-29
2023-01-23/2023-01-29,赖清德,L2-02,0.004081632653061225,2023-01-23,2023-01-23/2023-01-29
2023-01-23/2023-01-29,赖清德,L2-03,0.06437847866419294,2023-01-23,2023-01-23/2023-01-29
2023-01-23/2023-01-29,赖清德,L2-04,0.010575139146567717,2023-01-23,2023-01-23/2023-01-29
2023-01-23/2023-01-29,赖清德,L2-05,0.16487560058988632,2023-01-23,2023-01-23/2023-01-29
2023-01-23/2023-01-29,赖清德,L2-06,0.07579325436468294,2023-01-23,2023-01-23/2023-01-29
2023-01-23/2023-01-29,赖清德,L2-07,0.05710479996194281,2023-01-23,2023-01-23/2023-01-29
2023-01-23/2023-01-29,赖清德,L2-08,0.052376195233338085,2023-01-23,2023-01-23/2023-01-29
2023-01-30/2023-02-05,侯友宜,L2-01,0.12244897959183673,2023-01-30,2023-01-30/2023-02-05
2023-01-30/2023-02-05,侯友宜,L2-02,0.0,2023-01-30,2023-01-30/2023-02-05
2023-01-30/2023-02-05,侯友宜,L2-03,0.0,2023-01-30,2023-01-30/2023-02-05
2023-01-30/2023-02-05,侯友宜,L2-04,0.0,2023-01-30,2023-01-30/2023-02-05
2023-01-30/2023-02-05,侯友宜,L2-05,0.02040816326530612,2023-01-30,2023-01-30/2023-02-05
2023-01-30/2023-02-05,侯友宜,L2-06,0.0,2023-01-30,2023-01-30/2023-02-05
2023-01-30/2023-02-05,侯友宜,L2-07,0.12244897959183673,2023-01-30,2023-01-30/2023-02-05
2023-01-30/2023-02-05,侯友宜,L2-08,0.1020408163265306,2023-01-30,2023-01-30/2023-02-05
2023-01-30/2023-02-05,柯文哲,L2-01,0.053449951409135076,2023-01-30,2023-01-30/2023-02-05
2023-01-30/2023-02-05,柯文哲,L2-02,0.0,2023-01-30,2023-01-30/2023-02-05
2023-01-30/2023-02-05,柯文哲,L2-03,0.0,2023-01-30,2023-01-30/2023-02-05
2023-01-30/2023-02-05,柯文哲,L2-04,0.0,2023-01-30,2023-01-30/2023-02-05
2023-01-30/2023-02-05,柯文哲,L2-05,0.07687074829931974,2023-01-30,2023-01-30/2023-02-05
2023-01-30/2023-02-05,柯文哲,L2-06,0.2118561710398445,2023-01-30,2023-01-30/2023-02-05
2023-01-30/2023-02-05,柯文哲,L2-07,0.0750242954324587,2023-01-30,2023-01-30/2023-02-05
2023-01-30/2023-02-05,柯文哲,L2-08,0.0,2023-01-30,2023-01-30/2023-02-05
2023-01-30/2023-02-05,赖清德,L2-01,0.15430963594228903,2023-01-30,2023-01-30/2023-02-05
2023-01-30/2023-02-05,赖清德,L2-02,0.0,2023-01-30,2023-01-30/2023-02-05
2023-01-30/2023-02-05,赖清德,L2-03,0.0336248785228377,2023-01-30,2023-01-30/2023-02-05
2023-01-30/2023-02-05,赖清德,L2-04,0.0,2023-01-30,2023-01-30/2023-02-05
2023-01-30/2023-02-05,赖清德,L2-05,0.132892277790237,2023-01-30,2023-01-30/2023-02-05
2023-01-30/2023-02-05,赖清德,L2-06,0.07654182552141735,2023-01-30,2023-01-30/2023-02-05
2023-01-30/2023-02-05,赖清德,L2-07,0.10505344995140913,2023-01-30,2023-01-30/2023-02-05
2023-01-30/2023-02-05,赖清德,L2-08,0.029117141362039325,2023-01-30,2023-01-30/2023-02-05
2023-02-06/2023-02-12,侯友宜,L2-01,0.30612244897959184,2023-02-06,2023-02-06/2023-02-12
2023-02-06/2023-02-12,侯友宜,L2-02,0.0,2023-02-06,2023-02-06/2023-02-12
2023-02-06/2023-02-12,侯友宜,L2-03,0.0,2023-02-06,2023-02-06/2023-02-12
2023-02-06/2023-02-12,侯友宜,L2-04,0.0,2023-02-06,2023-02-06/2023-02-12
2023-02-06/2023-02-12,侯友宜,L2-05,0.0,2023-02-06,2023-02-06/2023-02-12
2023-02-06/2023-02-12,侯友宜,L2-06,0.18367346938775508,2023-02-06,2023-02-06/2023-02-12
2023-02-06/2023-02-12,侯友宜,L2-07,0.08163265306122448,2023-02-06,2023-02-06/2023-02-12
2023-02-06/2023-02-12,侯友宜,L2-08,0.04081632653061224,2023-02-06,2023-02-06/2023-02-12
2023-02-06/2023-02-12,柯文哲,L2-01,0.0836734693877551,2023-02-06,2023-02-06/2023-02-12
2023-02-06/2023-02-12,柯文哲,L2-02,0.0,2023-02-06,2023-02-06/2023-02-12
2023-02-06/2023-02-12,柯文哲,L2-03,0.0,2023-02-06,2023-02-06/2023-02-12
2023-02-06/2023-02-12,柯文哲,L2-04,0.024489795918367346,2023-02-06,2023-02-06/2023-02-12
2023-02-06/2023-02-12,柯文哲,L2-05,0.2306122448979592,2023-02-06,2023-02-06/2023-02-12
2023-02-06/2023-02-12,柯文哲,L2-06,0.17210884353741498,2023-02-06,2023-02-06/2023-02-12
2023-02-06/2023-02-12,柯文哲,L2-07,0.0326530612244898,2023-02-06,2023-02-06/2023-02-12
2023-02-06/2023-02-12,柯文哲,L2-08,0.0,2023-02-06,2023-02-06/2023-02-12
2023-02-06/2023-02-12,赖清德,L2-01,0.16975235052571253,2023-02-06,2023-02-06/2023-02-12
2023-02-06/2023-02-12,赖清德,L2-02,0.01727533118510562,2023-02-06,2023-02-06/2023-02-12
2023-02-06/2023-02-12,赖清德,L2-03,0.035855140205301325,2023-02-06,2023-02-06/2023-02-12
2023-02-06/2023-02-12,赖清德,L2-04,0.019047619047619046,2023-02-06,2023-02-06/2023-02-12
2023-02-06/2023-02-12,赖清德,L2-05,0.3011204096059091,2023-02-06,2023-02-06/2023-02-12
2023-02-06/2023-02-12,赖清德,L2-06,0.17069852810991373,2023-02-06,2023-02-06/2023-02-12
2023-02-06/2023-02-12,赖清德,L2-07,0.15818201967503792,2023-02-06,2023-02-06/2023-02-12
2023-02-06/2023-02-12,赖清德,L2-08,0.01851567694747072,2023-02-06,2023-02-06/2023-02-12
2023-02-13/2023-02-19,侯友宜,L2-01,0.061224489795918366,2023-02-13,2023-02-13/2023-02-19
2023-02-13/2023-02-19,侯友宜,L2-02,0.0,2023-02-13,2023-02-13/2023-02-19
2023-02-13/2023-02-19,侯友宜,L2-03,0.0,2023-02-13,2023-02-13/2023-02-19
2023-02-13/2023-02-19,侯友宜,L2-04,0.0,2023-02-13,2023-02-13/2023-02-19
2023-02-13/2023-02-19,侯友宜,L2-05,0.0,2023-02-13,2023-02-13/2023-02-19
2023-02-13/2023-02-19,侯友宜,L2-06,0.13265306122448978,2023-02-13,2023-02-13/2023-02-19
2023-02-13/2023-02-19,侯友宜,L2-07,0.14285714285714285,2023-02-13,2023-02-13/2023-02-19
2023-02-13/2023-02-19,侯友宜,L2-08,0.0,2023-02-13,2023-02-13/2023-02-19
2023-02-13/2023-02-19,柯文哲,L2-01,0.19824667962423065,2023-02-13,2023-02-13/2023-02-19
2023-02-13/2023-02-19,柯文哲,L2-02,0.012896825396825396,2023-02-13,2023-02-13/2023-02-19
2023-02-13/2023-02-19,柯文哲,L2-03,0.03733398121153223,2023-02-13,2023-02-13/2023-02-19
2023-02-13/2023-02-19,柯文哲,L2-04,0.004081632653061225,2023-02-13,2023-02-13/2023-02-19
2023-02-13/2023-02-19,柯文哲,L2-05,0.09290978296080336,2023-02-13,2023-02-13/2023-02-19
2023-02-13/2023-02-19,柯文哲,L2-06,0.14241982507288628,2023-02-13,2023-02-13/2023-02-19
2023-02-13/2023-02-19,柯文哲,L2-07,0.04498704243602203,2023-02-13,2023-02-13/2023-02-19
2023-02-13/2023-02-19,柯文哲,L2-08,0.003826530612244898,2023-02-13,2023-02-13/2023-02-19
2023-02-13/2023-02-19,赖清德,L2-01,0.13119415493207115,2023-02-13,2023-02-13/2023-02-19
2023-02-13/2023-02-19,赖清德,L2-02,0.07309089049153496,2023-02-13,2023-02-13/2023-02-19
2023-02-13/2023-02-19,赖清德,L2-03,0.038519375361480625,2023-02-13,2023-02-13/2023-02-19
2023-02-13/2023-02-19,赖清德,L2-04,0.011661807580174927,2023-02-13,2023-02-13/2023-02-19
2023-02-13/2023-02-19,赖清德,L2-05,0.1644160440347336,2023-02-13,2023-02-13/2023-02-19
2023-02-13/2023-02-19,赖清德,L2-06,0.2123943099507009,2023-02-13,2023-02-13/2023-02-19
2023-02-13/2023-02-19,赖清德,L2-07,0.10062784512301161,2023-02-13,2023-02-13/2023-02-19
2023-02-13/2023-02-19,赖清德,L2-08,0.004296455424274974,2023-02-13,2023-02-13/2023-02-19
2023-02-20/2023-02-26,侯友宜,L2-01,0.1020408163265306,2023-02-20,2023-02-20/2023-02-26
2023-02-20/2023-02-26,侯友宜,L2-02,0.0,2023-02-20,2023-02-20/2023-02-26
2023-02-20/2023-02-26,侯友宜,L2-03,0.0,2023-02-20,2023-02-20/2023-02-26
2023-02-20/2023-02-26,侯友宜,L2-04,0.0,2023-02-20,2023-02-20/2023-02-26
2023-02-20/2023-02-26,侯友宜,L2-05,0.02040816326530612,2023-02-20,2023-02-20/2023-02-26
2023-02-20/2023-02-26,侯友宜,L2-06,0.061224489795918366,2023-02-20,2023-02-20/2023-02-26
2023-02-20/2023-02-26,侯友宜,L2-07,0.14285714285714285,2023-02-20,2023-02-20/2023-02-26
2023-02-20/2023-02-26,侯友宜,L2-08,0.04081632653061224,2023-02-20,2023-02-20/2023-02-26
2023-02-20/2023-02-26,柯文哲,L2-01,0.17476514415289926,2023-02-20,2023-02-20/2023-02-26
2023-02-20/2023-02-26,柯文哲,L2-02,0.034033851635892454,2023-02-20,2023-02-20/2023-02-26
2023-02-20/2023-02-26,柯文哲,L2-03,0.0550453514739229,2023-02-20,2023-02-20/2023-02-26
2023-02-20/2023-02-26,柯文哲,L2-04,0.011358114674441203,2023-02-20,2023-02-20/2023-02-26
2023-02-20/2023-02-26,柯文哲,L2-05,0.08727324263038548,2023-02-20,2023-02-20/2023-02-26
2023-02-20/2023-02-26,柯文哲,L2-06,0.10682701652089407,2023-02-20,2023-02-20/2023-02-26
2023-02-20/2023-02-26,柯文哲,L2-07,0.10066002591512795,2023-02-20,2023-02-20/2023-02-26
2023-02-20/2023-02-26,柯文哲,L2-08,0.005952380952380952,2023-02-20,2023-02-20/2023-02-26
2023-02-20/2023-02-26,赖清德,L2-01,0.14717491006427633,2023-02-20,2023-02-20/2023-02-26
2023-02-20/2023-02-26,赖清德,L2-02,0.030382077643087316,2023-02-20,2023-02-20/2023-02-26
2023-02-20/2023-02-26,赖清德,L2-03,0.015514977920992958,2023-02-20,2023-02-20/2023-02-26
2023-02-20/2023-02-26,赖清德,L2-04,0.015191038821543655,2023-02-20,2023-02-20/2023-02-26
2023-02-20/2023-02-26,赖清德,L2-05,0.18260361788825805,2023-02-20,2023-02-20/2023-02-26
2023-02-20/2023-02-26,赖清德,L2-06,0.1089032104069698,2023-02-20,2023-02-20/2023-02-26
2023-02-20/2023-02-26,赖清德,L2-07,0.1307861490460846,2023-02-20,2023-02-20/2023-02-26
2023-02-20/2023-02-26,赖清德,L2-08,0.012889366272824923,2023-02-20,2023-02-20/2023-02-26
2023-02-27/2023-03-05,侯友宜,L2-01,0.017857142857142856,2023-02-27,2023-02-27/2023-03-05
2023-02-27/2023-03-05,侯友宜,L2-02,0.0,2023-02-27,2023-02-27/2023-03-05
2023-02-27/2023-03-05,侯友宜,L2-03,0.0,2023-02-27,2023-02-27/2023-03-05
2023-02-27/2023-03-05,侯友宜,L2-04,0.03571428571428571,2023-02-27,2023-02-27/2023-03-05
2023-02-27/2023-03-05,侯友宜,L2-05,0.2423469387755102,2023-02-27,2023-02-27/2023-03-05
2023-02-27/2023-03-05,侯友宜,L2-06,0.1403061224489796,2023-02-27,2023-02-27/2023-03-05
2023-02-27/2023-03-05,侯友宜,L2-07,0.22193877551020408,2023-02-27,2023-02-27/2023-03-05
2023-02-27/2023-03-05,侯友宜,L2-08,0.11989795918367348,2023-02-27,2023-02-27/2023-03-05
2023-02-27/2023-03-05,柯文哲,L2-01,0.17480048296374825,2023-02-27,2023-02-27/2023-03-05
2023-02-27/2023-03-05,柯文哲,L2-02,0.07515755219836853,2023-02-27,2023-02-27/2023-03-05
2023-02-27/2023-03-05,柯文哲,L2-03,0.030466472303207,2023-02-27,2023-02-27/2023-03-05
2023-02-27/2023-03-05,柯文哲,L2-04,0.12937317784256558,2023-02-27,2023-02-27/2023-03-05
2023-02-27/2023-03-05,柯文哲,L2-05,0.1721773124834349,2023-02-27,2023-02-27/2023-03-05
2023-02-27/2023-03-05,柯文哲,L2-06,0.13685396236416644,2023-02-27,2023-02-27/2023-03-05
2023-02-27/2023-03-05,柯文哲,L2-07,0.17242910151073418,2023-02-27,2023-02-27/2023-03-05
2023-02-27/2023-03-05,柯文哲,L2-08,0.01530612244897959,2023-02-27,2023-02-27/2023-03-05
2023-02-27/2023-03-05,赖清德,L2-01,0.08459925323512864,2023-02-27,2023-02-27/2023-03-05
2023-02-27/2023-03-05,赖清德,L2-02,0.007518796992481207,2023-02-27,2023-02-27/2023-03-05
2023-02-27/2023-03-05,赖清德,L2-03,0.007876834944504117,2023-02-27,2023-02-27/2023-03-05
2023-02-27/2023-03-05,赖清德,L2-04,0.029645542427497316,2023-02-27,2023-02-27/2023-03-05
2023-02-27/2023-03-05,赖清德,L2-05,0.18005698520009508,2023-02-27,2023-02-27/2023-03-05
2023-02-27/2023-03-05,赖清德,L2-06,0.16008719277184555,2023-02-27,2023-02-27/2023-03-05
2023-02-27/2023-03-05,赖清德,L2-07,0.1396002009826487,2023-02-27,2023-02-27/2023-03-05
2023-02-27/2023-03-05,赖清德,L2-08,0.013647564288873445,2023-02-27,2023-02-27/2023-03-05
2023-03-06/2023-03-12,侯友宜,L2-01,0.0,2023-03-06,2023-03-06/2023-03-12
2023-03-06/2023-03-12,侯友宜,L2-02,0.0,2023-03-06,2023-03-06/2023-03-12
2023-03-06/2023-03-12,侯友宜,L2-03,0.0,2023-03-06,2023-03-06/2023-03-12
2023-03-06/2023-03-12,侯友宜,L2-04,0.00510204081632653,2023-03-06,2023-03-06/2023-03-12
2023-03-06/2023-03-12,侯友宜,L2-05,0.04591836734693877,2023-03-06,2023-03-06/2023-03-12
2023-03-06/2023-03-12,侯友宜,L2-06,0.0,2023-03-06,2023-03-06/2023-03-12
2023-03-06/2023-03-12,侯友宜,L2-07,0.04081632653061224,2023-03-06,2023-03-06/2023-03-12
2023-03-06/2023-03-12,侯友宜,L2-08,0.0,2023-03-06,2023-03-06/2023-03-12
2023-03-06/2023-03-12,柯文哲,L2-01,0.09729952587095445,2023-03-06,2023-03-06/2023-03-12
2023-03-06/2023-03-12,柯文哲,L2-02,0.017316017316017316,2023-03-06,2023-03-06/2023-03-12
2023-03-06/2023-03-12,柯文哲,L2-03,0.0,2023-03-06,2023-03-06/2023-03-12
2023-03-06/2023-03-12,柯文哲,L2-04,0.006802721088435374,2023-03-06,2023-03-06/2023-03-12
2023-03-06/2023-03-12,柯文哲,L2-05,0.0608534322820037,2023-03-06,2023-03-06/2023-03-12
2023-03-06/2023-03-12,柯文哲,L2-06,0.09800041228612656,2023-03-06,2023-03-06/2023-03-12
2023-03-06/2023-03-12,柯文哲,L2-07,0.07491238919810349,2023-03-06,2023-03-06/2023-03-12
2023-03-06/2023-03-12,柯文哲,L2-08,0.0,2023-03-06,2023-03-06/2023-03-12
2023-03-06/2023-03-12,赖清德,L2-01,0.08676466009744857,2023-03-06,2023-03-06/2023-03-12
2023-03-06/2023-03-12,赖清德,L2-02,0.03767515505711928,2023-03-06,2023-03-06/2023-03-12
2023-03-06/2023-03-12,赖清德,L2-03,0.0072675032746017665,2023-03-06,2023-03-06/2023-03-12
2023-03-06/2023-03-12,赖清德,L2-04,0.0,2023-03-06,2023-03-06/2023-03-12
2023-03-06/2023-03-12,赖清德,L2-05,0.23104891951332127,2023-03-06,2023-03-06/2023-03-12
2023-03-06/2023-03-12,赖清德,L2-06,0.13169630606955654,2023-03-06,2023-03-06/2023-03-12
2023-03-06/2023-03-12,赖清德,L2-07,0.12364868144053957,2023-03-06,2023-03-06/2023-03-12
2023-03-06/2023-03-12,赖清德,L2-08,0.01874433984119964,2023-03-06,2023-03-06/2023-03-12
2023-03-13/2023-03-19,侯友宜,L2-01,0.0,2023-03-13,2023-03-13/2023-03-19
2023-03-13/2023-03-19,侯友宜,L2-02,0.0,2023-03-13,2023-03-13/2023-03-19
2023-03-13/2023-03-19,侯友宜,L2-03,0.0,2023-03-13,2023-03-13/2023-03-19
2023-03-13/2023-03-19,侯友宜,L2-04,0.030612244897959183,2023-03-13,2023-03-13/2023-03-19
2023-03-13/2023-03-19,侯友宜,L2-05,0.030612244897959183,2023-03-13,2023-03-13/2023-03-19
2023-03-13/2023-03-19,侯友宜,L2-06,0.043731778425655975,2023-03-13,2023-03-13/2023-03-19
2023-03-13/2023-03-19,侯友宜,L2-07,0.014577259475218656,2023-03-13,2023-03-13/2023-03-19
2023-03-13/2023-03-19,侯友宜,L2-08,0.0,2023-03-13,2023-03-13/2023-03-19
2023-03-13/2023-03-19,柯文哲,L2-01,0.08826842092148214,2023-03-13,2023-03-13/2023-03-19
2023-03-13/2023-03-19,柯文哲,L2-02,0.0,2023-03-13,2023-03-13/2023-03-19
2023-03-13/2023-03-19,柯文哲,L2-03,0.031509307019511094,2023-03-13,2023-03-13/2023-03-19
2023-03-13/2023-03-19,柯文哲,L2-04,0.0,2023-03-13,2023-03-13/2023-03-19
2023-03-13/2023-03-19,柯文哲,L2-05,0.03289227779023696,2023-03-13,2023-03-13/2023-03-19
2023-03-13/2023-03-19,柯文哲,L2-06,0.038000548204629836,2023-03-13,2023-03-13/2023-03-19
2023-03-13/2023-03-19,柯文哲,L2-07,0.05391094166604371,2023-03-13,2023-03-13/2023-03-19
2023-03-13/2023-03-19,柯文哲,L2-08,0.08936981385960978,2023-03-13,2023-03-13/2023-03-19
2023-03-13/2023-03-19,赖清德,L2-01,0.23892618029707643,2023-03-13,2023-03-13/2023-03-19
2023-03-13/2023-03-19,赖清德,L2-02,0.02804297890810758,2023-03-13,2023-03-13/2023-03-19
2023-03-13/2023-03-19,赖清德,L2-03,0.05867951923852545,2023-03-13,2023-03-13/2023-03-19
2023-03-13/2023-03-19,赖清德,L2-04,0.017857142857142856,2023-03-13,2023-03-13/2023-03-19
2023-03-13/2023-03-19,赖清德,L2-05,0.33561880050345,2023-03-13,2023-03-13/2023-03-19
2023-03-13/2023-03-19,赖清德,L2-06,0.17369432056654774,2023-03-13,2023-03-13/2023-03-19
2023-03-13/2023-03-19,赖清德,L2-07,0.11850066772427019,2023-03-13,2023-03-13/2023-03-19
2023-03-13/2023-03-19,赖清德,L2-08,0.05193038254262745,2023-03-13,2023-03-13/2023-03-19
2023-03-20/2023-03-26,侯友宜,L2-01,0.0,2023-03-20,2023-03-20/2023-03-26
2023-03-20/2023-03-26,侯友宜,L2-02,0.0,2023-03-20,2023-03-20/2023-03-26
2023-03-20/2023-03-26,侯友宜,L2-03,0.04081632653061224,2023-03-20,2023-03-20/2023-03-26
2023-03-20/2023-03-26,侯友宜,L2-04,0.0,2023-03-20,2023-03-20/2023-03-26
2023-03-20/2023-03-26,侯友宜,L2-05,0.16326530612244897,2023-03-20,2023-03-20/2023-03-26
2023-03-20/2023-03-26,侯友宜,L2-06,0.11953352769679301,2023-03-20,2023-03-20/2023-03-26
2023-03-20/2023-03-26,侯友宜,L2-07,0.026239067055393583,2023-03-20,2023-03-20/2023-03-26
2023-03-20/2023-03-26,侯友宜,L2-08,0.0,2023-03-20,2023-03-20/2023-03-26
2023-03-20/2023-03-26,柯文哲,L2-01,0.08417432907228826,2023-03-20,2023-03-20/2023-03-26
2023-03-20/2023-03-26,柯文哲,L2-02,0.013119533527696792,2023-03-20,2023-03-20/2023-03-26
2023-03-20/2023-03-26,柯文哲,L2-03,0.028083028083028077,2023-03-20,2023-03-20/2023-03-26
2023-03-20/2023-03-26,柯文哲,L2-04,0.0,2023-03-20,2023-03-20/2023-03-26
2023-03-20/2023-03-26,柯文哲,L2-05,0.04547606588422914,2023-03-20,2023-03-20/2023-03-26
2023-03-20/2023-03-26,柯文哲,L2-06,0.04278487951957339,2023-03-20,2023-03-20/2023-03-26
2023-03-20/2023-03-26,柯文哲,L2-07,0.07134135705564276,2023-03-20,2023-03-20/2023-03-26
2023-03-20/2023-03-26,柯文哲,L2-08,0.057773292467170015,2023-03-20,2023-03-20/2023-03-26
2023-03-20/2023-03-26,赖清德,L2-01,0.17697751422870503,2023-03-20,2023-03-20/2023-03-26
2023-03-20/2023-03-26,赖清德,L2-02,0.025813896987366382,2023-03-20,2023-03-20/2023-03-26
2023-03-20/2023-03-26,赖清德,L2-03,0.07697636658349975,2023-03-20,2023-03-20/2023-03-26
2023-03-20/2023-03-26,赖清德,L2-04,0.008928571428571428,2023-03-20,2023-03-20/2023-03-26
2023-03-20/2023-03-26,赖清德,L2-05,0.18661511455580698,2023-03-20,2023-03-20/2023-03-26
2023-03-20/2023-03-26,赖清德,L2-06,0.13885909132540042,2023-03-20,2023-03-20/2023-03-26
2023-03-20/2023-03-26,赖清德,L2-07,0.17049706420761293,2023-03-20,2023-03-20/2023-03-26
2023-03-20/2023-03-26,赖清德,L2-08,0.09484598196211876,2023-03-20,2023-03-20/2023-03-26
2023-03-27/2023-04-02,侯友宜,L2-01,0.0,2023-03-27,2023-03-27/2023-04-02
2023-03-27/2023-04-02,侯友宜,L2-02,0.0,2023-03-27,2023-03-27/2023-04-02
2023-03-27/2023-04-02,侯友宜,L2-03,0.05442176870748299,2023-03-27,2023-03-27/2023-04-02
2023-03-27/2023-04-02,侯友宜,L2-04,0.0,2023-03-27,2023-03-27/2023-04-02
2023-03-27/2023-04-02,侯友宜,L2-05,0.14285714285714285,2023-03-27,2023-03-27/2023-04-02
2023-03-27/2023-04-02,侯友宜,L2-06,0.08503401360544219,2023-03-27,2023-03-27/2023-04-02
2023-03-27/2023-04-02,侯友宜,L2-07,0.1020408163265306,2023-03-27,2023-03-27/2023-04-02
2023-03-27/2023-04-02,侯友宜,L2-08,0.1020408163265306,2023-03-27,2023-03-27/2023-04-02
2023-03-27/2023-04-02,柯文哲,L2-01,0.15846910192648486,2023-03-27,2023-03-27/2023-04-02
2023-03-27/2023-04-02,柯文哲,L2-02,0.020433887840850627,2023-03-27,2023-03-27/2023-04-02
2023-03-27/2023-04-02,柯文哲,L2-03,0.04079346024123935,2023-03-27,2023-03-27/2023-04-02
2023-03-27/2023-04-02,柯文哲,L2-04,0.012244897959183673,2023-03-27,2023-03-27/2023-04-02
2023-03-27/2023-04-02,柯文哲,L2-05,0.1125326321004592,2023-03-27,2023-03-27/2023-04-02
2023-03-27/2023-04-02,柯文哲,L2-06,0.11176851693058175,2023-03-27,2023-03-27/2023-04-02
2023-03-27/2023-04-02,柯文哲,L2-07,0.07665923512262048,2023-03-27,2023-03-27/2023-04-02
2023-03-27/2023-04-02,柯文哲,L2-08,0.05659120791173612,2023-03-27,2023-03-27/2023-04-02
2023-03-27/2023-04-02,赖清德,L2-01,0.2545535683900707,2023-03-27,2023-03-27/2023-04-02
2023-03-27/2023-04-02,赖清德,L2-02,0.09900063921672565,2023-03-27,2023-03-27/2023-04-02
2023-03-27/2023-04-02,赖清德,L2-03,0.035424358264462046,2023-03-27,2023-03-27/2023-04-02
2023-03-27/2023-04-02,赖清德,L2-04,0.04342776071467548,2023-03-27,2023-03-27/2023-04-02
2023-03-27/2023-04-02,赖清德,L2-05,0.14028311506141347,2023-03-27,2023-03-27/2023-04-02
2023-03-27/2023-04-02,赖清德,L2-06,0.31047832020995475,2023-03-27,2023-03-27/2023-04-02
2023-03-27/2023-04-02,赖清德,L2-07,0.14602276002190803,2023-03-27,2023-03-27/2023-04-02
2023-03-27/2023-04-02,赖清德,L2-08,0.15023555746941877,2023-03-27,2023-03-27/2023-04-02
2023-04-03/2023-04-09,侯友宜,L2-01,0.0,2023-04-03,2023-04-03/2023-04-09
2023-04-03/2023-04-09,侯友宜,L2-02,0.0,2023-04-03,2023-04-03/2023-04-09
2023-04-03/2023-04-09,侯友宜,L2-03,0.0,2023-04-03,2023-04-03/2023-04-09
2023-04-03/2023-04-09,侯友宜,L2-04,0.0,2023-04-03,2023-04-03/2023-04-09
2023-04-03/2023-04-09,侯友宜,L2-05,0.0,2023-04-03,2023-04-03/2023-04-09
2023-04-03/2023-04-09,侯友宜,L2-06,0.0,2023-04-03,2023-04-03/2023-04-09
2023-04-03/2023-04-09,侯友宜,L2-07,0.04081632653061224,2023-04-03,2023-04-03/2023-04-09
2023-04-03/2023-04-09,侯友宜,L2-08,0.04081632653061224,2023-04-03,2023-04-03/2023-04-09
2023-04-03/2023-04-09,柯文哲,L2-01,0.30839498590133724,2023-04-03,2023-04-03/2023-04-09
2023-04-03/2023-04-09,柯文哲,L2-02,0.03581339512549205,2023-04-03,2023-04-03/2023-04-09
2023-04-03/2023-04-09,柯文哲,L2-03,0.14123975171463934,2023-04-03,2023-04-03/2023-04-09
2023-04-03/2023-04-09,柯文哲,L2-04,0.017750355956336023,2023-04-03,2023-04-03/2023-04-09
2023-04-03/2023-04-09,柯文哲,L2-05,0.19826442204788888,2023-04-03,2023-04-03/2023-04-09
2023-04-03/2023-04-09,柯文哲,L2-06,0.15862624119415208,2023-04-03,2023-04-03/2023-04-09
2023-04-03/2023-04-09,柯文哲,L2-07,0.16538243204258446,2023-04-03,2023-04-03/2023-04-09
2023-04-03/2023-04-09,柯文哲,L2-08,0.11281163628241994,2023-04-03,2023-04-03/2023-04-09
2023-04-03/2023-04-09,赖清德,L2-01,0.144796333741477,2023-04-03,2023-04-03/2023-04-09
2023-04-03/2023-04-09,赖清德,L2-02,0.030363227542099105,2023-04-03,2023-04-03/2023-04-09
2023-04-03/2023-04-09,赖清德,L2-03,0.003055767761650115,2023-04-03,2023-04-03/2023-04-09
2023-04-03/2023-04-09,赖清德,L2-04,0.0908805080473748,2023-04-03,2023-04-03/2023-04-09
2023-04-03/2023-04-09,赖清德,L2-05,0.12010720719682565,2023-04-03,2023-04-03/2023-04-09
2023-04-03/2023-04-09,赖清德,L2-06,0.18587738096585113,2023-04-03,2023-04-03/2023-04-09
2023-04-03/2023-04-09,赖清德,L2-07,0.11240594081817526,2023-04-03,2023-04-03/2023-04-09
2023-04-03/2023-04-09,赖清德,L2-08,0.05943437908832764,2023-04-03,2023-04-03/2023-04-09
2023-04-10/2023-04-16,侯友宜,L2-01,0.027210884353741496,2023-04-10,2023-04-10/2023-04-16
2023-04-10/2023-04-16,侯友宜,L2-02,0.0,2023-04-10,2023-04-10/2023-04-16
2023-04-10/2023-04-16,侯友宜,L2-03,0.027210884353741496,2023-04-10,2023-04-10/2023-04-16
2023-04-10/2023-04-16,侯友宜,L2-04,0.0,2023-04-10,2023-04-10/2023-04-16
2023-04-10/2023-04-16,侯友宜,L2-05,0.0,2023-04-10,2023-04-10/2023-04-16
2023-04-10/2023-04-16,侯友宜,L2-06,0.027210884353741503,2023-04-10,2023-04-10/2023-04-16
2023-04-10/2023-04-16,侯友宜,L2-07,0.0,2023-04-10,2023-04-10/2023-04-16
2023-04-10/2023-04-16,侯友宜,L2-08,0.0,2023-04-10,2023-04-10/2023-04-16
2023-04-10/2023-04-16,柯文哲,L2-01,0.13523659038204047,2023-04-10,2023-04-10/2023-04-16
2023-04-10/2023-04-16,柯文哲,L2-02,0.04428444094597567,2023-04-10,2023-04-10/2023-04-16
2023-04-10/2023-04-16,柯文哲,L2-03,0.05240448987309047,2023-04-10,2023-04-10/2023-04-16
2023-04-10/2023-04-16,柯文哲,L2-04,0.004387234190329563,2023-04-10,2023-04-10/2023-04-16
2023-04-10/2023-04-16,柯文哲,L2-05,0.13099173872612005,2023-04-10,2023-04-10/2023-04-16
2023-04-10/2023-04-16,柯文哲,L2-06,0.19145396105123844,2023-04-10,2023-04-10/2023-04-16
2023-04-10/2023-04-16,柯文哲,L2-07,0.236495653281165,2023-04-10,2023-04-10/2023-04-16
2023-04-10/2023-04-16,柯文哲,L2-08,0.06493839736688777,2023-04-10,2023-04-10/2023-04-16
2023-04-10/2023-04-16,赖清德,L2-01,0.1949110409898755,2023-04-10,2023-04-10/2023-04-16
2023-04-10/2023-04-16,赖清德,L2-02,0.0188953630232581,2023-04-10,2023-04-10/2023-04-16
2023-04-10/2023-04-16,赖清德,L2-03,0.027082052333128374,2023-04-10,2023-04-10/2023-04-16
2023-04-10/2023-04-16,赖清德,L2-04,0.09114713998822467,2023-04-10,2023-04-10/2023-04-16
2023-04-10/2023-04-16,赖清德,L2-05,0.16338656423262907,2023-04-10,2023-04-10/2023-04-16
2023-04-10/2023-04-16,赖清德,L2-06,0.1185848434207799,2023-04-10,2023-04-10/2023-04-16
2023-04-10/2023-04-16,赖清德,L2-07,0.2243837126754026,2023-04-10,2023-04-10/2023-04-16
2023-04-10/2023-04-16,赖清德,L2-08,0.1430954696912618,2023-04-10,2023-04-10/2023-04-16
2023-04-17/2023-04-23,侯友宜,L2-01,0.044897959183673466,2023-04-17,2023-04-17/2023-04-23
2023-04-17/2023-04-23,侯友宜,L2-02,0.0,2023-04-17,2023-04-17/2023-04-23
2023-04-17/2023-04-23,侯友宜,L2-03,0.02040816326530612,2023-04-17,2023-04-17/2023-04-23
2023-04-17/2023-04-23,侯友宜,L2-04,0.0,2023-04-17,2023-04-17/2023-04-23
2023-04-17/2023-04-23,侯友宜,L2-05,0.0,2023-04-17,2023-04-17/2023-04-23
2023-04-17/2023-04-23,侯友宜,L2-06,0.06802721088435375,2023-04-17,2023-04-17/2023-04-23
2023-04-17/2023-04-23,侯友宜,L2-07,0.036151603498542274,2023-04-17,2023-04-17/2023-04-23
2023-04-17/2023-04-23,侯友宜,L2-08,0.0,2023-04-17,2023-04-17/2023-04-23
2023-04-17/2023-04-23,柯文哲,L2-01,0.23249783919618924,2023-04-17,2023-04-17/2023-04-23
2023-04-17/2023-04-23,柯文哲,L2-02,0.06319901788107364,2023-04-17,2023-04-17/2023-04-23
2023-04-17/2023-04-23,柯文哲,L2-03,0.045084837976567836,2023-04-17,2023-04-17/2023-04-23
2023-04-17/2023-04-23,柯文哲,L2-04,0.028026524868859367,2023-04-17,2023-04-17/2023-04-23
2023-04-17/2023-04-23,柯文哲,L2-05,0.20146409619406133,2023-04-17,2023-04-17/2023-04-23
2023-04-17/2023-04-23,柯文哲,L2-06,0.12513325094924807,2023-04-17,2023-04-17/2023-04-23
2023-04-17/2023-04-23,柯文哲,L2-07,0.15870131426469816,2023-04-17,2023-04-17/2023-04-23
2023-04-17/2023-04-23,柯文哲,L2-08,0.06513955348885662,2023-04-17,2023-04-17/2023-04-23
2023-04-17/2023-04-23,赖清德,L2-01,0.18289542786978474,2023-04-17,2023-04-17/2023-04-23
2023-04-17/2023-04-23,赖清德,L2-02,0.01840248294439728,2023-04-17,2023-04-17/2023-04-23
2023-04-17/2023-04-23,赖清德,L2-03,0.033880403602682754,2023-04-17,2023-04-17/2023-04-23
2023-04-17/2023-04-23,赖清德,L2-04,0.011915677695982115,2023-04-17,2023-04-17/2023-04-23
2023-04-17/2023-04-23,赖清德,L2-05,0.20688205623623948,2023-04-17,2023-04-17/2023-04-23
2023-04-17/2023-04-23,赖清德,L2-06,0.17704179215990615,2023-04-17,2023-04-17/2023-04-23
2023-04-17/2023-04-23,赖清德,L2-07,0.24404618868147537,2023-04-17,2023-04-17/2023-04-23
2023-04-17/2023-04-23,赖清德,L2-08,0.09867311322219345,2023-04-17,2023-04-17/2023-04-23
2023-04-24/2023-04-30,侯友宜,L2-01,0.004081632653061225,2023-04-24,2023-04-24/2023-04-30
2023-04-24/2023-04-30,侯友宜,L2-02,0.0,2023-04-24,2023-04-24/2023-04-30
2023-04-24/2023-04-30,侯友宜,L2-03,0.0,2023-04-24,2023-04-24/2023-04-30
2023-04-24/2023-04-30,侯友宜,L2-04,0.0,2023-04-24,2023-04-24/2023-04-30
2023-04-24/2023-04-30,侯友宜,L2-05,0.07346938775510203,2023-04-24,2023-04-24/2023-04-30
2023-04-24/2023-04-30,侯友宜,L2-06,0.0020408163265306146,2023-04-24,2023-04-24/2023-04-30
2023-04-24/2023-04-30,侯友宜,L2-07,0.1260932944606414,2023-04-24,2023-04-24/2023-04-30
2023-04-24/2023-04-30,侯友宜,L2-08,0.03571428571428571,2023-04-24,2023-04-24/2023-04-30
2023-04-24/2023-04-30,柯文哲,L2-01,0.24051147832660438,2023-04-24,2023-04-24/2023-04-30
2023-04-24/2023-04-30,柯文哲,L2-02,0.023792080934938082,2023-04-24,2023-04-24/2023-04-30
2023-04-24/2023-04-30,柯文哲,L2-03,0.1225117281839971,2023-04-24,2023-04-24/2023-04-30
2023-04-24/2023-04-30,柯文哲,L2-04,0.013256584685156114,2023-04-24,2023-04-24/2023-04-30
2023-04-24/2023-04-30,柯文哲,L2-05,0.06490847205132917,2023-04-24,2023-04-24/2023-04-30
2023-04-24/2023-04-30,柯文哲,L2-06,0.13947281615348844,2023-04-24,2023-04-24/2023-04-30
2023-04-24/2023-04-30,柯文哲,L2-07,0.164180412289656,2023-04-24,2023-04-24/2023-04-30
2023-04-24/2023-04-30,柯文哲,L2-08,0.03202888917174631,2023-04-24,2023-04-24/2023-04-30
2023-04-24/2023-04-30,赖清德,L2-01,0.22059221957181135,2023-04-24,2023-04-24/2023-04-30
2023-04-24/2023-04-30,赖清德,L2-02,0.045150852548811744,2023-04-24,2023-04-24/2023-04-30
2023-04-24/2023-04-30,赖清德,L2-03,0.05790595458962805,2023-04-24,2023-04-24/2023-04-30
2023-04-24/2023-04-30,赖清德,L2-04,0.0009718172983479105,2023-04-24,2023-04-24/2023-04-30
2023-04-24/2023-04-30,赖清德,L2-05,0.14866853667874075,2023-04-24,2023-04-24/2023-04-30
2023-04-24/2023-04-30,赖清德,L2-06,0.3112598286067674,2023-04-24,2023-04-24/2023-04-30
2023-04-24/2023-04-30,赖清德,L2-07,0.3307583856053244,2023-04-24,2023-04-24/2023-04-30
2023-04-24/2023-04-30,赖清德,L2-08,0.12521350531554615,2023-04-24,2023-04-24/2023-04-30
2023-05-01/2023-05-07,侯友宜,L2-01,0.004081632653061225,2023-05-01,2023-05-01/2023-05-07
2023-05-01/2023-05-07,侯友宜,L2-02,0.004081632653061225,2023-05-01,2023-05-01/2023-05-07
2023-05-01/2023-05-07,侯友宜,L2-03,0.0,2023-05-01,2023-05-01/2023-05-07
2023-05-01/2023-05-07,侯友宜,L2-04,0.0,2023-05-01,2023-05-01/2023-05-07
2023-05-01/2023-05-07,侯友宜,L2-05,0.0163265306122449,2023-05-01,2023-05-01/2023-05-07
2023-05-01/2023-05-07,侯友宜,L2-06,0.024489795918367363,2023-05-01,2023-05-01/2023-05-07
2023-05-01/2023-05-07,侯友宜,L2-07,0.17959183673469387,2023-05-01,2023-05-01/2023-05-07
2023-05-01/2023-05-07,侯友宜,L2-08,0.004081632653061225,2023-05-01,2023-05-01/2023-05-07
2023-05-01/2023-05-07,柯文哲,L2-01,0.1943084881860392,2023-05-01,2023-05-01/2023-05-07
2023-05-01/2023-05-07,柯文哲,L2-02,0.03703703703703704,2023-05-01,2023-05-01/2023-05-07
2023-05-01/2023-05-07,柯文哲,L2-03,0.11070618723679948,2023-05-01,2023-05-01/2023-05-07
2023-05-01/2023-05-07,柯文哲,L2-04,0.029341029341029338,2023-05-01,2023-05-01/2023-05-07
2023-05-01/2023-05-07,柯文哲,L2-05,0.1418156295707316,2023-05-01,2023-05-01/2023-05-07
2023-05-01/2023-05-07,柯文哲,L2-06,0.18915540242070855,2023-05-01,2023-05-01/2023-05-07
2023-05-01/2023-05-07,柯文哲,L2-07,0.2748402391259534,2023-05-01,2023-05-01/2023-05-07
2023-05-01/2023-05-07,柯文哲,L2-08,0.04280315300723464,2023-05-01,2023-05-01/2023-05-07
2023-05-01/2023-05-07,赖清德,L2-01,0.17103984450923224,2023-05-01,2023-05-01/2023-05-07
2023-05-01/2023-05-07,赖清德,L2-02,0.017371234207968916,2023-05-01,2023-05-01/2023-05-07
2023-05-01/2023-05-07,赖清德,L2-03,0.01749271137026239,2023-05-01,2023-05-01/2023-05-07
2023-05-01/2023-05-07,赖清德,L2-04,0.010689990281827016,2023-05-01,2023-05-01/2023-05-07
2023-05-01/2023-05-07,赖清德,L2-05,0.0998299319727891,2023-05-01,2023-05-01/2023-05-07
2023-05-01/2023-05-07,赖清德,L2-06,0.203582641847948,2023-05-01,2023-05-01/2023-05-07
2023-05-01/2023-05-07,赖清德,L2-07,0.24795357703520968,2023-05-01,2023-05-01/2023-05-07
2023-05-01/2023-05-07,赖清德,L2-08,0.05290797637736414,2023-05-01,2023-05-01/2023-05-07
2023-05-08/2023-05-14,侯友宜,L2-01,0.08571428571428572,2023-05-08,2023-05-08/2023-05-14
2023-05-08/2023-05-14,侯友宜,L2-02,0.055102040816326525,2023-05-08,2023-05-08/2023-05-14
2023-05-08/2023-05-14,侯友宜,L2-03,0.11224489795918367,2023-05-08,2023-05-08/2023-05-14
2023-05-08/2023-05-14,侯友宜,L2-04,0.0,2023-05-08,2023-05-08/2023-05-14
2023-05-08/2023-05-14,侯友宜,L2-05,0.024489795918367346,2023-05-08,2023-05-08/2023-05-14
2023-05-08/2023-05-14,侯友宜,L2-06,0.04489795918367349,2023-05-08,2023-05-08/2023-05-14
2023-05-08/2023-05-14,侯友宜,L2-07,0.18775510204081633,2023-05-08,2023-05-08/2023-05-14
2023-05-08/2023-05-14,侯友宜,L2-08,0.055102040816326525,2023-05-08,2023-05-08/2023-05-14
2023-05-08/2023-05-14,柯文哲,L2-01,0.14660271112852147,2023-05-08,2023-05-08/2023-05-14
2023-05-08/2023-05-14,柯文哲,L2-02,0.023408913114795465,2023-05-08,2023-05-08/2023-05-14
2023-05-08/2023-05-14,柯文哲,L2-03,0.04433312851680198,2023-05-08,2023-05-08/2023-05-14
2023-05-08/2023-05-14,柯文哲,L2-04,0.015080479366193653,2023-05-08,2023-05-08/2023-05-14
2023-05-08/2023-05-14,柯文哲,L2-05,0.13911266312226694,2023-05-08,2023-05-08/2023-05-14
2023-05-08/2023-05-14,柯文哲,L2-06,0.15534452149098008,2023-05-08,2023-05-08/2023-05-14
2023-05-08/2023-05-14,柯文哲,L2-07,0.1684602724518691,2023-05-08,2023-05-08/2023-05-14
2023-05-08/2023-05-14,柯文哲,L2-08,0.026856302366506452,2023-05-08,2023-05-08/2023-05-14
2023-05-08/2023-05-14,赖清德,L2-01,0.22424550900149834,2023-05-08,2023-05-08/2023-05-14
2023-05-08/2023-05-14,赖清德,L2-02,0.031588921282798846,2023-05-08,2023-05-08/2023-05-14
2023-05-08/2023-05-14,赖清德,L2-03,0.03531041274608267,2023-05-08,2023-05-08/2023-05-14
2023-05-08/2023-05-14,赖清德,L2-04,0.03589871973634174,2023-05-08,2023-05-08/2023-05-14
2023-05-08/2023-05-14,赖清德,L2-05,0.19580976107595446,2023-05-08,2023-05-08/2023-05-14
2023-05-08/2023-05-14,赖清德,L2-06,0.19847215044641842,2023-05-08,2023-05-08/2023-05-14
2023-05-08/2023-05-14,赖清德,L2-07,0.2952249968310305,2023-05-08,2023-05-08/2023-05-14
2023-05-08/2023-05-14,赖清德,L2-08,0.05183822979741348,2023-05-08,2023-05-08/2023-05-14
2023-05-15/2023-05-21,侯友宜,L2-01,0.11619708612189815,2023-05-15,2023-05-15/2023-05-21
2023-05-15/2023-05-21,侯友宜,L2-02,0.04081632653061224,2023-05-15,2023-05-15/2023-05-21
2023-05-15/2023-05-21,侯友宜,L2-03,0.1020408163265306,2023-05-15,2023-05-15/2023-05-21
2023-05-15/2023-05-21,侯友宜,L2-04,0.005191550304332259,2023-05-15,2023-05-15/2023-05-21
2023-05-15/2023-05-21,侯友宜,L2-05,0.022277221525341822,2023-05-15,2023-05-15/2023-05-21
2023-05-15/2023-05-21,侯友宜,L2-06,0.1045051439788282,2023-05-15,2023-05-15/2023-05-21
2023-05-15/2023-05-21,侯友宜,L2-07,0.14185438621528848,2023-05-15,2023-05-15/2023-05-21
2023-05-15/2023-05-21,侯友宜,L2-08,0.07732806041076719,2023-05-15,2023-05-15/2023-05-21
2023-05-15/2023-05-21,柯文哲,L2-01,0.23345872010337798,2023-05-15,2023-05-15/2023-05-21
2023-05-15/2023-05-21,柯文哲,L2-02,0.03473013189399744,2023-05-15,2023-05-15/2023-05-21
2023-05-15/2023-05-21,柯文哲,L2-03,0.15363100949835642,2023-05-15,2023-05-15/2023-05-21
2023-05-15/2023-05-21,柯文哲,L2-04,0.014432800147085862,2023-05-15,2023-05-15/2023-05-21
2023-05-15/2023-05-21,柯文哲,L2-05,0.2286734084453172,2023-05-15,2023-05-15/2023-05-21
2023-05-15/2023-05-21,柯文哲,L2-06,0.1413004580771688,2023-05-15,2023-05-15/2023-05-21
2023-05-15/2023-05-21,柯文哲,L2-07,0.1318779790418446,2023-05-15,2023-05-15/2023-05-21
2023-05-15/2023-05-21,柯文哲,L2-08,0.1006789297605624,2023-05-15,2023-05-15/2023-05-21
2023-05-15/2023-05-21,赖清德,L2-01,0.13551189171216227,2023-05-15,2023-05-15/2023-05-21
2023-05-15/2023-05-21,赖清德,L2-02,0.014967302950324042,2023-05-15,2023-05-15/2023-05-21
2023-05-15/2023-05-21,赖清德,L2-03,0.04915701164810217,2023-05-15,2023-05-15/2023-05-21
2023-05-15/2023-05-21,赖清德,L2-04,0.020413220836057466,2023-05-15,2023-05-15/2023-05-21
2023-05-15/2023-05-21,赖清德,L2-05,0.18340732668312418,2023-05-15,2023-05-15/2023-05-21
2023-05-15/2023-05-21,赖清德,L2-06,0.17604153777141326,2023-05-15,2023-05-15/2023-05-21
2023-05-15/2023-05-21,赖清德,L2-07,0.2001256891343004,2023-05-15,2023-05-15/2023-05-21
2023-05-15/2023-05-21,赖清德,L2-08,0.06344227776981208,2023-05-15,2023-05-15/2023-05-21
2023-05-22/2023-05-28,侯友宜,L2-01,0.10646884443876925,2023-05-22,2023-05-22/2023-05-28
2023-05-22/2023-05-28,侯友宜,L2-02,0.049999999999999996,2023-05-22,2023-05-22/2023-05-28
2023-05-22/2023-05-28,侯友宜,L2-03,0.05565862708719851,2023-05-22,2023-05-22/2023-05-28
2023-05-22/2023-05-28,侯友宜,L2-04,0.030648048693161473,2023-05-22,2023-05-22/2023-05-28
2023-05-22/2023-05-28,侯友宜,L2-05,0.2648192659470855,2023-05-22,2023-05-22/2023-05-28
2023-05-22/2023-05-28,侯友宜,L2-06,0.1993944651839389,2023-05-22,2023-05-22/2023-05-28
2023-05-22/2023-05-28,侯友宜,L2-07,0.28043710675289624,2023-05-22,2023-05-22/2023-05-28
2023-05-22/2023-05-28,侯友宜,L2-08,0.09799986980438109,2023-05-22,2023-05-22/2023-05-28
2023-05-22/2023-05-28,柯文哲,L2-01,0.2777328283960937,2023-05-22,2023-05-22/2023-05-28
2023-05-22/2023-05-28,柯文哲,L2-02,0.041652395223823795,2023-05-22,2023-05-22/2023-05-28
2023-05-22/2023-05-28,柯文哲,L2-03,0.08167956193466398,2023-05-22,2023-05-22/2023-05-28
2023-05-22/2023-05-28,柯文哲,L2-04,0.021570294784580498,2023-05-22,2023-05-22/2023-05-28
2023-05-22/2023-05-28,柯文哲,L2-05,0.2499112055744709,2023-05-22,2023-05-22/2023-05-28
2023-05-22/2023-05-28,柯文哲,L2-06,0.24084395196640096,2023-05-22,2023-05-22/2023-05-28
2023-05-22/2023-05-28,柯文哲,L2-07,0.20754965555985966,2023-05-22,2023-05-22/2023-05-28
2023-05-22/2023-05-28,柯文哲,L2-08,0.1459576987638212,2023-05-22,2023-05-22/2023-05-28
2023-05-22/2023-05-28,赖清德,L2-01,0.21509383192417061,2023-05-22,2023-05-22/2023-05-28
2023-05-22/2023-05-28,赖清德,L2-02,0.01970452505748593,2023-05-22,2023-05-22/2023-05-28
2023-05-22/2023-05-28,赖清德,L2-03,0.0446549844341748,2023-05-22,2023-05-22/2023-05-28
2023-05-22/2023-05-28,赖清德,L2-04,0.03119921601018958,2023-05-22,2023-05-22/2023-05-28
2023-05-22/2023-05-28,赖清德,L2-05,0.24363121817513408,2023-05-22,2023-05-22/2023-05-28
2023-05-22/2023-05-28,赖清德,L2-06,0.20022907139196278,2023-05-22,2023-05-22/2023-05-28
2023-05-22/2023-05-28,赖清德,L2-07,0.1803546615307385,2023-05-22,2023-05-22/2023-05-28
2023-05-22/2023-05-28,赖清德,L2-08,0.05956598696645537,2023-05-22,2023-05-22/2023-05-28
2023-05-29/2023-06-04,侯友宜,L2-01,0.13144712430426714,2023-05-29,2023-05-29/2023-06-04
2023-05-29/2023-06-04,侯友宜,L2-02,0.0,2023-05-29,2023-05-29/2023-06-04
2023-05-29/2023-06-04,侯友宜,L2-03,0.016697588126159554,2023-05-29,2023-05-29/2023-06-04
2023-05-29/2023-06-04,侯友宜,L2-04,0.0,2023-05-29,2023-05-29/2023-06-04
2023-05-29/2023-06-04,侯友宜,L2-05,0.12102183530754959,2023-05-29,2023-05-29/2023-06-04
2023-05-29/2023-06-04,侯友宜,L2-06,0.09215784215784217,2023-05-29,2023-05-29/2023-06-04
2023-05-29/2023-06-04,侯友宜,L2-07,0.1541077969649398,2023-05-29,2023-05-29/2023-06-04
2023-05-29/2023-06-04,侯友宜,L2-08,0.03877551020408163,2023-05-29,2023-05-29/2023-06-04
2023-05-29/2023-06-04,柯文哲,L2-01,0.18676468617003453,2023-05-29,2023-05-29/2023-06-04
2023-05-29/2023-06-04,柯文哲,L2-02,0.04393424036281179,2023-05-29,2023-05-29/2023-06-04
2023-05-29/2023-06-04,柯文哲,L2-03,0.039568714185181465,2023-05-29,2023-05-29/2023-06-04
2023-05-29/2023-06-04,柯文哲,L2-04,0.0022675736961451248,2023-05-29,2023-05-29/2023-06-04
2023-05-29/2023-06-04,柯文哲,L2-05,0.3089074316097539,2023-05-29,2023-05-29/2023-06-04
2023-05-29/2023-06-04,柯文哲,L2-06,0.10593573718485753,2023-05-29,2023-05-29/2023-06-04
2023-05-29/2023-06-04,柯文哲,L2-07,0.2112208035923729,2023-05-29,2023-05-29/2023-06-04
2023-05-29/2023-06-04,柯文哲,L2-08,0.10431118260111927,2023-05-29,2023-05-29/2023-06-04
2023-05-29/2023-06-04,赖清德,L2-01,0.1375942584826138,2023-05-29,2023-05-29/2023-06-04
2023-05-29/2023-06-04,赖清德,L2-02,0.03754748652707838,2023-05-29,2023-05-29/2023-06-04
2023-05-29/2023-06-04,赖清德,L2-03,0.022859793267956532,2023-05-29,2023-05-29/2023-06-04
2023-05-29/2023-06-04,赖清德,L2-04,0.04232264334305151,2023-05-29,2023-05-29/2023-06-04
2023-05-29/2023-06-04,赖清德,L2-05,0.15217853375116278,2023-05-29,2023-05-29/2023-06-04
2023-05-29/2023-06-04,赖清德,L2-06,0.1832652541536095,2023-05-29,2023-05-29/2023-06-04
2023-05-29/2023-06-04,赖清德,L2-07,0.1560997559196839,2023-05-29,2023-05-29/2023-06-04
2023-05-29/2023-06-04,赖清德,L2-08,0.03032364460935891,2023-05-29,2023-05-29/2023-06-04
2023-06-05/2023-06-11,侯友宜,L2-01,0.1544234865663437,2023-06-05,2023-06-05/2023-06-11
2023-06-05/2023-06-11,侯友宜,L2-02,0.007558578987150415,2023-06-05,2023-06-05/2023-06-11
2023-06-05/2023-06-11,侯友宜,L2-03,0.0055658627087198514,2023-06-05,2023-06-05/2023-06-11
2023-06-05/2023-06-11,侯友宜,L2-04,0.0,2023-06-05,2023-06-05/2023-06-11
2023-06-05/2023-06-11,侯友宜,L2-05,0.014477585906157334,2023-06-05,2023-06-05/2023-06-11
2023-06-05/2023-06-11,侯友宜,L2-06,0.11777600706172134,2023-06-05,2023-06-05/2023-06-11
2023-06-05/2023-06-11,侯友宜,L2-07,0.06888217602503315,2023-06-05,2023-06-05/2023-06-11
2023-06-05/2023-06-11,侯友宜,L2-08,0.04459561602418745,2023-06-05,2023-06-05/2023-06-11
2023-06-05/2023-06-11,柯文哲,L2-01,0.25071642330614885,2023-06-05,2023-06-05/2023-06-11
2023-06-05/2023-06-11,柯文哲,L2-02,0.027925022822982006,2023-06-05,2023-06-05/2023-06-11
2023-06-05/2023-06-11,柯文哲,L2-03,0.09680209148893174,2023-06-05,2023-06-05/2023-06-11
2023-06-05/2023-06-11,柯文哲,L2-04,0.03179756751185323,2023-06-05,2023-06-05/2023-06-11
2023-06-05/2023-06-11,柯文哲,L2-05,0.15267300531199196,2023-06-05,2023-06-05/2023-06-11
2023-06-05/2023-06-11,柯文哲,L2-06,0.09667398829960408,2023-06-05,2023-06-05/2023-06-11
2023-06-05/2023-06-11,柯文哲,L2-07,0.1438645528371074,2023-06-05,2023-06-05/2023-06-11
2023-06-05/2023-06-11,柯文哲,L2-08,0.036627458865319526,2023-06-05,2023-06-05/2023-06-11
2023-06-05/2023-06-11,赖清德,L2-01,0.10244279529993813,2023-06-05,2023-06-05/2023-06-11
2023-06-05/2023-06-11,赖清德,L2-02,0.12761728067850517,2023-06-05,2023-06-05/2023-06-11
2023-06-05/2023-06-11,赖清德,L2-03,0.022884478466711357,2023-06-05,2023-06-05/2023-06-11
2023-06-05/2023-06-11,赖清德,L2-04,0.03401360544217687,2023-06-05,2023-06-05/2023-06-11
2023-06-05/2023-06-11,赖清德,L2-05,0.11993550667020055,2023-06-05,2023-06-05/2023-06-11
2023-06-05/2023-06-11,赖清德,L2-06,0.13187274909963984,2023-06-05,2023-06-05/2023-06-11
2023-06-05/2023-06-11,赖清德,L2-07,0.1380180643686046,2023-06-05,2023-06-05/2023-06-11
2023-06-05/2023-06-11,赖清德,L2-08,0.08353211414435906,2023-06-05,2023-06-05/2023-06-11
2023-06-12/2023-06-18,侯友宜,L2-01,0.05189959024545489,2023-06-12,2023-06-12/2023-06-18
2023-06-12/2023-06-18,侯友宜,L2-02,0.003023431594860166,2023-06-12,2023-06-12/2023-06-18
2023-06-12/2023-06-18,侯友宜,L2-03,0.0,2023-06-12,2023-06-12/2023-06-18
2023-06-12/2023-06-18,侯友宜,L2-04,0.0032223415682062296,2023-06-12,2023-06-12/2023-06-18
2023-06-12/2023-06-18,侯友宜,L2-05,0.10299558419859174,2023-06-12,2023-06-12/2023-06-18
2023-06-12/2023-06-18,侯友宜,L2-06,0.022080996141146524,2023-06-12,2023-06-12/2023-06-18
2023-06-12/2023-06-18,侯友宜,L2-07,0.10844855903932164,2023-06-12,2023-06-12/2023-06-18
2023-06-12/2023-06-18,侯友宜,L2-08,0.01789195210247842,2023-06-12,2023-06-12/2023-06-18
2023-06-12/2023-06-18,柯文哲,L2-01,0.16201071370215114,2023-06-12,2023-06-12/2023-06-18
2023-06-12/2023-06-18,柯文哲,L2-02,0.014612598286067674,2023-06-12,2023-06-12/2023-06-18
2023-06-12/2023-06-18,柯文哲,L2-03,0.008643004067804423,2023-06-12,2023-06-12/2023-06-18
2023-06-12/2023-06-18,柯文哲,L2-04,0.054170531849103275,2023-06-12,2023-06-12/2023-06-18
2023-06-12/2023-06-18,柯文哲,L2-05,0.24354858576797356,2023-06-12,2023-06-12/2023-06-18
2023-06-12/2023-06-18,柯文哲,L2-06,0.13883800870823942,2023-06-12,2023-06-12/2023-06-18
2023-06-12/2023-06-18,柯文哲,L2-07,0.1529261536304571,2023-06-12,2023-06-12/2023-06-18
2023-06-12/2023-06-18,柯文哲,L2-08,0.014535006549203533,2023-06-12,2023-06-12/2023-06-18
2023-06-12/2023-06-18,赖清德,L2-01,0.12273386947608746,2023-06-12,2023-06-12/2023-06-18
2023-06-12/2023-06-18,赖清德,L2-02,0.00474137341053123,2023-06-12,2023-06-12/2023-06-18
2023-06-12/2023-06-18,赖清德,L2-03,0.019578870509242657,2023-06-12,2023-06-12/2023-06-18
2023-06-12/2023-06-18,赖清德,L2-04,0.005147769735294886,2023-06-12,2023-06-12/2023-06-18
2023-06-12/2023-06-18,赖清德,L2-05,0.11592295963565598,2023-06-12,2023-06-12/2023-06-18
2023-06-12/2023-06-18,赖清德,L2-06,0.136178850541497,2023-06-12,2023-06-12/2023-06-18
2023-06-12/2023-06-18,赖清德,L2-07,0.2727476375587733,2023-06-12,2023-06-12/2023-06-18
2023-06-12/2023-06-18,赖清德,L2-08,0.05357904273836846,2023-06-12,2023-06-12/2023-06-18
2023-06-19/2023-06-25,侯友宜,L2-01,0.09836860058220911,2023-06-19,2023-06-19/2023-06-25
2023-06-19/2023-06-25,侯友宜,L2-02,0.023876744373638785,2023-06-19,2023-06-19/2023-06-25
2023-06-19/2023-06-25,侯友宜,L2-03,0.00927643784786642,2023-06-19,2023-06-19/2023-06-25
2023-06-19/2023-06-25,侯友宜,L2-04,0.03910496172673355,2023-06-19,2023-06-19/2023-06-25
2023-06-19/2023-06-25,侯友宜,L2-05,0.19072741006612953,2023-06-19,2023-06-19/2023-06-25
2023-06-19/2023-06-25,侯友宜,L2-06,0.1345169144590057,2023-06-19,2023-06-19/2023-06-25
2023-06-19/2023-06-25,侯友宜,L2-07,0.2659212096609939,2023-06-19,2023-06-19/2023-06-25
2023-06-19/2023-06-25,侯友宜,L2-08,0.03734732087134833,2023-06-19,2023-06-19/2023-06-25
2023-06-19/2023-06-25,柯文哲,L2-01,0.21111242133541674,2023-06-19,2023-06-19/2023-06-25
2023-06-19/2023-06-25,柯文哲,L2-02,0.058794946550048584,2023-06-19,2023-06-19/2023-06-25
2023-06-19/2023-06-25,柯文哲,L2-03,0.07232205402592551,2023-06-19,2023-06-19/2023-06-25
2023-06-19/2023-06-25,柯文哲,L2-04,0.01957725947521866,2023-06-19,2023-06-19/2023-06-25
2023-06-19/2023-06-25,柯文哲,L2-05,0.21700281279765707,2023-06-19,2023-06-19/2023-06-25
2023-06-19/2023-06-25,柯文哲,L2-06,0.10611975899067853,2023-06-19,2023-06-19/2023-06-25
2023-06-19/2023-06-25,柯文哲,L2-07,0.1248098927800511,2023-06-19,2023-06-19/2023-06-25
2023-06-19/2023-06-25,柯文哲,L2-08,0.07240757172434191,2023-06-19,2023-06-19/2023-06-25
2023-06-19/2023-06-25,赖清德,L2-01,0.1873985061374101,2023-06-19,2023-06-19/2023-06-25
2023-06-19/2023-06-25,赖清德,L2-02,0.05109508592169264,2023-06-19,2023-06-19/2023-06-25
2023-06-19/2023-06-25,赖清德,L2-03,0.02656926406926407,2023-06-19,2023-06-19/2023-06-25
2023-06-19/2023-06-25,赖清德,L2-04,0.007439441845880477,2023-06-19,2023-06-19/2023-06-25
2023-06-19/2023-06-25,赖清德,L2-05,0.16625287759149754,2023-06-19,2023-06-19/2023-06-25
2023-06-19/2023-06-25,赖清德,L2-06,0.12617558547106425,2023-06-19,2023-06-19/2023-06-25
2023-06-19/2023-06-25,赖清德,L2-07,0.31791035876578544,2023-06-19,2023-06-19/2023-06-25
2023-06-19/2023-06-25,赖清德,L2-08,0.10249334048600235,2023-06-19,2023-06-19/2023-06-25
2023-06-26/2023-07-02,侯友宜,L2-01,0.06570793891113322,2023-06-26,2023-06-26/2023-07-02
2023-06-26/2023-07-02,侯友宜,L2-02,0.020730821973058,2023-06-26,2023-06-26/2023-07-02
2023-06-26/2023-07-02,侯友宜,L2-03,0.0037105751391465678,2023-06-26,2023-06-26/2023-07-02
2023-06-26/2023-07-02,侯友宜,L2-04,0.018845957355274123,2023-06-26,2023-06-26/2023-07-02
2023-06-26/2023-07-02,侯友宜,L2-05,0.12432961891701909,2023-06-26,2023-06-26/2023-07-02
2023-06-26/2023-07-02,侯友宜,L2-06,0.1180580141538438,2023-06-26,2023-06-26/2023-07-02
2023-06-26/2023-07-02,侯友宜,L2-07,0.1374189450498235,2023-06-26,2023-06-26/2023-07-02
2023-06-26/2023-07-02,侯友宜,L2-08,0.018536742760345247,2023-06-26,2023-06-26/2023-07-02
2023-06-26/2023-07-02,柯文哲,L2-01,0.12662656355459792,2023-06-26,2023-06-26/2023-07-02
2023-06-26/2023-07-02,柯文哲,L2-02,0.03290224514714311,2023-06-26,2023-06-26/2023-07-02
2023-06-26/2023-07-02,柯文哲,L2-03,0.018021768182885263,2023-06-26,2023-06-26/2023-07-02
2023-06-26/2023-07-02,柯文哲,L2-04,0.009096209912536443,2023-06-26,2023-06-26/2023-07-02
2023-06-26/2023-07-02,柯文哲,L2-05,0.15707277327041025,2023-06-26,2023-06-26/2023-07-02
2023-06-26/2023-07-02,柯文哲,L2-06,0.10117880706391155,2023-06-26,2023-06-26/2023-07-02
2023-06-26/2023-07-02,柯文哲,L2-07,0.20020376418179686,2023-06-26,2023-06-26/2023-07-02
2023-06-26/2023-07-02,柯文哲,L2-08,0.10750234916133536,2023-06-26,2023-06-26/2023-07-02
2023-06-26/2023-07-02,赖清德,L2-01,0.08821273716313356,2023-06-26,2023-06-26/2023-07-02
2023-06-26/2023-07-02,赖清德,L2-02,0.034065972430027736,2023-06-26,2023-06-26/2023-07-02
2023-06-26/2023-07-02,赖清德,L2-03,0.024056779011125407,2023-06-26,2023-06-26/2023-07-02
2023-06-26/2023-07-02,赖清德,L2-04,0.0016326530612244899,2023-06-26,2023-06-26/2023-07-02
2023-06-26/2023-07-02,赖清德,L2-05,0.23683585679950564,2023-06-26,2023-06-26/2023-07-02
2023-06-26/2023-07-02,赖清德,L2-06,0.13407524638969812,2023-06-26,2023-06-26/2023-07-02
2023-06-26/2023-07-02,赖清德,L2-07,0.24657623673137313,2023-06-26,2023-06-26/2023-07-02
2023-06-26/2023-07-02,赖清德,L2-08,0.011776886707762299,2023-06-26,2023-06-26/2023-07-02
2023-07-03/2023-07-09,侯友宜,L2-01,0.15127587831669462,2023-07-03,2023-07-03/2023-07-09
2023-07-03/2023-07-09,侯友宜,L2-02,0.03416545189504373,2023-07-03,2023-07-03/2023-07-09
2023-07-03/2023-07-09,侯友宜,L2-03,0.01652089407191448,2023-07-03,2023-07-03/2023-07-09
2023-07-03/2023-07-09,侯友宜,L2-04,0.008503401360544217,2023-07-03,2023-07-03/2023-07-09
2023-07-03/2023-07-09,侯友宜,L2-05,0.22108475424801957,2023-07-03,2023-07-03/2023-07-09
2023-07-03/2023-07-09,侯友宜,L2-06,0.1049893983567453,2023-07-03,2023-07-03/2023-07-09
2023-07-03/2023-07-09,侯友宜,L2-07,0.25027056277056275,2023-07-03,2023-07-03/2023-07-09
2023-07-03/2023-07-09,侯友宜,L2-08,0.035613054745707806,2023-07-03,2023-07-03/2023-07-09
2023-07-03/2023-07-09,柯文哲,L2-01,0.24444345463938083,2023-07-03,2023-07-03/2023-07-09
2023-07-03/2023-07-09,柯文哲,L2-02,0.060990357681534144,2023-07-03,2023-07-03/2023-07-09
2023-07-03/2023-07-09,柯文哲,L2-03,0.14613885688054487,2023-07-03,2023-07-03/2023-07-09
2023-07-03/2023-07-09,柯文哲,L2-04,0.0063775510204081625,2023-07-03,2023-07-03/2023-07-09
2023-07-03/2023-07-09,柯文哲,L2-05,0.20931607592869925,2023-07-03,2023-07-03/2023-07-09
2023-07-03/2023-07-09,柯文哲,L2-06,0.19042955865051817,2023-07-03,2023-07-03/2023-07-09
2023-07-03/2023-07-09,柯文哲,L2-07,0.2955007429123338,2023-07-03,2023-07-03/2023-07-09
2023-07-03/2023-07-09,柯文哲,L2-08,0.1547211362158414,2023-07-03,2023-07-03/2023-07-09
2023-07-03/2023-07-09,赖清德,L2-01,0.19042399629064577,2023-07-03,2023-07-03/2023-07-09
2023-07-03/2023-07-09,赖清德,L2-02,0.014533085961657397,2023-07-03,2023-07-03/2023-07-09
2023-07-03/2023-07-09,赖清德,L2-03,0.04385175831722966,2023-07-03,2023-07-03/2023-07-09
2023-07-03/2023-07-09,赖清德,L2-04,0.011904761904761904,2023-07-03,2023-07-03/2023-07-09
2023-07-03/2023-07-09,赖清德,L2-05,0.20301657065035575,2023-07-03,2023-07-03/2023-07-09
2023-07-03/2023-07-09,赖清德,L2-06,0.21313097976514467,2023-07-03,2023-07-03/2023-07-09
2023-07-03/2023-07-09,赖清德,L2-07,0.35221665384990086,2023-07-03,2023-07-03/2023-07-09
2023-07-03/2023-07-09,赖清德,L2-08,0.04957050415361177,2023-07-03,2023-07-03/2023-07-09
2023-07-10/2023-07-16,侯友宜,L2-01,0.1344995140913508,2023-07-10,2023-07-10/2023-07-16
2023-07-10/2023-07-16,侯友宜,L2-02,0.0018950437317784255,2023-07-10,2023-07-10/2023-07-16
2023-07-10/2023-07-16,侯友宜,L2-03,0.007402008422416585,2023-07-10,2023-07-10/2023-07-16
2023-07-10/2023-07-16,侯友宜,L2-04,0.0,2023-07-10,2023-07-10/2023-07-16
2023-07-10/2023-07-16,侯友宜,L2-05,0.028765792031098154,2023-07-10,2023-07-10/2023-07-16
2023-07-10/2023-07-16,侯友宜,L2-06,0.146274700356333,2023-07-10,2023-07-10/2023-07-16
2023-07-10/2023-07-16,侯友宜,L2-07,0.14695497246517655,2023-07-10,2023-07-10/2023-07-16
2023-07-10/2023-07-16,侯友宜,L2-08,0.024505992873339814,2023-07-10,2023-07-10/2023-07-16
2023-07-10/2023-07-16,柯文哲,L2-01,0.13698418761443973,2023-07-10,2023-07-10/2023-07-16
2023-07-10/2023-07-16,柯文哲,L2-02,0.011752428244024882,2023-07-10,2023-07-10/2023-07-16
2023-07-10/2023-07-16,柯文哲,L2-03,0.059380418834200366,2023-07-10,2023-07-10/2023-07-16
2023-07-10/2023-07-16,柯文哲,L2-04,0.07350546279117708,2023-07-10,2023-07-10/2023-07-16
2023-07-10/2023-07-16,柯文哲,L2-05,0.05943483453987657,2023-07-10,2023-07-10/2023-07-16
2023-07-10/2023-07-16,柯文哲,L2-06,0.21920586416384738,2023-07-10,2023-07-10/2023-07-16
2023-07-10/2023-07-16,柯文哲,L2-07,0.2526412079983509,2023-07-10,2023-07-10/2023-07-16
2023-07-10/2023-07-16,柯文哲,L2-08,0.029279439048346626,2023-07-10,2023-07-10/2023-07-16
2023-07-10/2023-07-16,赖清德,L2-01,0.17279026901348088,2023-07-10,2023-07-10/2023-07-16
2023-07-10/2023-07-16,赖清德,L2-02,0.011384382812954248,2023-07-10,2023-07-10/2023-07-16
2023-07-10/2023-07-16,赖清德,L2-03,0.0866465854739575,2023-07-10,2023-07-10/2023-07-16
2023-07-10/2023-07-16,赖清德,L2-04,0.024404035118320833,2023-07-10,2023-07-10/2023-07-16
2023-07-10/2023-07-16,赖清德,L2-05,0.18932471867789918,2023-07-10,2023-07-10/2023-07-16
2023-07-10/2023-07-16,赖清德,L2-06,0.14410623811081144,2023-07-10,2023-07-10/2023-07-16
2023-07-10/2023-07-16,赖清德,L2-07,0.240999600939064,2023-07-10,2023-07-10/2023-07-16
2023-07-10/2023-07-16,赖清德,L2-08,0.06150795989437595,2023-07-10,2023-07-10/2023-07-16
2023-07-17/2023-07-23,侯友宜,L2-01,0.10507288629737609,2023-07-17,2023-07-17/2023-07-23
2023-07-17/2023-07-23,侯友宜,L2-02,0.005189504373177842,2023-07-17,2023-07-17/2023-07-23
2023-07-17/2023-07-23,侯友宜,L2-03,0.0008163265306122449,2023-07-17,2023-07-17/2023-07-23
2023-07-17/2023-07-23,侯友宜,L2-04,0.0,2023-07-17,2023-07-17/2023-07-23
2023-07-17/2023-07-23,侯友宜,L2-05,0.00489795918367347,2023-07-17,2023-07-17/2023-07-23
2023-07-17/2023-07-23,侯友宜,L2-06,0.24087463556851313,2023-07-17,2023-07-17/2023-07-23
2023-07-17/2023-07-23,侯友宜,L2-07,0.10758017492711369,2023-07-17,2023-07-17/2023-07-23
2023-07-17/2023-07-23,侯友宜,L2-08,0.0016326530612244899,2023-07-17,2023-07-17/2023-07-23
2023-07-17/2023-07-23,柯文哲,L2-01,0.17636786772125118,2023-07-17,2023-07-17/2023-07-23
2023-07-17/2023-07-23,柯文哲,L2-02,0.019285226052143344,2023-07-17,2023-07-17/2023-07-23
2023-07-17/2023-07-23,柯文哲,L2-03,0.025707124955245266,2023-07-17,2023-07-17/2023-07-23
2023-07-17/2023-07-23,柯文哲,L2-04,0.047856654623571915,2023-07-17,2023-07-17/2023-07-23
2023-07-17/2023-07-23,柯文哲,L2-05,0.10753507144484589,2023-07-17,2023-07-17/2023-07-23
2023-07-17/2023-07-23,柯文哲,L2-06,0.17857305601666504,2023-07-17,2023-07-17/2023-07-23
2023-07-17/2023-07-23,柯文哲,L2-07,0.3238672981154184,2023-07-17,2023-07-17/2023-07-23
2023-07-17/2023-07-23,柯文哲,L2-08,0.06447449793314457,2023-07-17,2023-07-17/2023-07-23
2023-07-17/2023-07-23,赖清德,L2-01,0.32401415850893206,2023-07-17,2023-07-17/2023-07-23
2023-07-17/2023-07-23,赖清德,L2-02,0.03720855863713007,2023-07-17,2023-07-17/2023-07-23
2023-07-17/2023-07-23,赖清德,L2-03,0.07899863718679048,2023-07-17,2023-07-17/2023-07-23
2023-07-17/2023-07-23,赖清德,L2-04,0.017448688877260306,2023-07-17,2023-07-17/2023-07-23
2023-07-17/2023-07-23,赖清德,L2-05,0.16574389605748488,2023-07-17,2023-07-17/2023-07-23
2023-07-17/2023-07-23,赖清德,L2-06,0.1823629848020092,2023-07-17,2023-07-17/2023-07-23
2023-07-17/2023-07-23,赖清德,L2-07,0.22435117469960675,2023-07-17,2023-07-17/2023-07-23
2023-07-17/2023-07-23,赖清德,L2-08,0.08256584685156117,2023-07-17,2023-07-17/2023-07-23
2023-07-24/2023-07-30,侯友宜,L2-01,0.0983673469387755,2023-07-24,2023-07-24/2023-07-30
2023-07-24/2023-07-30,侯友宜,L2-02,0.00489795918367347,2023-07-24,2023-07-24/2023-07-30
2023-07-24/2023-07-30,侯友宜,L2-03,0.00489795918367347,2023-07-24,2023-07-24/2023-07-30
2023-07-24/2023-07-30,侯友宜,L2-04,0.0,2023-07-24,2023-07-24/2023-07-30
2023-07-24/2023-07-30,侯友宜,L2-05,0.060000000000000005,2023-07-24,2023-07-24/2023-07-30
2023-07-24/2023-07-30,侯友宜,L2-06,0.09102040816326533,2023-07-24,2023-07-24/2023-07-30
2023-07-24/2023-07-30,侯友宜,L2-07,0.11836734693877549,2023-07-24,2023-07-24/2023-07-30
2023-07-24/2023-07-30,侯友宜,L2-08,0.00979591836734694,2023-07-24,2023-07-24/2023-07-30
2023-07-24/2023-07-30,柯文哲,L2-01,0.08293325304603501,2023-07-24,2023-07-24/2023-07-30
2023-07-24/2023-07-30,柯文哲,L2-02,0.02586498714318263,2023-07-24,2023-07-24/2023-07-30
2023-07-24/2023-07-30,柯文哲,L2-03,0.028839259558915847,2023-07-24,2023-07-24/2023-07-30
2023-07-24/2023-07-30,柯文哲,L2-04,0.024751814601438663,2023-07-24,2023-07-24/2023-07-30
2023-07-24/2023-07-30,柯文哲,L2-05,0.07692147034252302,2023-07-24,2023-07-24/2023-07-30
2023-07-24/2023-07-30,柯文哲,L2-06,0.30888526976067254,2023-07-24,2023-07-24/2023-07-30
2023-07-24/2023-07-30,柯文哲,L2-07,0.25357348225232224,2023-07-24,2023-07-24/2023-07-30
2023-07-24/2023-07-30,柯文哲,L2-08,0.050458939556683936,2023-07-24,2023-07-24/2023-07-30
2023-07-24/2023-07-30,赖清德,L2-01,0.16717122447314842,2023-07-24,2023-07-24/2023-07-30
2023-07-24/2023-07-30,赖清德,L2-02,0.03672957477305304,2023-07-24,2023-07-24/2023-07-30
2023-07-24/2023-07-30,赖清德,L2-03,0.054990197400438263,2023-07-24,2023-07-24/2023-07-30
2023-07-24/2023-07-30,赖清德,L2-04,0.030029154518950437,2023-07-24,2023-07-24/2023-07-30
2023-07-24/2023-07-30,赖清德,L2-05,0.1827591216179525,2023-07-24,2023-07-24/2023-07-30
2023-07-24/2023-07-30,赖清德,L2-06,0.29004691501715757,2023-07-24,2023-07-24/2023-07-30
2023-07-24/2023-07-30,赖清德,L2-07,0.3696779070548196,2023-07-24,2023-07-24/2023-07-30
2023-07-24/2023-07-30,赖清德,L2-08,0.13754278108759033,2023-07-24,2023-07-24/2023-07-30
2023-07-31/2023-08-06,侯友宜,L2-01,0.20758017492711373,2023-07-31,2023-07-31/2023-08-06
2023-07-31/2023-08-06,侯友宜,L2-02,0.0,2023-07-31,2023-07-31/2023-08-06
2023-07-31/2023-08-06,侯友宜,L2-03,0.040330417881438284,2023-07-31,2023-07-31/2023-08-06
2023-07-31/2023-08-06,侯友宜,L2-04,0.006122448979591836,2023-07-31,2023-07-31/2023-08-06
2023-07-31/2023-08-06,侯友宜,L2-05,0.11020408163265306,2023-07-31,2023-07-31/2023-08-06
2023-07-31/2023-08-06,侯友宜,L2-06,0.09771622934888244,2023-07-31,2023-07-31/2023-08-06
2023-07-31/2023-08-06,侯友宜,L2-07,0.15461613216715256,2023-07-31,2023-07-31/2023-08-06
2023-07-31/2023-08-06,侯友宜,L2-08,0.03887269193391642,2023-07-31,2023-07-31/2023-08-06
2023-07-31/2023-08-06,柯文哲,L2-01,0.27888321995464854,2023-07-31,2023-07-31/2023-08-06
2023-07-31/2023-08-06,柯文哲,L2-02,0.02954545454545455,2023-07-31,2023-07-31/2023-08-06
2023-07-31/2023-08-06,柯文哲,L2-03,0.024589186323880206,2023-07-31,2023-07-31/2023-08-06
2023-07-31/2023-08-06,柯文哲,L2-04,0.05259862963944596,2023-07-31,2023-07-31/2023-08-06
2023-07-31/2023-08-06,柯文哲,L2-05,0.19565847984215332,2023-07-31,2023-07-31/2023-08-06
2023-07-31/2023-08-06,柯文哲,L2-06,0.2570621177764035,2023-07-31,2023-07-31/2023-08-06
2023-07-31/2023-08-06,柯文哲,L2-07,0.22884702221436917,2023-07-31,2023-07-31/2023-08-06
2023-07-31/2023-08-06,柯文哲,L2-08,0.10155220818486126,2023-07-31,2023-07-31/2023-08-06
2023-07-31/2023-08-06,赖清德,L2-01,0.20904065287442203,2023-07-31,2023-07-31/2023-08-06
2023-07-31/2023-08-06,赖清德,L2-02,0.02624223602484473,2023-07-31,2023-07-31/2023-08-06
2023-07-31/2023-08-06,赖清德,L2-03,0.04132406585822735,2023-07-31,2023-07-31/2023-08-06
2023-07-31/2023-08-06,赖清德,L2-04,0.06126157229809216,2023-07-31,2023-07-31/2023-08-06
2023-07-31/2023-08-06,赖清德,L2-05,0.15098555876529535,2023-07-31,2023-07-31/2023-08-06
2023-07-31/2023-08-06,赖清德,L2-06,0.26722142164046614,2023-07-31,2023-07-31/2023-08-06
2023-07-31/2023-08-06,赖清德,L2-07,0.2748454988402684,2023-07-31,2023-07-31/2023-08-06
2023-07-31/2023-08-06,赖清德,L2-08,0.06458222604722395,2023-07-31,2023-07-31/2023-08-06
2023-08-07/2023-08-13,侯友宜,L2-01,0.11889374797538062,2023-08-07,2023-08-07/2023-08-13
2023-08-07/2023-08-13,侯友宜,L2-02,0.04166666666666667,2023-08-07,2023-08-07/2023-08-13
2023-08-07/2023-08-13,侯友宜,L2-03,0.056608357628765794,2023-08-07,2023-08-07/2023-08-13
2023-08-07/2023-08-13,侯友宜,L2-04,0.020068027210884354,2023-08-07,2023-08-07/2023-08-13
2023-08-07/2023-08-13,侯友宜,L2-05,0.2603785103785104,2023-08-07,2023-08-07/2023-08-13
2023-08-07/2023-08-13,侯友宜,L2-06,0.22579240487403757,2023-08-07,2023-08-07/2023-08-13
2023-08-07/2023-08-13,侯友宜,L2-07,0.2069397722458947,2023-08-07,2023-08-07/2023-08-13
2023-08-07/2023-08-13,侯友宜,L2-08,0.08272594752186589,2023-08-07,2023-08-07/2023-08-13
2023-08-07/2023-08-13,柯文哲,L2-01,0.14874445430346053,2023-08-07,2023-08-07/2023-08-13
2023-08-07/2023-08-13,柯文哲,L2-02,0.027500739426205265,2023-08-07,2023-08-07/2023-08-13
2023-08-07/2023-08-13,柯文哲,L2-03,0.0564498604028329,2023-08-07,2023-08-07/2023-08-13
2023-08-07/2023-08-13,柯文哲,L2-04,0.004470359572400389,2023-08-07,2023-08-07/2023-08-13
2023-08-07/2023-08-13,柯文哲,L2-05,0.15035767101871805,2023-08-07,2023-08-07/2023-08-13
2023-08-07/2023-08-13,柯文哲,L2-06,0.19947946020261906,2023-08-07,2023-08-07/2023-08-13
2023-08-07/2023-08-13,柯文哲,L2-07,0.23598613453981687,2023-08-07,2023-08-07/2023-08-13
2023-08-07/2023-08-13,柯文哲,L2-08,0.09199983098829596,2023-08-07,2023-08-07/2023-08-13
2023-08-07/2023-08-13,赖清德,L2-01,0.1951882913705171,2023-08-07,2023-08-07/2023-08-13
2023-08-07/2023-08-13,赖清德,L2-02,0.05712859678032705,2023-08-07,2023-08-07/2023-08-13
2023-08-07/2023-08-13,赖清德,L2-03,0.0657550597878903,2023-08-07,2023-08-07/2023-08-13
2023-08-07/2023-08-13,赖清德,L2-04,0.020029026648253286,2023-08-07,2023-08-07/2023-08-13
2023-08-07/2023-08-13,赖清德,L2-05,0.24464683730783765,2023-08-07,2023-08-07/2023-08-13
2023-08-07/2023-08-13,赖清德,L2-06,0.32986218638742804,2023-08-07,2023-08-07/2023-08-13
2023-08-07/2023-08-13,赖清德,L2-07,0.20724164694358035,2023-08-07,2023-08-07/2023-08-13
2023-08-07/2023-08-13,赖清德,L2-08,0.042365804336336264,2023-08-07,2023-08-07/2023-08-13
2023-08-14/2023-08-20,侯友宜,L2-01,0.13514739229024944,2023-08-14,2023-08-14/2023-08-20
2023-08-14/2023-08-20,侯友宜,L2-02,0.005102040816326531,2023-08-14,2023-08-14/2023-08-20
2023-08-14/2023-08-20,侯友宜,L2-03,0.07142857142857144,2023-08-14,2023-08-14/2023-08-20
2023-08-14/2023-08-20,侯友宜,L2-04,0.0,2023-08-14,2023-08-14/2023-08-20
2023-08-14/2023-08-20,侯友宜,L2-05,0.2948107448107448,2023-08-14,2023-08-14/2023-08-20
2023-08-14/2023-08-20,侯友宜,L2-06,0.12472527472527475,2023-08-14,2023-08-14/2023-08-20
2023-08-14/2023-08-20,侯友宜,L2-07,0.26854177568463283,2023-08-14,2023-08-14/2023-08-20
2023-08-14/2023-08-20,侯友宜,L2-08,0.022448979591836733,2023-08-14,2023-08-14/2023-08-20
2023-08-14/2023-08-20,柯文哲,L2-01,0.19049497324985887,2023-08-14,2023-08-14/2023-08-20
2023-08-14/2023-08-20,柯文哲,L2-02,0.03851482667040916,2023-08-14,2023-08-14/2023-08-20
2023-08-14/2023-08-20,柯文哲,L2-03,0.06991854750982156,2023-08-14,2023-08-14/2023-08-20
2023-08-14/2023-08-20,柯文哲,L2-04,0.001511715797430083,2023-08-14,2023-08-14/2023-08-20
2023-08-14/2023-08-20,柯文哲,L2-05,0.17367318866447787,2023-08-14,2023-08-14/2023-08-20
2023-08-14/2023-08-20,柯文哲,L2-06,0.2664549988633461,2023-08-14,2023-08-14/2023-08-20
2023-08-14/2023-08-20,柯文哲,L2-07,0.16307338565254034,2023-08-14,2023-08-14/2023-08-20
2023-08-14/2023-08-20,柯文哲,L2-08,0.0707717848003411,2023-08-14,2023-08-14/2023-08-20
2023-08-14/2023-08-20,赖清德,L2-01,0.4870811281275817,2023-08-14,2023-08-14/2023-08-20
2023-08-14/2023-08-20,赖清德,L2-02,0.04118508088211214,2023-08-14,2023-08-14/2023-08-20
2023-08-14/2023-08-20,赖清德,L2-03,0.13317145309438022,2023-08-14,2023-08-14/2023-08-20
2023-08-14/2023-08-20,赖清德,L2-04,0.012815312460387881,2023-08-14,2023-08-14/2023-08-20
2023-08-14/2023-08-20,赖清德,L2-05,0.2127659629004662,2023-08-14,2023-08-14/2023-08-20
2023-08-14/2023-08-20,赖清德,L2-06,0.18256583809223545,2023-08-14,2023-08-14/2023-08-20
2023-08-14/2023-08-20,赖清德,L2-07,0.1889165323588957,2023-08-14,2023-08-14/2023-08-20
2023-08-14/2023-08-20,赖清德,L2-08,0.0582605573347601,2023-08-14,2023-08-14/2023-08-20
2023-08-21/2023-08-27,侯友宜,L2-01,0.03673469387755101,2023-08-21,2023-08-21/2023-08-27
2023-08-21/2023-08-27,侯友宜,L2-02,0.022448979591836733,2023-08-21,2023-08-21/2023-08-27
2023-08-21/2023-08-27,侯友宜,L2-03,0.00816326530612245,2023-08-21,2023-08-21/2023-08-27
2023-08-21/2023-08-27,侯友宜,L2-04,0.020408163265306124,2023-08-21,2023-08-21/2023-08-27
2023-08-21/2023-08-27,侯友宜,L2-05,0.25102040816326526,2023-08-21,2023-08-21/2023-08-27
2023-08-21/2023-08-27,侯友宜,L2-06,0.020408163265306156,2023-08-21,2023-08-21/2023-08-27
2023-08-21/2023-08-27,侯友宜,L2-07,0.09999999999999998,2023-08-21,2023-08-21/2023-08-27
2023-08-21/2023-08-27,侯友宜,L2-08,0.006122448979591836,2023-08-21,2023-08-21/2023-08-27
2023-08-21/2023-08-27,柯文哲,L2-01,0.22843833393641866,2023-08-21,2023-08-21/2023-08-27
2023-08-21/2023-08-27,柯文哲,L2-02,0.09323175267729122,2023-08-21,2023-08-21/2023-08-27
2023-08-21/2023-08-27,柯文哲,L2-03,0.043697332766088594,2023-08-21,2023-08-21/2023-08-27
2023-08-21/2023-08-27,柯文哲,L2-04,0.029672650790663214,2023-08-21,2023-08-21/2023-08-27
2023-08-21/2023-08-27,柯文哲,L2-05,0.24004819131504482,2023-08-21,2023-08-21/2023-08-27
2023-08-21/2023-08-27,柯文哲,L2-06,0.1448366885373183,2023-08-21,2023-08-21/2023-08-27
2023-08-21/2023-08-27,柯文哲,L2-07,0.19071577986893848,2023-08-21,2023-08-21/2023-08-27
2023-08-21/2023-08-27,柯文哲,L2-08,0.12874555494586012,2023-08-21,2023-08-21/2023-08-27
2023-08-21/2023-08-27,赖清德,L2-01,0.31349788442152665,2023-08-21,2023-08-21/2023-08-27
2023-08-21/2023-08-27,赖清德,L2-02,0.038157654164538854,2023-08-21,2023-08-21/2023-08-27
2023-08-21/2023-08-27,赖清德,L2-03,0.0528400609535873,2023-08-21,2023-08-21/2023-08-27
2023-08-21/2023-08-27,赖清德,L2-04,0.003663003663003663,2023-08-21,2023-08-21/2023-08-27
2023-08-21/2023-08-27,赖清德,L2-05,0.2142405515273253,2023-08-21,2023-08-21/2023-08-27
2023-08-21/2023-08-27,赖清德,L2-06,0.2852430675815749,2023-08-21,2023-08-21/2023-08-27
2023-08-21/2023-08-27,赖清德,L2-07,0.3256088192056321,2023-08-21,2023-08-21/2023-08-27
2023-08-21/2023-08-27,赖清德,L2-08,0.08425776415374561,2023-08-21,2023-08-21/2023-08-27
2023-08-28/2023-09-03,侯友宜,L2-01,0.006530612244897955,2023-08-28,2023-08-28/2023-09-03
2023-08-28/2023-09-03,侯友宜,L2-02,0.0510204081632653,2023-08-28,2023-08-28/2023-09-03
2023-08-28/2023-09-03,侯友宜,L2-03,0.08163265306122448,2023-08-28,2023-08-28/2023-09-03
2023-08-28/2023-09-03,侯友宜,L2-04,0.014115646258503404,2023-08-28,2023-08-28/2023-09-03
2023-08-28/2023-09-03,侯友宜,L2-05,0.0877551020408163,2023-08-28,2023-08-28/2023-09-03
2023-08-28/2023-09-03,侯友宜,L2-06,0.1332539682539683,2023-08-28,2023-08-28/2023-09-03
2023-08-28/2023-09-03,侯友宜,L2-07,0.03326530612244896,2023-08-28,2023-08-28/2023-09-03
2023-08-28/2023-09-03,侯友宜,L2-08,0.0016326530612244899,2023-08-28,2023-08-28/2023-09-03
2023-08-28/2023-09-03,柯文哲,L2-01,0.16452122581727302,2023-08-28,2023-08-28/2023-09-03
2023-08-28/2023-09-03,柯文哲,L2-02,0.05402403980845175,2023-08-28,2023-08-28/2023-09-03
2023-08-28/2023-09-03,柯文哲,L2-03,0.04109097054971057,2023-08-28,2023-08-28/2023-09-03
2023-08-28/2023-09-03,柯文哲,L2-04,0.02186012745018956,2023-08-28,2023-08-28/2023-09-03
2023-08-28/2023-09-03,柯文哲,L2-05,0.22550173284495065,2023-08-28,2023-08-28/2023-09-03
2023-08-28/2023-09-03,柯文哲,L2-06,0.20601318406939953,2023-08-28,2023-08-28/2023-09-03
2023-08-28/2023-09-03,柯文哲,L2-07,0.24932402133363865,2023-08-28,2023-08-28/2023-09-03
2023-08-28/2023-09-03,柯文哲,L2-08,0.04463812847045524,2023-08-28,2023-08-28/2023-09-03
2023-08-28/2023-09-03,赖清德,L2-01,0.26848176850003663,2023-08-28,2023-08-28/2023-09-03
2023-08-28/2023-09-03,赖清德,L2-02,0.03042007245514736,2023-08-28,2023-08-28/2023-09-03
2023-08-28/2023-09-03,赖清德,L2-03,0.05652568111464713,2023-08-28,2023-08-28/2023-09-03
2023-08-28/2023-09-03,赖清德,L2-04,0.03433918413823419,2023-08-28,2023-08-28/2023-09-03
2023-08-28/2023-09-03,赖清德,L2-05,0.24628706228998515,2023-08-28,2023-08-28/2023-09-03
2023-08-28/2023-09-03,赖清德,L2-06,0.23980806032322288,2023-08-28,2023-08-28/2023-09-03
2023-08-28/2023-09-03,赖清德,L2-07,0.37242932343407315,2023-08-28,2023-08-28/2023-09-03
2023-08-28/2023-09-03,赖清德,L2-08,0.13274282110599248,2023-08-28,2023-08-28/2023-09-03
2023-09-04/2023-09-10,侯友宜,L2-01,0.12755102040816327,2023-09-04,2023-09-04/2023-09-10
2023-09-04/2023-09-10,侯友宜,L2-02,0.0,2023-09-04,2023-09-04/2023-09-10
2023-09-04/2023-09-10,侯友宜,L2-03,0.18367346938775508,2023-09-04,2023-09-04/2023-09-10
2023-09-04/2023-09-10,侯友宜,L2-04,0.0,2023-09-04,2023-09-04/2023-09-10
2023-09-04/2023-09-10,侯友宜,L2-05,0.025510204081632633,2023-09-04,2023-09-04/2023-09-10
2023-09-04/2023-09-10,侯友宜,L2-06,0.23809523809523817,2023-09-04,2023-09-04/2023-09-10
2023-09-04/2023-09-10,侯友宜,L2-07,0.15816326530612243,2023-09-04,2023-09-04/2023-09-10
2023-09-04/2023-09-10,侯友宜,L2-08,0.12244897959183673,2023-09-04,2023-09-04/2023-09-10
2023-09-04/2023-09-10,柯文哲,L2-01,0.1877968360712488,2023-09-04,2023-09-04/2023-09-10
2023-09-04/2023-09-10,柯文哲,L2-02,0.04955211898423967,2023-09-04,2023-09-04/2023-09-10
2023-09-04/2023-09-10,柯文哲,L2-03,0.08835364809539377,2023-09-04,2023-09-04/2023-09-10
2023-09-04/2023-09-10,柯文哲,L2-04,0.025648304434555774,2023-09-04,2023-09-04/2023-09-10
2023-09-04/2023-09-10,柯文哲,L2-05,0.1729463224758139,2023-09-04,2023-09-04/2023-09-10
2023-09-04/2023-09-10,柯文哲,L2-06,0.15039437917479295,2023-09-04,2023-09-04/2023-09-10
2023-09-04/2023-09-10,柯文哲,L2-07,0.15587565853409033,2023-09-04,2023-09-04/2023-09-10
2023-09-04/2023-09-10,柯文哲,L2-08,0.02923346520693929,2023-09-04,2023-09-04/2023-09-10
2023-09-04/2023-09-10,赖清德,L2-01,0.30925773461547923,2023-09-04,2023-09-04/2023-09-10
2023-09-04/2023-09-10,赖清德,L2-02,0.040564096539281655,2023-09-04,2023-09-04/2023-09-10
2023-09-04/2023-09-10,赖清德,L2-03,0.07080068930950777,2023-09-04,2023-09-04/2023-09-10
2023-09-04/2023-09-10,赖清德,L2-04,0.0300415622127831,2023-09-04,2023-09-04/2023-09-10
2023-09-04/2023-09-10,赖清德,L2-05,0.20400418709325666,2023-09-04,2023-09-04/2023-09-10
2023-09-04/2023-09-10,赖清德,L2-06,0.1783803001231903,2023-09-04,2023-09-04/2023-09-10
2023-09-04/2023-09-10,赖清德,L2-07,0.26321272313828914,2023-09-04,2023-09-04/2023-09-10
2023-09-04/2023-09-10,赖清德,L2-08,0.10961317122474767,2023-09-04,2023-09-04/2023-09-10
2023-09-11/2023-09-17,侯友宜,L2-01,0.1927131981319173,2023-09-11,2023-09-11/2023-09-17
2023-09-11/2023-09-17,侯友宜,L2-02,0.0007037297677691766,2023-09-11,2023-09-11/2023-09-17
2023-09-11/2023-09-17,侯友宜,L2-03,0.032499520184249245,2023-09-11,2023-09-11/2023-09-17
2023-09-11/2023-09-17,侯友宜,L2-04,0.00816326530612245,2023-09-11,2023-09-11/2023-09-17
2023-09-11/2023-09-17,侯友宜,L2-05,0.14789200946836414,2023-09-11,2023-09-11/2023-09-17
2023-09-11/2023-09-17,侯友宜,L2-06,0.1350116222037405,2023-09-11,2023-09-11/2023-09-17
2023-09-11/2023-09-17,侯友宜,L2-07,0.2543855159618706,2023-09-11,2023-09-11/2023-09-17
2023-09-11/2023-09-17,侯友宜,L2-08,0.047828034034930585,2023-09-11,2023-09-11/2023-09-17
2023-09-11/2023-09-17,柯文哲,L2-01,0.10621016691023644,2023-09-11,2023-09-11/2023-09-17
2023-09-11/2023-09-17,柯文哲,L2-02,0.015055646318677856,2023-09-11,2023-09-11/2023-09-17
2023-09-11/2023-09-17,柯文哲,L2-03,0.017549124913123153,2023-09-11,2023-09-11/2023-09-17
2023-09-11/2023-09-17,柯文哲,L2-04,0.03025932177382231,2023-09-11,2023-09-11/2023-09-17
2023-09-11/2023-09-17,柯文哲,L2-05,0.1650456491550824,2023-09-11,2023-09-11/2023-09-17
2023-09-11/2023-09-17,柯文哲,L2-06,0.09928649518590758,2023-09-11,2023-09-11/2023-09-17
2023-09-11/2023-09-17,柯文哲,L2-07,0.11768740305418135,2023-09-11,2023-09-11/2023-09-17
2023-09-11/2023-09-17,柯文哲,L2-08,0.0317170477213442,2023-09-11,2023-09-11/2023-09-17
2023-09-11/2023-09-17,赖清德,L2-01,0.23640148608170555,2023-09-11,2023-09-11/2023-09-17
2023-09-11/2023-09-17,赖清德,L2-02,0.08808724479278415,2023-09-11,2023-09-11/2023-09-17
2023-09-11/2023-09-17,赖清德,L2-03,0.10608219018545306,2023-09-11,2023-09-11/2023-09-17
2023-09-11/2023-09-17,赖清德,L2-04,0.006615564886241578,2023-09-11,2023-09-11/2023-09-17
2023-09-11/2023-09-17,赖清德,L2-05,0.19007223171209484,2023-09-11,2023-09-11/2023-09-17
2023-09-11/2023-09-17,赖清德,L2-06,0.1065675345528329,2023-09-11,2023-09-11/2023-09-17
2023-09-11/2023-09-17,赖清德,L2-07,0.3004807251606078,2023-09-11,2023-09-11/2023-09-17
2023-09-11/2023-09-17,赖清德,L2-08,0.10488972525797657,2023-09-11,2023-09-11/2023-09-17
2023-09-18/2023-09-24,侯友宜,L2-01,0.27031753140127524,2023-09-18,2023-09-18/2023-09-24
2023-09-18/2023-09-24,侯友宜,L2-02,0.007005309960974987,2023-09-18,2023-09-18/2023-09-24
2023-09-18/2023-09-24,侯友宜,L2-03,0.05956112852664577,2023-09-18,2023-09-18/2023-09-24
2023-09-18/2023-09-24,侯友宜,L2-04,0.033395176252319116,2023-09-18,2023-09-18/2023-09-24
2023-09-18/2023-09-24,侯友宜,L2-05,0.15395688055786574,2023-09-18,2023-09-18/2023-09-24
2023-09-18/2023-09-24,侯友宜,L2-06,0.34847418591260965,2023-09-18,2023-09-18/2023-09-24
2023-09-18/2023-09-24,侯友宜,L2-07,0.31598532830059917,2023-09-18,2023-09-18/2023-09-24
2023-09-18/2023-09-24,侯友宜,L2-08,0.0499861386560894,2023-09-18,2023-09-18/2023-09-24
2023-09-18/2023-09-24,柯文哲,L2-01,0.1444296697945526,2023-09-18,2023-09-18/2023-09-24
2023-09-18/2023-09-24,柯文哲,L2-02,0.013809351491792897,2023-09-18,2023-09-18/2023-09-24
2023-09-18/2023-09-24,柯文哲,L2-03,0.0076576084979446445,2023-09-18,2023-09-18/2023-09-24
2023-09-18/2023-09-24,柯文哲,L2-04,0.06753246753246754,2023-09-18,2023-09-18/2023-09-24
2023-09-18/2023-09-24,柯文哲,L2-05,0.04844138612382754,2023-09-18,2023-09-18/2023-09-24
2023-09-18/2023-09-24,柯文哲,L2-06,0.15276622610766794,2023-09-18,2023-09-18/2023-09-24
2023-09-18/2023-09-24,柯文哲,L2-07,0.1354847760475801,2023-09-18,2023-09-18/2023-09-24
2023-09-18/2023-09-24,柯文哲,L2-08,0.06619253762110908,2023-09-18,2023-09-18/2023-09-24
2023-09-18/2023-09-24,赖清德,L2-01,0.10623869928655115,2023-09-18,2023-09-18/2023-09-24
2023-09-18/2023-09-24,赖清德,L2-02,0.026405298961689947,2023-09-18,2023-09-18/2023-09-24
2023-09-18/2023-09-24,赖清德,L2-03,0.019071591112157647,2023-09-18,2023-09-18/2023-09-24
2023-09-18/2023-09-24,赖清德,L2-04,0.043731778425655975,2023-09-18,2023-09-18/2023-09-24
2023-09-18/2023-09-24,赖清德,L2-05,0.10757976188224172,2023-09-18,2023-09-18/2023-09-24
2023-09-18/2023-09-24,赖清德,L2-06,0.17058862432167304,2023-09-18,2023-09-18/2023-09-24
2023-09-18/2023-09-24,赖清德,L2-07,0.28180966093507304,2023-09-18,2023-09-18/2023-09-24
2023-09-18/2023-09-24,赖清德,L2-08,0.05768721013361578,2023-09-18,2023-09-18/2023-09-24
2023-09-25/2023-10-01,侯友宜,L2-01,0.14301197102217508,2023-09-25,2023-09-25/2023-10-01
2023-09-25/2023-10-01,侯友宜,L2-02,0.0029128014842300554,2023-09-25,2023-09-25/2023-10-01
2023-09-25/2023-10-01,侯友宜,L2-03,0.044656771799628944,2023-09-25,2023-09-25/2023-10-01
2023-09-25/2023-10-01,侯友宜,L2-04,0.07533262655711635,2023-09-25,2023-09-25/2023-10-01
2023-09-25/2023-10-01,侯友宜,L2-05,0.09653061224489792,2023-09-25,2023-09-25/2023-10-01
2023-09-25/2023-10-01,侯友宜,L2-06,0.1982564714197368,2023-09-25,2023-09-25/2023-10-01
2023-09-25/2023-10-01,侯友宜,L2-07,0.19787635833554199,2023-09-25,2023-09-25/2023-10-01
2023-09-25/2023-10-01,侯友宜,L2-08,0.04512059369202226,2023-09-25,2023-09-25/2023-10-01
2023-09-25/2023-10-01,柯文哲,L2-01,0.09757645982135779,2023-09-25,2023-09-25/2023-10-01
2023-09-25/2023-10-01,柯文哲,L2-02,0.029038421895564763,2023-09-25,2023-09-25/2023-10-01
2023-09-25/2023-10-01,柯文哲,L2-03,0.07341241524914996,2023-09-25,2023-09-25/2023-10-01
2023-09-25/2023-10-01,柯文哲,L2-04,0.050092764378478656,2023-09-25,2023-09-25/2023-10-01
2023-09-25/2023-10-01,柯文哲,L2-05,0.10375338946767519,2023-09-25,2023-09-25/2023-10-01
2023-09-25/2023-10-01,柯文哲,L2-06,0.11613160082547837,2023-09-25,2023-09-25/2023-10-01
2023-09-25/2023-10-01,柯文哲,L2-07,0.16880115349503105,2023-09-25,2023-09-25/2023-10-01
2023-09-25/2023-10-01,柯文哲,L2-08,0.03756164470450187,2023-09-25,2023-09-25/2023-10-01
2023-09-25/2023-10-01,赖清德,L2-01,0.11164942004533476,2023-09-25,2023-09-25/2023-10-01
2023-09-25/2023-10-01,赖清德,L2-02,0.02363050483351236,2023-09-25,2023-09-25/2023-10-01
2023-09-25/2023-10-01,赖清德,L2-03,0.01027395383502488,2023-09-25,2023-09-25/2023-10-01
2023-09-25/2023-10-01,赖清德,L2-04,0.060001041232819664,2023-09-25,2023-09-25/2023-10-01
2023-09-25/2023-10-01,赖清德,L2-05,0.11848456548911915,2023-09-25,2023-09-25/2023-10-01
2023-09-25/2023-10-01,赖清德,L2-06,0.1965996480615486,2023-09-25,2023-09-25/2023-10-01
2023-09-25/2023-10-01,赖清德,L2-07,0.24030237424527473,2023-09-25,2023-09-25/2023-10-01
2023-09-25/2023-10-01,赖清德,L2-08,0.06883042153488679,2023-09-25,2023-09-25/2023-10-01
2023-10-02/2023-10-08,侯友宜,L2-01,0.1916618075801749,2023-10-02,2023-10-02/2023-10-08
2023-10-02/2023-10-08,侯友宜,L2-02,0.007091836734693878,2023-10-02,2023-10-02/2023-10-08
2023-10-02/2023-10-08,侯友宜,L2-03,0.14612244897959184,2023-10-02,2023-10-02/2023-10-08
2023-10-02/2023-10-08,侯友宜,L2-04,0.015762876579203108,2023-10-02,2023-10-02/2023-10-08
2023-10-02/2023-10-08,侯友宜,L2-05,0.0130612244897959,2023-10-02,2023-10-02/2023-10-08
2023-10-02/2023-10-08,侯友宜,L2-06,0.1219339164237124,2023-10-02,2023-10-02/2023-10-08
2023-10-02/2023-10-08,侯友宜,L2-07,0.04467930029154516,2023-10-02,2023-10-02/2023-10-08
2023-10-02/2023-10-08,侯友宜,L2-08,0.007152575315840614,2023-10-02,2023-10-02/2023-10-08
2023-10-02/2023-10-08,柯文哲,L2-01,0.17179795339541998,2023-10-02,2023-10-02/2023-10-08
2023-10-02/2023-10-08,柯文哲,L2-02,0.02157571492546863,2023-10-02,2023-10-02/2023-10-08
2023-10-02/2023-10-08,柯文哲,L2-03,0.07159033788168202,2023-10-02,2023-10-02/2023-10-08
2023-10-02/2023-10-08,柯文哲,L2-04,0.0055658627087198514,2023-10-02,2023-10-02/2023-10-08
2023-10-02/2023-10-08,柯文哲,L2-05,0.0873044461071876,2023-10-02,2023-10-02/2023-10-08
2023-10-02/2023-10-08,柯文哲,L2-06,0.14662615021670186,2023-10-02,2023-10-02/2023-10-08
2023-10-02/2023-10-08,柯文哲,L2-07,0.15122236787781568,2023-10-02,2023-10-02/2023-10-08
2023-10-02/2023-10-08,柯文哲,L2-08,0.009788241315334924,2023-10-02,2023-10-02/2023-10-08
2023-10-02/2023-10-08,赖清德,L2-01,0.10566864639290598,2023-10-02,2023-10-02/2023-10-08
2023-10-02/2023-10-08,赖清德,L2-02,0.017540243104152888,2023-10-02,2023-10-02/2023-10-08
2023-10-02/2023-10-08,赖清德,L2-03,0.022206410909034812,2023-10-02,2023-10-02/2023-10-08
2023-10-02/2023-10-08,赖清德,L2-04,0.05047107158891722,2023-10-02,2023-10-02/2023-10-08
2023-10-02/2023-10-08,赖清德,L2-05,0.15747030761224406,2023-10-02,2023-10-02/2023-10-08
2023-10-02/2023-10-08,赖清德,L2-06,0.15787325714823025,2023-10-02,2023-10-02/2023-10-08
2023-10-02/2023-10-08,赖清德,L2-07,0.290789634214523,2023-10-02,2023-10-02/2023-10-08
2023-10-02/2023-10-08,赖清德,L2-08,0.05853782127374273,2023-10-02,2023-10-02/2023-10-08
2023-10-09/2023-10-15,侯友宜,L2-01,0.04664723032069971,2023-10-09,2023-10-09/2023-10-15
2023-10-09/2023-10-15,侯友宜,L2-02,0.00510204081632653,2023-10-09,2023-10-09/2023-10-15
2023-10-09/2023-10-15,侯友宜,L2-03,0.0,2023-10-09,2023-10-09/2023-10-15
2023-10-09/2023-10-15,侯友宜,L2-04,0.0058309037900874635,2023-10-09,2023-10-09/2023-10-15
2023-10-09/2023-10-15,侯友宜,L2-05,0.0,2023-10-09,2023-10-09/2023-10-15
2023-10-09/2023-10-15,侯友宜,L2-06,0.12572886297376099,2023-10-09,2023-10-09/2023-10-15
2023-10-09/2023-10-15,侯友宜,L2-07,0.08095238095238091,2023-10-09,2023-10-09/2023-10-15
2023-10-09/2023-10-15,侯友宜,L2-08,0.008746355685131187,2023-10-09,2023-10-09/2023-10-15
2023-10-09/2023-10-15,柯文哲,L2-01,0.19228749610698945,2023-10-09,2023-10-09/2023-10-15
2023-10-09/2023-10-15,柯文哲,L2-02,0.03143878464955172,2023-10-09,2023-10-09/2023-10-15
2023-10-09/2023-10-15,柯文哲,L2-03,0.0256991864574553,2023-10-09,2023-10-09/2023-10-15
2023-10-09/2023-10-15,柯文哲,L2-04,0.0037105751391465678,2023-10-09,2023-10-09/2023-10-15
2023-10-09/2023-10-15,柯文哲,L2-05,0.11382654737280998,2023-10-09,2023-10-09/2023-10-15
2023-10-09/2023-10-15,柯文哲,L2-06,0.17137610433911266,2023-10-09,2023-10-09/2023-10-15
2023-10-09/2023-10-15,柯文哲,L2-07,0.16441345085678533,2023-10-09,2023-10-09/2023-10-15
2023-10-09/2023-10-15,柯文哲,L2-08,0.12777168116893664,2023-10-09,2023-10-09/2023-10-15
2023-10-09/2023-10-15,赖清德,L2-01,0.2335232002595286,2023-10-09,2023-10-09/2023-10-15
2023-10-09/2023-10-15,赖清德,L2-02,0.018437126601559432,2023-10-09,2023-10-09/2023-10-15
2023-10-09/2023-10-15,赖清德,L2-03,0.049655051806782056,2023-10-09,2023-10-09/2023-10-15
2023-10-09/2023-10-15,赖清德,L2-04,0.02601875263926354,2023-10-09,2023-10-09/2023-10-15
2023-10-09/2023-10-15,赖清德,L2-05,0.152395222009475,2023-10-09,2023-10-09/2023-10-15
2023-10-09/2023-10-15,赖清德,L2-06,0.2519501494318194,2023-10-09,2023-10-09/2023-10-15
2023-10-09/2023-10-15,赖清德,L2-07,0.2624023181873553,2023-10-09,2023-10-09/2023-10-15
2023-10-09/2023-10-15,赖清德,L2-08,0.07238178935278829,2023-10-09,2023-10-09/2023-10-15
2023-10-16/2023-10-22,侯友宜,L2-01,0.028182701652089408,2023-10-16,2023-10-16/2023-10-22
2023-10-16/2023-10-22,侯友宜,L2-02,0.0,2023-10-16,2023-10-16/2023-10-22
2023-10-16/2023-10-22,侯友宜,L2-03,0.0,2023-10-16,2023-10-16/2023-10-22
2023-10-16/2023-10-22,侯友宜,L2-04,0.00510204081632653,2023-10-16,2023-10-16/2023-10-22
2023-10-16/2023-10-22,侯友宜,L2-05,0.06632653061224487,2023-10-16,2023-10-16/2023-10-22
2023-10-16/2023-10-22,侯友宜,L2-06,0.0789601554907678,2023-10-16,2023-10-16/2023-10-22
2023-10-16/2023-10-22,侯友宜,L2-07,0.2568027210884353,2023-10-16,2023-10-16/2023-10-22
2023-10-16/2023-10-22,侯友宜,L2-08,0.045189504373177834,2023-10-16,2023-10-16/2023-10-22
2023-10-16/2023-10-22,柯文哲,L2-01,0.26220097929281605,2023-10-16,2023-10-16/2023-10-22
2023-10-16/2023-10-22,柯文哲,L2-02,0.050417989636571806,2023-10-16,2023-10-16/2023-10-22
2023-10-16/2023-10-22,柯文哲,L2-03,0.035241852669349996,2023-10-16,2023-10-16/2023-10-22
2023-10-16/2023-10-22,柯文哲,L2-04,0.011112947203172767,2023-10-16,2023-10-16/2023-10-22
2023-10-16/2023-10-22,柯文哲,L2-05,0.20004131207138728,2023-10-16,2023-10-16/2023-10-22
2023-10-16/2023-10-22,柯文哲,L2-06,0.17809653647462453,2023-10-16,2023-10-16/2023-10-22
2023-10-16/2023-10-22,柯文哲,L2-07,0.17933909538367113,2023-10-16,2023-10-16/2023-10-22
2023-10-16/2023-10-22,柯文哲,L2-08,0.11248022922297898,2023-10-16,2023-10-16/2023-10-22
2023-10-16/2023-10-22,赖清德,L2-01,0.13211455880161802,2023-10-16,2023-10-16/2023-10-22
2023-10-16/2023-10-22,赖清德,L2-02,0.029230574217264552,2023-10-16,2023-10-16/2023-10-22
2023-10-16/2023-10-22,赖清德,L2-03,0.04456542865593442,2023-10-16,2023-10-16/2023-10-22
2023-10-16/2023-10-22,赖清德,L2-04,0.0300840833227701,2023-10-16,2023-10-16/2023-10-22
2023-10-16/2023-10-22,赖清德,L2-05,0.17824650357037222,2023-10-16,2023-10-16/2023-10-22
2023-10-16/2023-10-22,赖清德,L2-06,0.1831428171137693,2023-10-16,2023-10-16/2023-10-22
2023-10-16/2023-10-22,赖清德,L2-07,0.373180666840126,2023-10-16,2023-10-16/2023-10-22
2023-10-16/2023-10-22,赖清德,L2-08,0.09511809692821228,2023-10-16,2023-10-16/2023-10-22
2023-10-23/2023-10-29,侯友宜,L2-01,0.04375386518243661,2023-10-23,2023-10-23/2023-10-29
2023-10-23/2023-10-29,侯友宜,L2-02,0.00463821892393321,2023-10-23,2023-10-23/2023-10-29
2023-10-23/2023-10-29,侯友宜,L2-03,0.006122448979591836,2023-10-23,2023-10-23/2023-10-29
2023-10-23/2023-10-29,侯友宜,L2-04,0.012755102040816325,2023-10-23,2023-10-23/2023-10-29
2023-10-23/2023-10-29,侯友宜,L2-05,0.06245376938654246,2023-10-23,2023-10-23/2023-10-29
2023-10-23/2023-10-29,侯友宜,L2-06,0.12491329865279452,2023-10-23,2023-10-23/2023-10-29
2023-10-23/2023-10-29,侯友宜,L2-07,0.19614845938375347,2023-10-23,2023-10-23/2023-10-29
2023-10-23/2023-10-29,侯友宜,L2-08,0.0522772745461821,2023-10-23,2023-10-23/2023-10-29
2023-10-23/2023-10-29,柯文哲,L2-01,0.0988797372353036,2023-10-23,2023-10-23/2023-10-29
2023-10-23/2023-10-29,柯文哲,L2-02,0.021710319755432545,2023-10-23,2023-10-23/2023-10-29
2023-10-23/2023-10-29,柯文哲,L2-03,0.017352906074710604,2023-10-23,2023-10-23/2023-10-29
2023-10-23/2023-10-29,柯文哲,L2-04,0.01997807865738562,2023-10-23,2023-10-23/2023-10-29
2023-10-23/2023-10-29,柯文哲,L2-05,0.15266607207764452,2023-10-23,2023-10-23/2023-10-29
2023-10-23/2023-10-29,柯文哲,L2-06,0.10036731601105367,2023-10-23,2023-10-23/2023-10-29
2023-10-23/2023-10-29,柯文哲,L2-07,0.2131632454949162,2023-10-23,2023-10-23/2023-10-29
2023-10-23/2023-10-29,柯文哲,L2-08,0.058637225690131474,2023-10-23,2023-10-23/2023-10-29
2023-10-23/2023-10-29,赖清德,L2-01,0.12058562555456961,2023-10-23,2023-10-23/2023-10-29
2023-10-23/2023-10-29,赖清德,L2-02,0.02670948296502867,2023-10-23,2023-10-23/2023-10-29
2023-10-23/2023-10-29,赖清德,L2-03,0.0965365350673341,2023-10-23,2023-10-23/2023-10-29
2023-10-23/2023-10-29,赖清德,L2-04,0.056566290022601606,2023-10-23,2023-10-23/2023-10-29
2023-10-23/2023-10-29,赖清德,L2-05,0.18984642914592006,2023-10-23,2023-10-23/2023-10-29
2023-10-23/2023-10-29,赖清德,L2-06,0.1576654442969298,2023-10-23,2023-10-23/2023-10-29
2023-10-23/2023-10-29,赖清德,L2-07,0.3544289739432877,2023-10-23,2023-10-23/2023-10-29
2023-10-23/2023-10-29,赖清德,L2-08,0.14166934639171133,2023-10-23,2023-10-23/2023-10-29
2023-10-30/2023-11-05,侯友宜,L2-01,0.028218087331387826,2023-10-30,2023-10-30/2023-11-05
2023-10-30/2023-11-05,侯友宜,L2-02,0.006402464530543349,2023-10-30,2023-10-30/2023-11-05
2023-10-30/2023-11-05,侯友宜,L2-03,0.013529204785362422,2023-10-30,2023-10-30/2023-11-05
2023-10-30/2023-11-05,侯友宜,L2-04,0.0028149190710767065,2023-10-30,2023-10-30/2023-11-05
2023-10-30/2023-11-05,侯友宜,L2-05,0.13709848540332456,2023-10-30,2023-10-30/2023-11-05
2023-10-30/2023-11-05,侯友宜,L2-06,0.11991316420467399,2023-10-30,2023-10-30/2023-11-05
2023-10-30/2023-11-05,侯友宜,L2-07,0.30831674845004314,2023-10-30,2023-10-30/2023-11-05
2023-10-30/2023-11-05,侯友宜,L2-08,0.04199128891971545,2023-10-30,2023-10-30/2023-11-05
2023-10-30/2023-11-05,柯文哲,L2-01,0.07215678078484687,2023-10-30,2023-10-30/2023-11-05
2023-10-30/2023-11-05,柯文哲,L2-02,0.03159368403680764,2023-10-30,2023-10-30/2023-11-05
2023-10-30/2023-11-05,柯文哲,L2-03,0.01641929499072358,2023-10-30,2023-10-30/2023-11-05
2023-10-30/2023-11-05,柯文哲,L2-04,0.05383892687509787,2023-10-30,2023-10-30/2023-11-05
2023-10-30/2023-11-05,柯文哲,L2-05,0.1177563370150102,2023-10-30,2023-10-30/2023-11-05
2023-10-30/2023-11-05,柯文哲,L2-06,0.15473336223377623,2023-10-30,2023-10-30/2023-11-05
2023-10-30/2023-11-05,柯文哲,L2-07,0.23482895882890883,2023-10-30,2023-10-30/2023-11-05
2023-10-30/2023-11-05,柯文哲,L2-08,0.08125687368505399,2023-10-30,2023-10-30/2023-11-05
2023-10-30/2023-11-05,赖清德,L2-01,0.12000618227022744,2023-10-30,2023-10-30/2023-11-05
2023-10-30/2023-11-05,赖清德,L2-02,0.016743989521274354,2023-10-30,2023-10-30/2023-11-05
2023-10-30/2023-11-05,赖清德,L2-03,0.05068047225428256,2023-10-30,2023-10-30/2023-11-05
2023-10-30/2023-11-05,赖清德,L2-04,0.02872896527031865,2023-10-30,2023-10-30/2023-11-05
2023-10-30/2023-11-05,赖清德,L2-05,0.18501911388942624,2023-10-30,2023-10-30/2023-11-05
2023-10-30/2023-11-05,赖清德,L2-06,0.19664485081381353,2023-10-30,2023-10-30/2023-11-05
2023-10-30/2023-11-05,赖清德,L2-07,0.21648402283437074,2023-10-30,2023-10-30/2023-11-05
2023-10-30/2023-11-05,赖清德,L2-08,0.10363019349616277,2023-10-30,2023-10-30/2023-11-05
2023-11-06/2023-11-12,侯友宜,L2-01,0.13673846678772786,2023-11-06,2023-11-06/2023-11-12
2023-11-06/2023-11-12,侯友宜,L2-02,0.008904888215233043,2023-11-06,2023-11-06/2023-11-12
2023-11-06/2023-11-12,侯友宜,L2-03,0.022983174461006974,2023-11-06,2023-11-06/2023-11-12
2023-11-06/2023-11-12,侯友宜,L2-04,0.00211118930330753,2023-11-06,2023-11-06/2023-11-12
2023-11-06/2023-11-12,侯友宜,L2-05,0.17241953448849998,2023-11-06,2023-11-06/2023-11-12
2023-11-06/2023-11-12,侯友宜,L2-06,0.1105954800536082,2023-11-06,2023-11-06/2023-11-12
2023-11-06/2023-11-12,侯友宜,L2-07,0.34406234159928734,2023-11-06,2023-11-06/2023-11-12
2023-11-06/2023-11-12,侯友宜,L2-08,0.02565906999404536,2023-11-06,2023-11-06/2023-11-12
2023-11-06/2023-11-12,柯文哲,L2-01,0.1451267989019426,2023-11-06,2023-11-06/2023-11-12
2023-11-06/2023-11-12,柯文哲,L2-02,0.04603703427501641,2023-11-06,2023-11-06/2023-11-12
2023-11-06/2023-11-12,柯文哲,L2-03,0.02673945882376797,2023-11-06,2023-11-06/2023-11-12
2023-11-06/2023-11-12,柯文哲,L2-04,0.02000859808336327,2023-11-06,2023-11-06/2023-11-12
2023-11-06/2023-11-12,柯文哲,L2-05,0.0976127542404069,2023-11-06,2023-11-06/2023-11-12
2023-11-06/2023-11-12,柯文哲,L2-06,0.11846265171315529,2023-11-06,2023-11-06/2023-11-12
2023-11-06/2023-11-12,柯文哲,L2-07,0.20177647996660478,2023-11-06,2023-11-06/2023-11-12
2023-11-06/2023-11-12,柯文哲,L2-08,0.04137287850007308,2023-11-06,2023-11-06/2023-11-12
2023-11-06/2023-11-12,赖清德,L2-01,0.12252066804908533,2023-11-06,2023-11-06/2023-11-12
2023-11-06/2023-11-12,赖清德,L2-02,0.049717916231249264,2023-11-06,2023-11-06/2023-11-12
2023-11-06/2023-11-12,赖清德,L2-03,0.034534348332222096,2023-11-06,2023-11-06/2023-11-12
2023-11-06/2023-11-12,赖清德,L2-04,0.02345753065409349,2023-11-06,2023-11-06/2023-11-12
2023-11-06/2023-11-12,赖清德,L2-05,0.22745546631921051,2023-11-06,2023-11-06/2023-11-12
2023-11-06/2023-11-12,赖清德,L2-06,0.242140874437836,2023-11-06,2023-11-06/2023-11-12
2023-11-06/2023-11-12,赖清德,L2-07,0.27624581695869416,2023-11-06,2023-11-06/2023-11-12
2023-11-06/2023-11-12,赖清德,L2-08,0.08147985111605342,2023-11-06,2023-11-06/2023-11-12
2023-11-13/2023-11-19,侯友宜,L2-01,0.05339105339105339,2023-11-13,2023-11-13/2023-11-19
2023-11-13/2023-11-19,侯友宜,L2-02,0.0,2023-11-13,2023-11-13/2023-11-19
2023-11-13/2023-11-19,侯友宜,L2-03,0.007421150278293138,2023-11-13,2023-11-13/2023-11-19
2023-11-13/2023-11-19,侯友宜,L2-04,0.0045351473922902496,2023-11-13,2023-11-13/2023-11-19
2023-11-13/2023-11-19,侯友宜,L2-05,0.10156668728097296,2023-11-13,2023-11-13/2023-11-19
2023-11-13/2023-11-19,侯友宜,L2-06,0.09839208410636989,2023-11-13,2023-11-13/2023-11-19
2023-11-13/2023-11-19,侯友宜,L2-07,0.22663368377654086,2023-11-13,2023-11-13/2023-11-19
2023-11-13/2023-11-19,侯友宜,L2-08,0.004535147392290244,2023-11-13,2023-11-13/2023-11-19
2023-11-13/2023-11-19,柯文哲,L2-01,0.07535758821590763,2023-11-13,2023-11-13/2023-11-19
2023-11-13/2023-11-19,柯文哲,L2-02,0.03768591215002568,2023-11-13,2023-11-13/2023-11-19
2023-11-13/2023-11-19,柯文哲,L2-03,0.030163439903073474,2023-11-13,2023-11-13/2023-11-19
2023-11-13/2023-11-19,柯文哲,L2-04,0.01618547184681835,2023-11-13,2023-11-13/2023-11-19
2023-11-13/2023-11-19,柯文哲,L2-05,0.16109619805108125,2023-11-13,2023-11-13/2023-11-19
2023-11-13/2023-11-19,柯文哲,L2-06,0.08862390503668968,2023-11-13,2023-11-13/2023-11-19
2023-11-13/2023-11-19,柯文哲,L2-07,0.15133671582379507,2023-11-13,2023-11-13/2023-11-19
2023-11-13/2023-11-19,柯文哲,L2-08,0.09265929447918997,2023-11-13,2023-11-13/2023-11-19
2023-11-13/2023-11-19,赖清德,L2-01,0.0850993439070775,2023-11-13,2023-11-13/2023-11-19
2023-11-13/2023-11-19,赖清德,L2-02,0.038406580887783905,2023-11-13,2023-11-13/2023-11-19
2023-11-13/2023-11-19,赖清德,L2-03,0.01445904499159757,2023-11-13,2023-11-13/2023-11-19
2023-11-13/2023-11-19,赖清德,L2-04,0.007851761557454361,2023-11-13,2023-11-13/2023-11-19
2023-11-13/2023-11-19,赖清德,L2-05,0.16095357698905735,2023-11-13,2023-11-13/2023-11-19
2023-11-13/2023-11-19,赖清德,L2-06,0.13997170783664664,2023-11-13,2023-11-13/2023-11-19
2023-11-13/2023-11-19,赖清德,L2-07,0.23853551424148423,2023-11-13,2023-11-13/2023-11-19
2023-11-13/2023-11-19,赖清德,L2-08,0.018168905924007984,2023-11-13,2023-11-13/2023-11-19
2023-11-20/2023-11-26,侯友宜,L2-01,0.06870340503028781,2023-11-20,2023-11-20/2023-11-26
2023-11-20/2023-11-26,侯友宜,L2-02,0.004346967805614423,2023-11-20,2023-11-20/2023-11-26
2023-11-20/2023-11-26,侯友宜,L2-03,0.0005515719801434093,2023-11-20,2023-11-20/2023-11-26
2023-11-20/2023-11-26,侯友宜,L2-04,0.003401360544217687,2023-11-20,2023-11-20/2023-11-26
2023-11-20/2023-11-26,侯友宜,L2-05,0.03321276163381424,2023-11-20,2023-11-20/2023-11-26
2023-11-20/2023-11-26,侯友宜,L2-06,0.10114385220387938,2023-11-20,2023-11-20/2023-11-26
2023-11-20/2023-11-26,侯友宜,L2-07,0.23678999596169564,2023-11-20,2023-11-20/2023-11-26
2023-11-20/2023-11-26,侯友宜,L2-08,0.050137991348394396,2023-11-20,2023-11-20/2023-11-26
2023-11-20/2023-11-26,柯文哲,L2-01,0.10939981959423016,2023-11-20,2023-11-20/2023-11-26
2023-11-20/2023-11-26,柯文哲,L2-02,0.04939120665339647,2023-11-20,2023-11-20/2023-11-26
2023-11-20/2023-11-26,柯文哲,L2-03,0.03222986305232632,2023-11-20,2023-11-20/2023-11-26
2023-11-20/2023-11-26,柯文哲,L2-04,0.0045260640043338395,2023-11-20,2023-11-20/2023-11-26
2023-11-20/2023-11-26,柯文哲,L2-05,0.11370441834446417,2023-11-20,2023-11-20/2023-11-26
2023-11-20/2023-11-26,柯文哲,L2-06,0.11245248655574416,2023-11-20,2023-11-20/2023-11-26
2023-11-20/2023-11-26,柯文哲,L2-07,0.22280090671594635,2023-11-20,2023-11-20/2023-11-26
2023-11-20/2023-11-26,柯文哲,L2-08,0.048747046974909114,2023-11-20,2023-11-20/2023-11-26
2023-11-20/2023-11-26,赖清德,L2-01,0.13982775069153802,2023-11-20,2023-11-20/2023-11-26
2023-11-20/2023-11-26,赖清德,L2-02,0.09071099996349166,2023-11-20,2023-11-20/2023-11-26
2023-11-20/2023-11-26,赖清德,L2-03,0.03356248402760031,2023-11-20,2023-11-20/2023-11-26
2023-11-20/2023-11-26,赖清德,L2-04,0.004709576138147567,2023-11-20,2023-11-20/2023-11-26
2023-11-20/2023-11-26,赖清德,L2-05,0.24234865724898946,2023-11-20,2023-11-20/2023-11-26
2023-11-20/2023-11-26,赖清德,L2-06,0.13173417759796494,2023-11-20,2023-11-20/2023-11-26
2023-11-20/2023-11-26,赖清德,L2-07,0.22508881299578976,2023-11-20,2023-11-20/2023-11-26
2023-11-20/2023-11-26,赖清德,L2-08,0.04029552212276467,2023-11-20,2023-11-20/2023-11-26
2023-11-27/2023-12-03,侯友宜,L2-01,0.13790940449809347,2023-11-27,2023-11-27/2023-12-03
2023-11-27/2023-12-03,侯友宜,L2-02,0.028899054033318265,2023-11-27,2023-11-27/2023-12-03
2023-11-27/2023-12-03,侯友宜,L2-03,0.012838749680854949,2023-11-27,2023-11-27/2023-12-03
2023-11-27/2023-12-03,侯友宜,L2-04,0.006367960718121834,2023-11-27,2023-11-27/2023-12-03
2023-11-27/2023-12-03,侯友宜,L2-05,0.21880960221770224,2023-11-27,2023-11-27/2023-12-03
2023-11-27/2023-12-03,侯友宜,L2-06,0.10872957181687755,2023-11-27,2023-11-27/2023-12-03
2023-11-27/2023-12-03,侯友宜,L2-07,0.24980664503807665,2023-11-27,2023-11-27/2023-12-03
2023-11-27/2023-12-03,侯友宜,L2-08,0.03424195456373296,2023-11-27,2023-11-27/2023-12-03
2023-11-27/2023-12-03,柯文哲,L2-01,0.08373458311985844,2023-11-27,2023-11-27/2023-12-03
2023-11-27/2023-12-03,柯文哲,L2-02,0.040099427824794066,2023-11-27,2023-11-27/2023-12-03
2023-11-27/2023-12-03,柯文哲,L2-03,0.00610366846124954,2023-11-27,2023-11-27/2023-12-03
2023-11-27/2023-12-03,柯文哲,L2-04,0.007238104591374077,2023-11-27,2023-11-27/2023-12-03
2023-11-27/2023-12-03,柯文哲,L2-05,0.12758044193001,2023-11-27,2023-11-27/2023-12-03
2023-11-27/2023-12-03,柯文哲,L2-06,0.14428971003971505,2023-11-27,2023-11-27/2023-12-03
2023-11-27/2023-12-03,柯文哲,L2-07,0.2255722331275519,2023-11-27,2023-11-27/2023-12-03
2023-11-27/2023-12-03,柯文哲,L2-08,0.04429770993849376,2023-11-27,2023-11-27/2023-12-03
2023-11-27/2023-12-03,赖清德,L2-01,0.13696722604987974,2023-11-27,2023-11-27/2023-12-03
2023-11-27/2023-12-03,赖清德,L2-02,0.016028789795216984,2023-11-27,2023-11-27/2023-12-03
2023-11-27/2023-12-03,赖清德,L2-03,0.008743376541193342,2023-11-27,2023-11-27/2023-12-03
2023-11-27/2023-12-03,赖清德,L2-04,0.007094266277939747,2023-11-27,2023-11-27/2023-12-03
2023-11-27/2023-12-03,赖清德,L2-05,0.1256937491042199,2023-11-27,2023-11-27/2023-12-03
2023-11-27/2023-12-03,赖清德,L2-06,0.11438656700225011,2023-11-27,2023-11-27/2023-12-03
2023-11-27/2023-12-03,赖清德,L2-07,0.1758301724266535,2023-11-27,2023-11-27/2023-12-03
2023-11-27/2023-12-03,赖清德,L2-08,0.02593824436532652,2023-11-27,2023-11-27/2023-12-03
2023-12-04/2023-12-10,侯友宜,L2-01,0.1393355675515908,2023-12-04,2023-12-04/2023-12-10
2023-12-04/2023-12-10,侯友宜,L2-02,0.0380211893369788,2023-12-04,2023-12-04/2023-12-10
2023-12-04/2023-12-10,侯友宜,L2-03,0.033584791506381204,2023-12-04,2023-12-04/2023-12-10
2023-12-04/2023-12-10,侯友宜,L2-04,0.0073083915726235805,2023-12-04,2023-12-04/2023-12-10
2023-12-04/2023-12-10,侯友宜,L2-05,0.18384159752549212,2023-12-04,2023-12-04/2023-12-10
2023-12-04/2023-12-10,侯友宜,L2-06,0.15499984156867969,2023-12-04,2023-12-04/2023-12-10
2023-12-04/2023-12-10,侯友宜,L2-07,0.31411839303259026,2023-12-04,2023-12-04/2023-12-10
2023-12-04/2023-12-10,侯友宜,L2-08,0.052895507537890796,2023-12-04,2023-12-04/2023-12-10
2023-12-04/2023-12-10,柯文哲,L2-01,0.13823096257616266,2023-12-04,2023-12-04/2023-12-10
2023-12-04/2023-12-10,柯文哲,L2-02,0.03350303900370571,2023-12-04,2023-12-04/2023-12-10
2023-12-04/2023-12-10,柯文哲,L2-03,0.011961451247165548,2023-12-04,2023-12-04/2023-12-10
2023-12-04/2023-12-10,柯文哲,L2-04,0.012665145528471452,2023-12-04,2023-12-04/2023-12-10
2023-12-04/2023-12-10,柯文哲,L2-05,0.12421837669633887,2023-12-04,2023-12-04/2023-12-10
2023-12-04/2023-12-10,柯文哲,L2-06,0.2096980449070615,2023-12-04,2023-12-04/2023-12-10
2023-12-04/2023-12-10,柯文哲,L2-07,0.2762666315967612,2023-12-04,2023-12-04/2023-12-10
2023-12-04/2023-12-10,柯文哲,L2-08,0.04958665818404367,2023-12-04,2023-12-04/2023-12-10
2023-12-04/2023-12-10,赖清德,L2-01,0.07735451241038116,2023-12-04,2023-12-04/2023-12-10
2023-12-04/2023-12-10,赖清德,L2-02,0.019514941057254858,2023-12-04,2023-12-04/2023-12-10
2023-12-04/2023-12-10,赖清德,L2-03,0.004790065376800071,2023-12-04,2023-12-04/2023-12-10
2023-12-04/2023-12-10,赖清德,L2-04,0.016162536443148686,2023-12-04,2023-12-04/2023-12-10
2023-12-04/2023-12-10,赖清德,L2-05,0.19853589794662652,2023-12-04,2023-12-04/2023-12-10
2023-12-04/2023-12-10,赖清德,L2-06,0.1480910747544546,2023-12-04,2023-12-04/2023-12-10
2023-12-04/2023-12-10,赖清德,L2-07,0.17671949209046403,2023-12-04,2023-12-04/2023-12-10
2023-12-04/2023-12-10,赖清德,L2-08,0.03499152856753958,2023-12-04,2023-12-04/2023-12-10
2023-12-11/2023-12-17,侯友宜,L2-01,0.18455874039414172,2023-12-11,2023-12-11/2023-12-17
2023-12-11/2023-12-17,侯友宜,L2-02,0.05671378234713914,2023-12-11,2023-12-11/2023-12-17
2023-12-11/2023-12-17,侯友宜,L2-03,0.03864757691288304,2023-12-11,2023-12-11/2023-12-17
2023-12-11/2023-12-17,侯友宜,L2-04,0.007421150278293135,2023-12-11,2023-12-11/2023-12-17
2023-12-11/2023-12-17,侯友宜,L2-05,0.16275630859504334,2023-12-11,2023-12-11/2023-12-17
2023-12-11/2023-12-17,侯友宜,L2-06,0.1832905778987116,2023-12-11,2023-12-11/2023-12-17
2023-12-11/2023-12-17,侯友宜,L2-07,0.28229058125350576,2023-12-11,2023-12-11/2023-12-17
2023-12-11/2023-12-17,侯友宜,L2-08,0.05842440366404216,2023-12-11,2023-12-11/2023-12-17
2023-12-11/2023-12-17,柯文哲,L2-01,0.11058832015501892,2023-12-11,2023-12-11/2023-12-17
2023-12-11/2023-12-17,柯文哲,L2-02,0.03626007651369025,2023-12-11,2023-12-11/2023-12-17
2023-12-11/2023-12-17,柯文哲,L2-03,0.01909308544450408,2023-12-11,2023-12-11/2023-12-17
2023-12-11/2023-12-17,柯文哲,L2-04,0.02813437534723508,2023-12-11,2023-12-11/2023-12-17
2023-12-11/2023-12-17,柯文哲,L2-05,0.12907204359212468,2023-12-11,2023-12-11/2023-12-17
2023-12-11/2023-12-17,柯文哲,L2-06,0.19713886801480324,2023-12-11,2023-12-11/2023-12-17
2023-12-11/2023-12-17,柯文哲,L2-07,0.29609567164111833,2023-12-11,2023-12-11/2023-12-17
2023-12-11/2023-12-17,柯文哲,L2-08,0.058298515640341976,2023-12-11,2023-12-11/2023-12-17
2023-12-11/2023-12-17,赖清德,L2-01,0.11687317784256557,2023-12-11,2023-12-11/2023-12-17
2023-12-11/2023-12-17,赖清德,L2-02,0.02769084197655627,2023-12-11,2023-12-11/2023-12-17
2023-12-11/2023-12-17,赖清德,L2-03,0.01851592285265755,2023-12-11,2023-12-11/2023-12-17
2023-12-11/2023-12-17,赖清德,L2-04,0.0646585557299843,2023-12-11,2023-12-11/2023-12-17
2023-12-11/2023-12-17,赖清德,L2-05,0.13252662716948427,2023-12-11,2023-12-11/2023-12-17
2023-12-11/2023-12-17,赖清德,L2-06,0.2206138134709563,2023-12-11,2023-12-11/2023-12-17
2023-12-11/2023-12-17,赖清德,L2-07,0.18580780315474194,2023-12-11,2023-12-11/2023-12-17
2023-12-11/2023-12-17,赖清德,L2-08,0.05902880902880904,2023-12-11,2023-12-11/2023-12-17
2023-12-18/2023-12-24,侯友宜,L2-01,0.2450005777496808,2023-12-18,2023-12-18/2023-12-24
2023-12-18/2023-12-24,侯友宜,L2-02,0.06919065828976882,2023-12-18,2023-12-18/2023-12-24
2023-12-18/2023-12-24,侯友宜,L2-03,0.016668315514083338,2023-12-18,2023-12-18/2023-12-24
2023-12-18/2023-12-24,侯友宜,L2-04,0.01598087983166605,2023-12-18,2023-12-18/2023-12-24
2023-12-18/2023-12-24,侯友宜,L2-05,0.19163061776039242,2023-12-18,2023-12-18/2023-12-24
2023-12-18/2023-12-24,侯友宜,L2-06,0.23464730343163917,2023-12-18,2023-12-18/2023-12-24
2023-12-18/2023-12-24,侯友宜,L2-07,0.2346696342885242,2023-12-18,2023-12-18/2023-12-24
2023-12-18/2023-12-24,侯友宜,L2-08,0.05419371086645345,2023-12-18,2023-12-18/2023-12-24
2023-12-18/2023-12-24,柯文哲,L2-01,0.08880144711431101,2023-12-18,2023-12-18/2023-12-24
2023-12-18/2023-12-24,柯文哲,L2-02,0.04454072833863776,2023-12-18,2023-12-18/2023-12-24
2023-12-18/2023-12-24,柯文哲,L2-03,0.03571911450858365,2023-12-18,2023-12-18/2023-12-24
2023-12-18/2023-12-24,柯文哲,L2-04,0.01707393483709273,2023-12-18,2023-12-18/2023-12-24
2023-12-18/2023-12-24,柯文哲,L2-05,0.15842796615503646,2023-12-18,2023-12-18/2023-12-24
2023-12-18/2023-12-24,柯文哲,L2-06,0.17639609844745374,2023-12-18,2023-12-18/2023-12-24
2023-12-18/2023-12-24,柯文哲,L2-07,0.2765295744126418,2023-12-18,2023-12-18/2023-12-24
2023-12-18/2023-12-24,柯文哲,L2-08,0.04784172975993995,2023-12-18,2023-12-18/2023-12-24
2023-12-18/2023-12-24,赖清德,L2-01,0.12980465260855675,2023-12-18,2023-12-18/2023-12-24
2023-12-18/2023-12-24,赖清德,L2-02,0.012070124492484749,2023-12-18,2023-12-18/2023-12-24
2023-12-18/2023-12-24,赖清德,L2-03,0.023639049504178167,2023-12-18,2023-12-18/2023-12-24
2023-12-18/2023-12-24,赖清德,L2-04,0.008501126202989557,2023-12-18,2023-12-18/2023-12-24
2023-12-18/2023-12-24,赖清德,L2-05,0.21795162837753781,2023-12-18,2023-12-18/2023-12-24
2023-12-18/2023-12-24,赖清德,L2-06,0.3377849450165333,2023-12-18,2023-12-18/2023-12-24
2023-12-18/2023-12-24,赖清德,L2-07,0.22713487340816535,2023-12-18,2023-12-18/2023-12-24
2023-12-18/2023-12-24,赖清德,L2-08,0.03659624906297491,2023-12-18,2023-12-18/2023-12-24
2023-12-25/2023-12-31,侯友宜,L2-01,0.18035788854224505,2023-12-25,2023-12-25/2023-12-31
2023-12-25/2023-12-31,侯友宜,L2-02,0.08553350881983295,2023-12-25,2023-12-25/2023-12-31
2023-12-25/2023-12-31,侯友宜,L2-03,0.015520775645926502,2023-12-25,2023-12-25/2023-12-31
2023-12-25/2023-12-31,侯友宜,L2-04,0.017247002504459673,2023-12-25,2023-12-25/2023-12-31
2023-12-25/2023-12-31,侯友宜,L2-05,0.20397041937846794,2023-12-25,2023-12-25/2023-12-31
2023-12-25/2023-12-31,侯友宜,L2-06,0.27227996396833737,2023-12-25,2023-12-25/2023-12-31
2023-12-25/2023-12-31,侯友宜,L2-07,0.3602643036141296,2023-12-25,2023-12-25/2023-12-31
2023-12-25/2023-12-31,侯友宜,L2-08,0.07347629010316922,2023-12-25,2023-12-25/2023-12-31
2023-12-25/2023-12-31,柯文哲,L2-01,0.0785562591214116,2023-12-25,2023-12-25/2023-12-31
2023-12-25/2023-12-31,柯文哲,L2-02,0.019966510730057542,2023-12-25,2023-12-25/2023-12-31
2023-12-25/2023-12-31,柯文哲,L2-03,0.019668674063632485,2023-12-25,2023-12-25/2023-12-31
2023-12-25/2023-12-31,柯文哲,L2-04,0.0016427025355596776,2023-12-25,2023-12-25/2023-12-31
2023-12-25/2023-12-31,柯文哲,L2-05,0.08545301180469703,2023-12-25,2023-12-25/2023-12-31
2023-12-25/2023-12-31,柯文哲,L2-06,0.22632541114904986,2023-12-25,2023-12-25/2023-12-31
2023-12-25/2023-12-31,柯文哲,L2-07,0.29131484155815573,2023-12-25,2023-12-25/2023-12-31
2023-12-25/2023-12-31,柯文哲,L2-08,0.040618151435002046,2023-12-25,2023-12-25/2023-12-31
2023-12-25/2023-12-31,赖清德,L2-01,0.0420007986819036,2023-12-25,2023-12-25/2023-12-31
2023-12-25/2023-12-31,赖清德,L2-02,0.011857203355650566,2023-12-25,2023-12-25/2023-12-31
2023-12-25/2023-12-31,赖清德,L2-03,0.014701708882813818,2023-12-25,2023-12-25/2023-12-31
2023-12-25/2023-12-31,赖清德,L2-04,0.009446729943624355,2023-12-25,2023-12-25/2023-12-31
2023-12-25/2023-12-31,赖清德,L2-05,0.11815606999724122,2023-12-25,2023-12-25/2023-12-31
2023-12-25/2023-12-31,赖清德,L2-06,0.20238479310246457,2023-12-25,2023-12-25/2023-12-31
2023-12-25/2023-12-31,赖清德,L2-07,0.30541706078237624,2023-12-25,2023-12-25/2023-12-31
2023-12-25/2023-12-31,赖清德,L2-08,0.0811102233447888,2023-12-25,2023-12-25/2023-12-31
2024-01-01/2024-01-07,侯友宜,L2-01,0.10918484518163869,2024-01-01,2024-01-01/2024-01-07
2024-01-01/2024-01-07,侯友宜,L2-02,0.03306598400692648,2024-01-01,2024-01-01/2024-01-07
2024-01-01/2024-01-07,侯友宜,L2-03,0.018176187020047092,2024-01-01,2024-01-01/2024-01-07
2024-01-01/2024-01-07,侯友宜,L2-04,0.02944126543683472,2024-01-01,2024-01-01/2024-01-07
2024-01-01/2024-01-07,侯友宜,L2-05,0.23705734331812214,2024-01-01,2024-01-01/2024-01-07
2024-01-01/2024-01-07,侯友宜,L2-06,0.22892184223083328,2024-01-01,2024-01-01/2024-01-07
2024-01-01/2024-01-07,侯友宜,L2-07,0.3052338899395024,2024-01-01,2024-01-01/2024-01-07
2024-01-01/2024-01-07,侯友宜,L2-08,0.08016387965742892,2024-01-01,2024-01-01/2024-01-07
2024-01-01/2024-01-07,柯文哲,L2-01,0.10412081307108642,2024-01-01,2024-01-01/2024-01-07
2024-01-01/2024-01-07,柯文哲,L2-02,0.03849109017476778,2024-01-01,2024-01-01/2024-01-07
2024-01-01/2024-01-07,柯文哲,L2-03,0.033421568989658694,2024-01-01,2024-01-01/2024-01-07
2024-01-01/2024-01-07,柯文哲,L2-04,0.005599137739115102,2024-01-01,2024-01-01/2024-01-07
2024-01-01/2024-01-07,柯文哲,L2-05,0.1288763706008341,2024-01-01,2024-01-01/2024-01-07
2024-01-01/2024-01-07,柯文哲,L2-06,0.24879863913288144,2024-01-01,2024-01-01/2024-01-07
2024-01-01/2024-01-07,柯文哲,L2-07,0.3171100762061407,2024-01-01,2024-01-01/2024-01-07
2024-01-01/2024-01-07,柯文哲,L2-08,0.06989692262316889,2024-01-01,2024-01-01/2024-01-07
2024-01-01/2024-01-07,赖清德,L2-01,0.13244198839988072,2024-01-01,2024-01-01/2024-01-07
2024-01-01/2024-01-07,赖清德,L2-02,0.019675010959510415,2024-01-01,2024-01-01/2024-01-07
2024-01-01/2024-01-07,赖清德,L2-03,0.023295615950102953,2024-01-01,2024-01-01/2024-01-07
2024-01-01/2024-01-07,赖清德,L2-04,0.026488524702810413,2024-01-01,2024-01-01/2024-01-07
2024-01-01/2024-01-07,赖清德,L2-05,0.1262517092957281,2024-01-01,2024-01-01/2024-01-07
2024-01-01/2024-01-07,赖清德,L2-06,0.18249914187750735,2024-01-01,2024-01-01/2024-01-07
2024-01-01/2024-01-07,赖清德,L2-07,0.26436507134985493,2024-01-01,2024-01-01/2024-01-07
2024-01-01/2024-01-07,赖清德,L2-08,0.08508883082359193,2024-01-01,2024-01-01/2024-01-07
2024-01-08/2024-01-14,侯友宜,L2-01,0.13276272893754099,2024-01-08,2024-01-08/2024-01-14
2024-01-08/2024-01-14,侯友宜,L2-02,0.03811340543796684,2024-01-08,2024-01-08/2024-01-14
2024-01-08/2024-01-14,侯友宜,L2-03,0.022060128908499843,2024-01-08,2024-01-08/2024-01-14
2024-01-08/2024-01-14,侯友宜,L2-04,0.014345868672309775,2024-01-08,2024-01-08/2024-01-14
2024-01-08/2024-01-14,侯友宜,L2-05,0.2786113133356241,2024-01-08,2024-01-08/2024-01-14
2024-01-08/2024-01-14,侯友宜,L2-06,0.1759309266264154,2024-01-08,2024-01-08/2024-01-14
2024-01-08/2024-01-14,侯友宜,L2-07,0.3049926793849099,2024-01-08,2024-01-08/2024-01-14
2024-01-08/2024-01-14,侯友宜,L2-08,0.09801380874062578,2024-01-08,2024-01-08/2024-01-14
2024-01-08/2024-01-14,柯文哲,L2-01,0.09412341669239023,2024-01-08,2024-01-08/2024-01-14
2024-01-08/2024-01-14,柯文哲,L2-02,0.03798971997558421,2024-01-08,2024-01-08/2024-01-14
2024-01-08/2024-01-14,柯文哲,L2-03,0.02734993112724876,2024-01-08,2024-01-08/2024-01-14
2024-01-08/2024-01-14,柯文哲,L2-04,0.01861073155950745,2024-01-08,2024-01-08/2024-01-14
2024-01-08/2024-01-14,柯文哲,L2-05,0.14595073654164747,2024-01-08,2024-01-08/2024-01-14
2024-01-08/2024-01-14,柯文哲,L2-06,0.21091645527080782,2024-01-08,2024-01-08/2024-01-14
2024-01-08/2024-01-14,柯文哲,L2-07,0.3149493108352549,2024-01-08,2024-01-08/2024-01-14
2024-01-08/2024-01-14,柯文哲,L2-08,0.0787231452156517,2024-01-08,2024-01-08/2024-01-14
2024-01-08/2024-01-14,赖清德,L2-01,0.08311577796005043,2024-01-08,2024-01-08/2024-01-14
2024-01-08/2024-01-14,赖清德,L2-02,0.02224366858892341,2024-01-08,2024-01-08/2024-01-14
2024-01-08/2024-01-14,赖清德,L2-03,0.03864425320202629,2024-01-08,2024-01-08/2024-01-14
2024-01-08/2024-01-14,赖清德,L2-04,0.009637863081740633,2024-01-08,2024-01-08/2024-01-14
2024-01-08/2024-01-14,赖清德,L2-05,0.15988783452860442,2024-01-08,2024-01-08/2024-01-14
2024-01-08/2024-01-14,赖清德,L2-06,0.29443795614998286,2024-01-08,2024-01-08/2024-01-14
2024-01-08/2024-01-14,赖清德,L2-07,0.35219637624618155,2024-01-08,2024-01-08/2024-01-14
2024-01-08/2024-01-14,赖清德,L2-08,0.09435826034645221,2024-01-08,2024-01-08/2024-01-14
2024-01-15/2024-01-21,柯文哲,L2-01,0.02381454276625907,2024-01-15,2024-01-15/2024-01-21
2024-01-15/2024-01-21,柯文哲,L2-02,0.011366956387074615,2024-01-15,2024-01-15/2024-01-21
2024-01-15/2024-01-21,柯文哲,L2-03,0.008967064226820684,2024-01-15,2024-01-15/2024-01-21
2024-01-15/2024-01-21,柯文哲,L2-04,0.005214662136040856,2024-01-15,2024-01-15/2024-01-21
2024-01-15/2024-01-21,柯文哲,L2-05,0.041266320087357,2024-01-15,2024-01-15/2024-01-21
2024-01-15/2024-01-21,柯文哲,L2-06,0.06354542099325607,2024-01-15,2024-01-15/2024-01-21
2024-01-15/2024-01-21,柯文哲,L2-07,0.09395865125711303,2024-01-15,2024-01-15/2024-01-21
2024-01-15/2024-01-21,柯文哲,L2-08,0.028703263791392288,2024-01-15,2024-01-15/2024-01-21
2024-01-15/2024-01-21,赖清德,L2-01,0.018609642084962432,2024-01-15,2024-01-15/2024-01-21
2024-01-15/2024-01-21,赖清德,L2-02,0.0051668286362163965,2024-01-15,2024-01-15/2024-01-21
2024-01-15/2024-01-21,赖清德,L2-03,0.017789968074475204,2024-01-15,2024-01-15/2024-01-21
2024-01-15/2024-01-21,赖清德,L2-04,0.002583414318108195,2024-01-15,2024-01-15/2024-01-21
2024-01-15/2024-01-21,赖清德,L2-05,0.025532599770130955,2024-01-15,2024-01-15/2024-01-21
2024-01-15/2024-01-21,赖清德,L2-06,0.08205836766792997,2024-01-15,2024-01-15/2024-01-21
2024-01-15/2024-01-21,赖清德,L2-07,0.11122109564129952,2024-01-15,2024-01-15/2024-01-21
2024-01-15/2024-01-21,赖清德,L2-08,0.02568524665391219,2024-01-15,2024-01-15/2024-01-21
2024-01-22/2024-01-28,柯文哲,L2-01,0.0,2024-01-22,2024-01-22/2024-01-28
2024-01-22/2024-01-28,柯文哲,L2-02,0.0,2024-01-22,2024-01-22/2024-01-28
2024-01-22/2024-01-28,柯文哲,L2-03,0.0,2024-01-22,2024-01-22/2024-01-28
2024-01-22/2024-01-28,柯文哲,L2-04,0.0,2024-01-22,2024-01-22/2024-01-28
2024-01-22/2024-01-28,柯文哲,L2-05,0.0,2024-01-22,2024-01-22/2024-01-28
2024-01-22/2024-01-28,柯文哲,L2-06,0.0,2024-01-22,2024-01-22/2024-01-28
2024-01-22/2024-01-28,柯文哲,L2-07,0.0,2024-01-22,2024-01-22/2024-01-28
2024-01-22/2024-01-28,柯文哲,L2-08,0.0,2024-01-22,2024-01-22/2024-01-28
2024-01-22/2024-01-28,赖清德,L2-01,0.0,2024-01-22,2024-01-22/2024-01-28
2024-01-22/2024-01-28,赖清德,L2-02,0.0,2024-01-22,2024-01-22/2024-01-28
2024-01-22/2024-01-28,赖清德,L2-03,0.0,2024-01-22,2024-01-22/2024-01-28
2024-01-22/2024-01-28,赖清德,L2-04,0.0,2024-01-22,2024-01-22/2024-01-28
2024-01-22/2024-01-28,赖清德,L2-05,0.0,2024-01-22,2024-01-22/2024-01-28
2024-01-22/2024-01-28,赖清德,L2-06,0.0,2024-01-22,2024-01-22/2024-01-28
2024-01-22/2024-01-28,赖清德,L2-07,0.0,2024-01-22,2024-01-22/2024-01-28
2024-01-22/2024-01-28,赖清德,L2-08,0.0,2024-01-22,2024-01-22/2024-01-28
2024-01-29/2024-02-04,柯文哲,L2-01,0.0,2024-01-29,2024-01-29/2024-02-04
2024-01-29/2024-02-04,柯文哲,L2-02,0.0,2024-01-29,2024-01-29/2024-02-04
2024-01-29/2024-02-04,柯文哲,L2-03,0.0,2024-01-29,2024-01-29/2024-02-04
2024-01-29/2024-02-04,柯文哲,L2-04,0.0,2024-01-29,2024-01-29/2024-02-04
2024-01-29/2024-02-04,柯文哲,L2-05,0.0,2024-01-29,2024-01-29/2024-02-04
2024-01-29/2024-02-04,柯文哲,L2-06,0.0,2024-01-29,2024-01-29/2024-02-04
2024-01-29/2024-02-04,柯文哲,L2-07,0.0,2024-01-29,2024-01-29/2024-02-04
2024-01-29/2024-02-04,柯文哲,L2-08,0.0,2024-01-29,2024-01-29/2024-02-04
2024-01-29/2024-02-04,赖清德,L2-01,0.0,2024-01-29,2024-01-29/2024-02-04
2024-01-29/2024-02-04,赖清德,L2-02,0.0,2024-01-29,2024-01-29/2024-02-04
2024-01-29/2024-02-04,赖清德,L2-03,0.0,2024-01-29,2024-01-29/2024-02-04
2024-01-29/2024-02-04,赖清德,L2-04,0.0,2024-01-29,2024-01-29/2024-02-04
2024-01-29/2024-02-04,赖清德,L2-05,0.0,2024-01-29,2024-01-29/2024-02-04
2024-01-29/2024-02-04,赖清德,L2-06,0.0,2024-01-29,2024-01-29/2024-02-04
2024-01-29/2024-02-04,赖清德,L2-07,0.0,2024-01-29,2024-01-29/2024-02-04
2024-01-29/2024-02-04,赖清德,L2-08,0.0,2024-01-29,2024-01-29/2024-02-04
2024-02-05/2024-02-11,柯文哲,L2-01,0.0,2024-02-05,2024-02-05/2024-02-11
2024-02-05/2024-02-11,柯文哲,L2-02,0.0,2024-02-05,2024-02-05/2024-02-11
2024-02-05/2024-02-11,柯文哲,L2-03,0.0,2024-02-05,2024-02-05/2024-02-11
2024-02-05/2024-02-11,柯文哲,L2-04,0.0,2024-02-05,2024-02-05/2024-02-11
2024-02-05/2024-02-11,柯文哲,L2-05,0.0,2024-02-05,2024-02-05/2024-02-11
2024-02-05/2024-02-11,柯文哲,L2-06,0.0,2024-02-05,2024-02-05/2024-02-11
2024-02-05/2024-02-11,柯文哲,L2-07,0.0,2024-02-05,2024-02-05/2024-02-11
2024-02-05/2024-02-11,柯文哲,L2-08,0.0,2024-02-05,2024-02-05/2024-02-11
2024-02-05/2024-02-11,赖清德,L2-01,0.0,2024-02-05,2024-02-05/2024-02-11
2024-02-05/2024-02-11,赖清德,L2-02,0.0,2024-02-05,2024-02-05/2024-02-11
2024-02-05/2024-02-11,赖清德,L2-03,0.0,2024-02-05,2024-02-05/2024-02-11
2024-02-05/2024-02-11,赖清德,L2-04,0.0,2024-02-05,2024-02-05/2024-02-11
2024-02-05/2024-02-11,赖清德,L2-05,0.0,2024-02-05,2024-02-05/2024-02-11
2024-02-05/2024-02-11,赖清德,L2-06,0.0,2024-02-05,2024-02-05/2024-02-11
2024-02-05/2024-02-11,赖清德,L2-07,0.0,2024-02-05,2024-02-05/2024-02-11
2024-02-05/2024-02-11,赖清德,L2-08,0.0,2024-02-05,2024-02-05/2024-02-11
2024-02-12/2024-02-18,柯文哲,L2-01,0.0,2024-02-12,2024-02-12/2024-02-18
2024-02-12/2024-02-18,柯文哲,L2-02,0.0,2024-02-12,2024-02-12/2024-02-18
2024-02-12/2024-02-18,柯文哲,L2-03,0.0,2024-02-12,2024-02-12/2024-02-18
2024-02-12/2024-02-18,柯文哲,L2-04,0.0,2024-02-12,2024-02-12/2024-02-18
2024-02-12/2024-02-18,柯文哲,L2-05,0.0,2024-02-12,2024-02-12/2024-02-18
2024-02-12/2024-02-18,柯文哲,L2-06,0.0,2024-02-12,2024-02-12/2024-02-18
2024-02-12/2024-02-18,柯文哲,L2-07,0.0,2024-02-12,2024-02-12/2024-02-18
2024-02-12/2024-02-18,柯文哲,L2-08,0.0,2024-02-12,2024-02-12/2024-02-18
2024-02-12/2024-02-18,赖清德,L2-01,0.0,2024-02-12,2024-02-12/2024-02-18
2024-02-12/2024-02-18,赖清德,L2-02,0.0,2024-02-12,2024-02-12/2024-02-18
2024-02-12/2024-02-18,赖清德,L2-03,0.0,2024-02-12,2024-02-12/2024-02-18
2024-02-12/2024-02-18,赖清德,L2-04,0.0,2024-02-12,2024-02-12/2024-02-18
2024-02-12/2024-02-18,赖清德,L2-05,0.0,2024-02-12,2024-02-12/2024-02-18
2024-02-12/2024-02-18,赖清德,L2-06,0.0,2024-02-12,2024-02-12/2024-02-18
2024-02-12/2024-02-18,赖清德,L2-07,0.0,2024-02-12,2024-02-12/2024-02-18
2024-02-12/2024-02-18,赖清德,L2-08,0.0,2024-02-12,2024-02-12/2024-02-18
2024-02-19/2024-02-25,柯文哲,L2-01,0.0,2024-02-19,2024-02-19/2024-02-25
2024-02-19/2024-02-25,柯文哲,L2-02,0.0,2024-02-19,2024-02-19/2024-02-25
2024-02-19/2024-02-25,柯文哲,L2-03,0.0,2024-02-19,2024-02-19/2024-02-25
2024-02-19/2024-02-25,柯文哲,L2-04,0.0,2024-02-19,2024-02-19/2024-02-25
2024-02-19/2024-02-25,柯文哲,L2-05,0.0,2024-02-19,2024-02-19/2024-02-25
2024-02-19/2024-02-25,柯文哲,L2-06,0.0,2024-02-19,2024-02-19/2024-02-25
2024-02-19/2024-02-25,柯文哲,L2-07,0.0,2024-02-19,2024-02-19/2024-02-25
2024-02-19/2024-02-25,柯文哲,L2-08,0.0,2024-02-19,2024-02-19/2024-02-25
2024-02-19/2024-02-25,赖清德,L2-01,0.0,2024-02-19,2024-02-19/2024-02-25
2024-02-19/2024-02-25,赖清德,L2-02,0.0,2024-02-19,2024-02-19/2024-02-25
2024-02-19/2024-02-25,赖清德,L2-03,0.0,2024-02-19,2024-02-19/2024-02-25
2024-02-19/2024-02-25,赖清德,L2-04,0.0,2024-02-19,2024-02-19/2024-02-25
2024-02-19/2024-02-25,赖清德,L2-05,0.0,2024-02-19,2024-02-19/2024-02-25
2024-02-19/2024-02-25,赖清德,L2-06,0.0,2024-02-19,2024-02-19/2024-02-25
2024-02-19/2024-02-25,赖清德,L2-07,0.0,2024-02-19,2024-02-19/2024-02-25
2024-02-19/2024-02-25,赖清德,L2-08,0.0,2024-02-19,2024-02-19/2024-02-25
2024-02-26/2024-03-03,柯文哲,L2-01,0.0,2024-02-26,2024-02-26/2024-03-03
2024-02-26/2024-03-03,柯文哲,L2-02,0.0,2024-02-26,2024-02-26/2024-03-03
2024-02-26/2024-03-03,柯文哲,L2-03,0.0,2024-02-26,2024-02-26/2024-03-03
2024-02-26/2024-03-03,柯文哲,L2-04,0.0,2024-02-26,2024-02-26/2024-03-03
2024-02-26/2024-03-03,柯文哲,L2-05,0.0,2024-02-26,2024-02-26/2024-03-03
2024-02-26/2024-03-03,柯文哲,L2-06,0.0,2024-02-26,2024-02-26/2024-03-03
2024-02-26/2024-03-03,柯文哲,L2-07,0.0,2024-02-26,2024-02-26/2024-03-03
2024-02-26/2024-03-03,柯文哲,L2-08,0.0,2024-02-26,2024-02-26/2024-03-03
2024-02-26/2024-03-03,赖清德,L2-01,0.0,2024-02-26,2024-02-26/2024-03-03
2024-02-26/2024-03-03,赖清德,L2-02,0.0,2024-02-26,2024-02-26/2024-03-03
2024-02-26/2024-03-03,赖清德,L2-03,0.0,2024-02-26,2024-02-26/2024-03-03
2024-02-26/2024-03-03,赖清德,L2-04,0.0,2024-02-26,2024-02-26/2024-03-03
2024-02-26/2024-03-03,赖清德,L2-05,0.0,2024-02-26,2024-02-26/2024-03-03
2024-02-26/2024-03-03,赖清德,L2-06,0.0,2024-02-26,2024-02-26/2024-03-03
2024-02-26/2024-03-03,赖清德,L2-07,0.0,2024-02-26,2024-02-26/2024-03-03
2024-02-26/2024-03-03,赖清德,L2-08,0.0,2024-02-26,2024-02-26/2024-03-03
2024-03-04/2024-03-10,柯文哲,L2-01,0.0,2024-03-04,2024-03-04/2024-03-10
2024-03-04/2024-03-10,柯文哲,L2-02,0.0,2024-03-04,2024-03-04/2024-03-10
2024-03-04/2024-03-10,柯文哲,L2-03,0.0,2024-03-04,2024-03-04/2024-03-10
2024-03-04/2024-03-10,柯文哲,L2-04,0.0,2024-03-04,2024-03-04/2024-03-10
2024-03-04/2024-03-10,柯文哲,L2-05,0.0,2024-03-04,2024-03-04/2024-03-10
2024-03-04/2024-03-10,柯文哲,L2-06,0.0,2024-03-04,2024-03-04/2024-03-10
2024-03-04/2024-03-10,柯文哲,L2-07,0.0,2024-03-04,2024-03-04/2024-03-10
2024-03-04/2024-03-10,柯文哲,L2-08,0.0,2024-03-04,2024-03-04/2024-03-10
2024-03-04/2024-03-10,赖清德,L2-01,0.0,2024-03-04,2024-03-04/2024-03-10
2024-03-04/2024-03-10,赖清德,L2-02,0.0,2024-03-04,2024-03-04/2024-03-10
2024-03-04/2024-03-10,赖清德,L2-03,0.0,2024-03-04,2024-03-04/2024-03-10
2024-03-04/2024-03-10,赖清德,L2-04,0.0,2024-03-04,2024-03-04/2024-03-10
2024-03-04/2024-03-10,赖清德,L2-05,0.0,2024-03-04,2024-03-04/2024-03-10
2024-03-04/2024-03-10,赖清德,L2-06,0.0,2024-03-04,2024-03-04/2024-03-10
2024-03-04/2024-03-10,赖清德,L2-07,0.0,2024-03-04,2024-03-04/2024-03-10
2024-03-04/2024-03-10,赖清德,L2-08,0.0,2024-03-04,2024-03-04/2024-03-10
2024-03-11/2024-03-17,柯文哲,L2-01,0.0,2024-03-11,2024-03-11/2024-03-17
2024-03-11/2024-03-17,柯文哲,L2-02,0.0,2024-03-11,2024-03-11/2024-03-17
2024-03-11/2024-03-17,柯文哲,L2-03,0.0,2024-03-11,2024-03-11/2024-03-17
2024-03-11/2024-03-17,柯文哲,L2-04,0.0,2024-03-11,2024-03-11/2024-03-17
2024-03-11/2024-03-17,柯文哲,L2-05,0.0,2024-03-11,2024-03-11/2024-03-17
2024-03-11/2024-03-17,柯文哲,L2-06,0.0,2024-03-11,2024-03-11/2024-03-17
2024-03-11/2024-03-17,柯文哲,L2-07,0.0,2024-03-11,2024-03-11/2024-03-17
2024-03-11/2024-03-17,柯文哲,L2-08,0.0,2024-03-11,2024-03-11/2024-03-17
2024-03-11/2024-03-17,赖清德,L2-01,0.0,2024-03-11,2024-03-11/2024-03-17
2024-03-11/2024-03-17,赖清德,L2-02,0.0,2024-03-11,2024-03-11/2024-03-17
2024-03-11/2024-03-17,赖清德,L2-03,0.0,2024-03-11,2024-03-11/2024-03-17
2024-03-11/2024-03-17,赖清德,L2-04,0.0,2024-03-11,2024-03-11/2024-03-17
2024-03-11/2024-03-17,赖清德,L2-05,0.0,2024-03-11,2024-03-11/2024-03-17
2024-03-11/2024-03-17,赖清德,L2-06,0.0,2024-03-11,2024-03-11/2024-03-17
2024-03-11/2024-03-17,赖清德,L2-07,0.0,2024-03-11,2024-03-11/2024-03-17
2024-03-11/2024-03-17,赖清德,L2-08,0.0,2024-03-11,2024-03-11/2024-03-17
2024-03-18/2024-03-24,柯文哲,L2-01,0.0,2024-03-18,2024-03-18/2024-03-24
2024-03-18/2024-03-24,柯文哲,L2-02,0.0,2024-03-18,2024-03-18/2024-03-24
2024-03-18/2024-03-24,柯文哲,L2-03,0.0,2024-03-18,2024-03-18/2024-03-24
2024-03-18/2024-03-24,柯文哲,L2-04,0.0,2024-03-18,2024-03-18/2024-03-24
2024-03-18/2024-03-24,柯文哲,L2-05,0.0,2024-03-18,2024-03-18/2024-03-24
2024-03-18/2024-03-24,柯文哲,L2-06,0.0,2024-03-18,2024-03-18/2024-03-24
2024-03-18/2024-03-24,柯文哲,L2-07,0.0,2024-03-18,2024-03-18/2024-03-24
2024-03-18/2024-03-24,柯文哲,L2-08,0.0,2024-03-18,2024-03-18/2024-03-24
2024-03-18/2024-03-24,赖清德,L2-01,0.0,2024-03-18,2024-03-18/2024-03-24
2024-03-18/2024-03-24,赖清德,L2-02,0.0,2024-03-18,2024-03-18/2024-03-24
2024-03-18/2024-03-24,赖清德,L2-03,0.0,2024-03-18,2024-03-18/2024-03-24
2024-03-18/2024-03-24,赖清德,L2-04,0.0,2024-03-18,2024-03-18/2024-03-24
2024-03-18/2024-03-24,赖清德,L2-05,0.0,2024-03-18,2024-03-18/2024-03-24
2024-03-18/2024-03-24,赖清德,L2-06,0.0,2024-03-18,2024-03-18/2024-03-24
2024-03-18/2024-03-24,赖清德,L2-07,0.0,2024-03-18,2024-03-18/2024-03-24
2024-03-18/2024-03-24,赖清德,L2-08,0.0,2024-03-18,2024-03-18/2024-03-24
2024-03-25/2024-03-31,柯文哲,L2-01,0.0,2024-03-25,2024-03-25/2024-03-31
2024-03-25/2024-03-31,柯文哲,L2-02,0.0,2024-03-25,2024-03-25/2024-03-31
2024-03-25/2024-03-31,柯文哲,L2-03,0.0,2024-03-25,2024-03-25/2024-03-31
2024-03-25/2024-03-31,柯文哲,L2-04,0.0,2024-03-25,2024-03-25/2024-03-31
2024-03-25/2024-03-31,柯文哲,L2-05,0.0,2024-03-25,2024-03-25/2024-03-31
2024-03-25/2024-03-31,柯文哲,L2-06,0.0,2024-03-25,2024-03-25/2024-03-31
2024-03-25/2024-03-31,柯文哲,L2-07,0.0,2024-03-25,2024-03-25/2024-03-31
2024-03-25/2024-03-31,柯文哲,L2-08,0.0,2024-03-25,2024-03-25/2024-03-31
2024-03-25/2024-03-31,赖清德,L2-01,0.0,2024-03-25,2024-03-25/2024-03-31
2024-03-25/2024-03-31,赖清德,L2-02,0.0,2024-03-25,2024-03-25/2024-03-31
2024-03-25/2024-03-31,赖清德,L2-03,0.0,2024-03-25,2024-03-25/2024-03-31
2024-03-25/2024-03-31,赖清德,L2-04,0.0,2024-03-25,2024-03-25/2024-03-31
2024-03-25/2024-03-31,赖清德,L2-05,0.0,2024-03-25,2024-03-25/2024-03-31
2024-03-25/2024-03-31,赖清德,L2-06,0.0,2024-03-25,2024-03-25/2024-03-31
2024-03-25/2024-03-31,赖清德,L2-07,0.0,2024-03-25,2024-03-25/2024-03-31
2024-03-25/2024-03-31,赖清德,L2-08,0.0,2024-03-25,2024-03-25/2024-03-31
2024-04-01/2024-04-07,柯文哲,L2-01,0.0,2024-04-01,2024-04-01/2024-04-07
2024-04-01/2024-04-07,柯文哲,L2-02,0.0,2024-04-01,2024-04-01/2024-04-07
2024-04-01/2024-04-07,柯文哲,L2-03,0.0,2024-04-01,2024-04-01/2024-04-07
2024-04-01/2024-04-07,柯文哲,L2-04,0.0,2024-04-01,2024-04-01/2024-04-07
2024-04-01/2024-04-07,柯文哲,L2-05,0.0,2024-04-01,2024-04-01/2024-04-07
2024-04-01/2024-04-07,柯文哲,L2-06,0.0,2024-04-01,2024-04-01/2024-04-07
2024-04-01/2024-04-07,柯文哲,L2-07,0.0,2024-04-01,2024-04-01/2024-04-07
2024-04-01/2024-04-07,柯文哲,L2-08,0.0,2024-04-01,2024-04-01/2024-04-07
2024-04-01/2024-04-07,赖清德,L2-01,0.0,2024-04-01,2024-04-01/2024-04-07
2024-04-01/2024-04-07,赖清德,L2-02,0.0,2024-04-01,2024-04-01/2024-04-07
2024-04-01/2024-04-07,赖清德,L2-03,0.0,2024-04-01,2024-04-01/2024-04-07
2024-04-01/2024-04-07,赖清德,L2-04,0.0,2024-04-01,2024-04-01/2024-04-07
2024-04-01/2024-04-07,赖清德,L2-05,0.0,2024-04-01,2024-04-01/2024-04-07
2024-04-01/2024-04-07,赖清德,L2-06,0.0,2024-04-01,2024-04-01/2024-04-07
2024-04-01/2024-04-07,赖清德,L2-07,0.0,2024-04-01,2024-04-01/2024-04-07
2024-04-01/2024-04-07,赖清德,L2-08,0.0,2024-04-01,2024-04-01/2024-04-07
2024-04-08/2024-04-14,柯文哲,L2-01,0.0,2024-04-08,2024-04-08/2024-04-14
2024-04-08/2024-04-14,柯文哲,L2-02,0.0,2024-04-08,2024-04-08/2024-04-14
2024-04-08/2024-04-14,柯文哲,L2-03,0.0,2024-04-08,2024-04-08/2024-04-14
2024-04-08/2024-04-14,柯文哲,L2-04,0.0,2024-04-08,2024-04-08/2024-04-14
2024-04-08/2024-04-14,柯文哲,L2-05,0.0,2024-04-08,2024-04-08/2024-04-14
2024-04-08/2024-04-14,柯文哲,L2-06,0.0,2024-04-08,2024-04-08/2024-04-14
2024-04-08/2024-04-14,柯文哲,L2-07,0.0,2024-04-08,2024-04-08/2024-04-14
2024-04-08/2024-04-14,柯文哲,L2-08,0.0,2024-04-08,2024-04-08/2024-04-14
2024-04-08/2024-04-14,赖清德,L2-01,0.0,2024-04-08,2024-04-08/2024-04-14
2024-04-08/2024-04-14,赖清德,L2-02,0.0,2024-04-08,2024-04-08/2024-04-14
2024-04-08/2024-04-14,赖清德,L2-03,0.0,2024-04-08,2024-04-08/2024-04-14
2024-04-08/2024-04-14,赖清德,L2-04,0.0,2024-04-08,2024-04-08/2024-04-14
2024-04-08/2024-04-14,赖清德,L2-05,0.0,2024-04-08,2024-04-08/2024-04-14
2024-04-08/2024-04-14,赖清德,L2-06,0.0,2024-04-08,2024-04-08/2024-04-14
2024-04-08/2024-04-14,赖清德,L2-07,0.0,2024-04-08,2024-04-08/2024-04-14
2024-04-08/2024-04-14,赖清德,L2-08,0.0,2024-04-08,2024-04-08/2024-04-14
2024-04-15/2024-04-21,柯文哲,L2-01,0.0,2024-04-15,2024-04-15/2024-04-21
2024-04-15/2024-04-21,柯文哲,L2-02,0.0,2024-04-15,2024-04-15/2024-04-21
2024-04-15/2024-04-21,柯文哲,L2-03,0.0,2024-04-15,2024-04-15/2024-04-21
2024-04-15/2024-04-21,柯文哲,L2-04,0.0,2024-04-15,2024-04-15/2024-04-21
2024-04-15/2024-04-21,柯文哲,L2-05,0.0,2024-04-15,2024-04-15/2024-04-21
2024-04-15/2024-04-21,柯文哲,L2-06,0.0,2024-04-15,2024-04-15/2024-04-21
2024-04-15/2024-04-21,柯文哲,L2-07,0.0,2024-04-15,2024-04-15/2024-04-21
2024-04-15/2024-04-21,柯文哲,L2-08,0.0,2024-04-15,2024-04-15/2024-04-21
2024-04-15/2024-04-21,赖清德,L2-01,0.0,2024-04-15,2024-04-15/2024-04-21
2024-04-15/2024-04-21,赖清德,L2-02,0.0,2024-04-15,2024-04-15/2024-04-21
2024-04-15/2024-04-21,赖清德,L2-03,0.0,2024-04-15,2024-04-15/2024-04-21
2024-04-15/2024-04-21,赖清德,L2-04,0.0,2024-04-15,2024-04-15/2024-04-21
2024-04-15/2024-04-21,赖清德,L2-05,0.0,2024-04-15,2024-04-15/2024-04-21
2024-04-15/2024-04-21,赖清德,L2-06,0.0,2024-04-15,2024-04-15/2024-04-21
2024-04-15/2024-04-21,赖清德,L2-07,0.0,2024-04-15,2024-04-15/2024-04-21
2024-04-15/2024-04-21,赖清德,L2-08,0.0,2024-04-15,2024-04-15/2024-04-21
2024-04-22/2024-04-28,柯文哲,L2-01,0.0,2024-04-22,2024-04-22/2024-04-28
2024-04-22/2024-04-28,柯文哲,L2-02,0.0,2024-04-22,2024-04-22/2024-04-28
2024-04-22/2024-04-28,柯文哲,L2-03,0.0,2024-04-22,2024-04-22/2024-04-28
2024-04-22/2024-04-28,柯文哲,L2-04,0.0,2024-04-22,2024-04-22/2024-04-28
2024-04-22/2024-04-28,柯文哲,L2-05,0.0,2024-04-22,2024-04-22/2024-04-28
2024-04-22/2024-04-28,柯文哲,L2-06,0.0,2024-04-22,2024-04-22/2024-04-28
2024-04-22/2024-04-28,柯文哲,L2-07,0.0,2024-04-22,2024-04-22/2024-04-28
2024-04-22/2024-04-28,柯文哲,L2-08,0.0,2024-04-22,2024-04-22/2024-04-28
2024-04-22/2024-04-28,赖清德,L2-01,0.0,2024-04-22,2024-04-22/2024-04-28
2024-04-22/2024-04-28,赖清德,L2-02,0.0,2024-04-22,2024-04-22/2024-04-28
2024-04-22/2024-04-28,赖清德,L2-03,0.0,2024-04-22,2024-04-22/2024-04-28
2024-04-22/2024-04-28,赖清德,L2-04,0.0,2024-04-22,2024-04-22/2024-04-28
2024-04-22/2024-04-28,赖清德,L2-05,0.0,2024-04-22,2024-04-22/2024-04-28
2024-04-22/2024-04-28,赖清德,L2-06,0.0,2024-04-22,2024-04-22/2024-04-28
2024-04-22/2024-04-28,赖清德,L2-07,0.0,2024-04-22,2024-04-22/2024-04-28
2024-04-22/2024-04-28,赖清德,L2-08,0.0,2024-04-22,2024-04-22/2024-04-28
2024-04-29/2024-05-05,柯文哲,L2-01,0.0,2024-04-29,2024-04-29/2024-05-05
2024-04-29/2024-05-05,柯文哲,L2-02,0.0,2024-04-29,2024-04-29/2024-05-05
2024-04-29/2024-05-05,柯文哲,L2-03,0.0,2024-04-29,2024-04-29/2024-05-05
2024-04-29/2024-05-05,柯文哲,L2-04,0.0,2024-04-29,2024-04-29/2024-05-05
2024-04-29/2024-05-05,柯文哲,L2-05,0.0,2024-04-29,2024-04-29/2024-05-05
2024-04-29/2024-05-05,柯文哲,L2-06,0.0,2024-04-29,2024-04-29/2024-05-05
2024-04-29/2024-05-05,柯文哲,L2-07,0.0,2024-04-29,2024-04-29/2024-05-05
2024-04-29/2024-05-05,柯文哲,L2-08,0.0,2024-04-29,2024-04-29/2024-05-05
2024-04-29/2024-05-05,赖清德,L2-01,0.0,2024-04-29,2024-04-29/2024-05-05
2024-04-29/2024-05-05,赖清德,L2-02,0.0,2024-04-29,2024-04-29/2024-05-05
2024-04-29/2024-05-05,赖清德,L2-03,0.0,2024-04-29,2024-04-29/2024-05-05
2024-04-29/2024-05-05,赖清德,L2-04,0.0,2024-04-29,2024-04-29/2024-05-05
2024-04-29/2024-05-05,赖清德,L2-05,0.0,2024-04-29,2024-04-29/2024-05-05
2024-04-29/2024-05-05,赖清德,L2-06,0.0,2024-04-29,2024-04-29/2024-05-05
2024-04-29/2024-05-05,赖清德,L2-07,0.0,2024-04-29,2024-04-29/2024-05-05
2024-04-29/2024-05-05,赖清德,L2-08,0.0,2024-04-29,2024-04-29/2024-05-05
2024-05-06/2024-05-12,柯文哲,L2-01,0.0,2024-05-06,2024-05-06/2024-05-12
2024-05-06/2024-05-12,柯文哲,L2-02,0.0,2024-05-06,2024-05-06/2024-05-12
2024-05-06/2024-05-12,柯文哲,L2-03,0.0,2024-05-06,2024-05-06/2024-05-12
2024-05-06/2024-05-12,柯文哲,L2-04,0.0,2024-05-06,2024-05-06/2024-05-12
2024-05-06/2024-05-12,柯文哲,L2-05,0.0,2024-05-06,2024-05-06/2024-05-12
2024-05-06/2024-05-12,柯文哲,L2-06,0.0,2024-05-06,2024-05-06/2024-05-12
2024-05-06/2024-05-12,柯文哲,L2-07,0.0,2024-05-06,2024-05-06/2024-05-12
2024-05-06/2024-05-12,柯文哲,L2-08,0.0,2024-05-06,2024-05-06/2024-05-12
2024-05-06/2024-05-12,赖清德,L2-01,0.0,2024-05-06,2024-05-06/2024-05-12
2024-05-06/2024-05-12,赖清德,L2-02,0.0,2024-05-06,2024-05-06/2024-05-12
2024-05-06/2024-05-12,赖清德,L2-03,0.0,2024-05-06,2024-05-06/2024-05-12
2024-05-06/2024-05-12,赖清德,L2-04,0.0,2024-05-06,2024-05-06/2024-05-12
2024-05-06/2024-05-12,赖清德,L2-05,0.0,2024-05-06,2024-05-06/2024-05-12
2024-05-06/2024-05-12,赖清德,L2-06,0.0,2024-05-06,2024-05-06/2024-05-12
2024-05-06/2024-05-12,赖清德,L2-07,0.0,2024-05-06,2024-05-06/2024-05-12
2024-05-06/2024-05-12,赖清德,L2-08,0.0,2024-05-06,2024-05-06/2024-05-12
2024-05-13/2024-05-19,柯文哲,L2-01,0.0,2024-05-13,2024-05-13/2024-05-19
2024-05-13/2024-05-19,柯文哲,L2-02,0.0,2024-05-13,2024-05-13/2024-05-19
2024-05-13/2024-05-19,柯文哲,L2-03,0.0,2024-05-13,2024-05-13/2024-05-19
2024-05-13/2024-05-19,柯文哲,L2-04,0.0,2024-05-13,2024-05-13/2024-05-19
2024-05-13/2024-05-19,柯文哲,L2-05,0.0,2024-05-13,2024-05-13/2024-05-19
2024-05-13/2024-05-19,柯文哲,L2-06,0.0,2024-05-13,2024-05-13/2024-05-19
2024-05-13/2024-05-19,柯文哲,L2-07,0.0,2024-05-13,2024-05-13/2024-05-19
2024-05-13/2024-05-19,柯文哲,L2-08,0.0,2024-05-13,2024-05-13/2024-05-19
2024-05-13/2024-05-19,赖清德,L2-01,0.0,2024-05-13,2024-05-13/2024-05-19
2024-05-13/2024-05-19,赖清德,L2-02,0.0,2024-05-13,2024-05-13/2024-05-19
2024-05-13/2024-05-19,赖清德,L2-03,0.0,2024-05-13,2024-05-13/2024-05-19
2024-05-13/2024-05-19,赖清德,L2-04,0.0,2024-05-13,2024-05-13/2024-05-19
2024-05-13/2024-05-19,赖清德,L2-05,0.0,2024-05-13,2024-05-13/2024-05-19
2024-05-13/2024-05-19,赖清德,L2-06,0.0,2024-05-13,2024-05-13/2024-05-19
2024-05-13/2024-05-19,赖清德,L2-07,0.0,2024-05-13,2024-05-13/2024-05-19
2024-05-13/2024-05-19,赖清德,L2-08,0.0,2024-05-13,2024-05-13/2024-05-19
2024-05-20/2024-05-26,柯文哲,L2-01,0.0,2024-05-20,2024-05-20/2024-05-26
2024-05-20/2024-05-26,柯文哲,L2-02,0.0,2024-05-20,2024-05-20/2024-05-26
2024-05-20/2024-05-26,柯文哲,L2-03,0.0,2024-05-20,2024-05-20/2024-05-26
2024-05-20/2024-05-26,柯文哲,L2-04,0.0,2024-05-20,2024-05-20/2024-05-26
2024-05-20/2024-05-26,柯文哲,L2-05,0.0,2024-05-20,2024-05-20/2024-05-26
2024-05-20/2024-05-26,柯文哲,L2-06,0.0,2024-05-20,2024-05-20/2024-05-26
2024-05-20/2024-05-26,柯文哲,L2-07,0.0,2024-05-20,2024-05-20/2024-05-26
2024-05-20/2024-05-26,柯文哲,L2-08,0.0,2024-05-20,2024-05-20/2024-05-26
2024-05-20/2024-05-26,赖清德,L2-01,0.0,2024-05-20,2024-05-20/2024-05-26
2024-05-20/2024-05-26,赖清德,L2-02,0.0,2024-05-20,2024-05-20/2024-05-26
2024-05-20/2024-05-26,赖清德,L2-03,0.0,2024-05-20,2024-05-20/2024-05-26
2024-05-20/2024-05-26,赖清德,L2-04,0.0,2024-05-20,2024-05-20/2024-05-26
2024-05-20/2024-05-26,赖清德,L2-05,0.0,2024-05-20,2024-05-20/2024-05-26
2024-05-20/2024-05-26,赖清德,L2-06,0.0,2024-05-20,2024-05-20/2024-05-26
2024-05-20/2024-05-26,赖清德,L2-07,0.0,2024-05-20,2024-05-20/2024-05-26
2024-05-20/2024-05-26,赖清德,L2-08,0.0,2024-05-20,2024-05-20/2024-05-26
2024-05-27/2024-06-02,柯文哲,L2-01,0.0,2024-05-27,2024-05-27/2024-06-02
2024-05-27/2024-06-02,柯文哲,L2-02,0.0,2024-05-27,2024-05-27/2024-06-02
2024-05-27/2024-06-02,柯文哲,L2-03,0.0,2024-05-27,2024-05-27/2024-06-02
2024-05-27/2024-06-02,柯文哲,L2-04,0.0,2024-05-27,2024-05-27/2024-06-02
2024-05-27/2024-06-02,柯文哲,L2-05,0.0,2024-05-27,2024-05-27/2024-06-02
2024-05-27/2024-06-02,柯文哲,L2-06,0.0,2024-05-27,2024-05-27/2024-06-02
2024-05-27/2024-06-02,柯文哲,L2-07,0.0,2024-05-27,2024-05-27/2024-06-02
2024-05-27/2024-06-02,柯文哲,L2-08,0.0,2024-05-27,2024-05-27/2024-06-02
2024-05-27/2024-06-02,赖清德,L2-01,0.0,2024-05-27,2024-05-27/2024-06-02
2024-05-27/2024-06-02,赖清德,L2-02,0.0,2024-05-27,2024-05-27/2024-06-02
2024-05-27/2024-06-02,赖清德,L2-03,0.0,2024-05-27,2024-05-27/2024-06-02
2024-05-27/2024-06-02,赖清德,L2-04,0.0,2024-05-27,2024-05-27/2024-06-02
2024-05-27/2024-06-02,赖清德,L2-05,0.0,2024-05-27,2024-05-27/2024-06-02
2024-05-27/2024-06-02,赖清德,L2-06,0.0,2024-05-27,2024-05-27/2024-06-02
2024-05-27/2024-06-02,赖清德,L2-07,0.0,2024-05-27,2024-05-27/2024-06-02
2024-05-27/2024-06-02,赖清德,L2-08,0.0,2024-05-27,2024-05-27/2024-06-02
2024-06-03/2024-06-09,柯文哲,L2-01,0.0,2024-06-03,2024-06-03/2024-06-09
2024-06-03/2024-06-09,柯文哲,L2-02,0.0,2024-06-03,2024-06-03/2024-06-09
2024-06-03/2024-06-09,柯文哲,L2-03,0.0,2024-06-03,2024-06-03/2024-06-09
2024-06-03/2024-06-09,柯文哲,L2-04,0.0,2024-06-03,2024-06-03/2024-06-09
2024-06-03/2024-06-09,柯文哲,L2-05,0.0,2024-06-03,2024-06-03/2024-06-09
2024-06-03/2024-06-09,柯文哲,L2-06,0.0,2024-06-03,2024-06-03/2024-06-09
2024-06-03/2024-06-09,柯文哲,L2-07,0.0,2024-06-03,2024-06-03/2024-06-09
2024-06-03/2024-06-09,柯文哲,L2-08,0.0,2024-06-03,2024-06-03/2024-06-09
2024-06-03/2024-06-09,赖清德,L2-01,0.0,2024-06-03,2024-06-03/2024-06-09
2024-06-03/2024-06-09,赖清德,L2-02,0.0,2024-06-03,2024-06-03/2024-06-09
2024-06-03/2024-06-09,赖清德,L2-03,0.0,2024-06-03,2024-06-03/2024-06-09
2024-06-03/2024-06-09,赖清德,L2-04,0.0,2024-06-03,2024-06-03/2024-06-09
2024-06-03/2024-06-09,赖清德,L2-05,0.0,2024-06-03,2024-06-03/2024-06-09
2024-06-03/2024-06-09,赖清德,L2-06,0.0,2024-06-03,2024-06-03/2024-06-09
2024-06-03/2024-06-09,赖清德,L2-07,0.0,2024-06-03,2024-06-03/2024-06-09
2024-06-03/2024-06-09,赖清德,L2-08,0.0,2024-06-03,2024-06-03/2024-06-09
2024-06-10/2024-06-16,柯文哲,L2-01,0.0,2024-06-10,2024-06-10/2024-06-16
2024-06-10/2024-06-16,柯文哲,L2-02,0.0,2024-06-10,2024-06-10/2024-06-16
2024-06-10/2024-06-16,柯文哲,L2-03,0.0,2024-06-10,2024-06-10/2024-06-16
2024-06-10/2024-06-16,柯文哲,L2-04,0.0,2024-06-10,2024-06-10/2024-06-16
2024-06-10/2024-06-16,柯文哲,L2-05,0.0,2024-06-10,2024-06-10/2024-06-16
2024-06-10/2024-06-16,柯文哲,L2-06,0.0,2024-06-10,2024-06-10/2024-06-16
2024-06-10/2024-06-16,柯文哲,L2-07,0.0,2024-06-10,2024-06-10/2024-06-16
2024-06-10/2024-06-16,柯文哲,L2-08,0.0,2024-06-10,2024-06-10/2024-06-16
2024-06-10/2024-06-16,赖清德,L2-01,0.0,2024-06-10,2024-06-10/2024-06-16
2024-06-10/2024-06-16,赖清德,L2-02,0.0,2024-06-10,2024-06-10/2024-06-16
2024-06-10/2024-06-16,赖清德,L2-03,0.0,2024-06-10,2024-06-10/2024-06-16
2024-06-10/2024-06-16,赖清德,L2-04,0.0,2024-06-10,2024-06-10/2024-06-16
2024-06-10/2024-06-16,赖清德,L2-05,0.0,2024-06-10,2024-06-10/2024-06-16
2024-06-10/2024-06-16,赖清德,L2-06,0.0,2024-06-10,2024-06-10/2024-06-16
2024-06-10/2024-06-16,赖清德,L2-07,0.0,2024-06-10,2024-06-10/2024-06-16
2024-06-10/2024-06-16,赖清德,L2-08,0.0,2024-06-10,2024-06-10/2024-06-16
2024-06-17/2024-06-23,柯文哲,L2-01,0.0,2024-06-17,2024-06-17/2024-06-23
2024-06-17/2024-06-23,柯文哲,L2-02,0.0,2024-06-17,2024-06-17/2024-06-23
2024-06-17/2024-06-23,柯文哲,L2-03,0.0,2024-06-17,2024-06-17/2024-06-23
2024-06-17/2024-06-23,柯文哲,L2-04,0.0,2024-06-17,2024-06-17/2024-06-23
2024-06-17/2024-06-23,柯文哲,L2-05,0.0,2024-06-17,2024-06-17/2024-06-23
2024-06-17/2024-06-23,柯文哲,L2-06,0.0,2024-06-17,2024-06-17/2024-06-23
2024-06-17/2024-06-23,柯文哲,L2-07,0.0,2024-06-17,2024-06-17/2024-06-23
2024-06-17/2024-06-23,柯文哲,L2-08,0.0,2024-06-17,2024-06-17/2024-06-23
2024-06-17/2024-06-23,赖清德,L2-01,0.0,2024-06-17,2024-06-17/2024-06-23
2024-06-17/2024-06-23,赖清德,L2-02,0.0,2024-06-17,2024-06-17/2024-06-23
2024-06-17/2024-06-23,赖清德,L2-03,0.0,2024-06-17,2024-06-17/2024-06-23
2024-06-17/2024-06-23,赖清德,L2-04,0.0,2024-06-17,2024-06-17/2024-06-23
2024-06-17/2024-06-23,赖清德,L2-05,0.0,2024-06-17,2024-06-17/2024-06-23
2024-06-17/2024-06-23,赖清德,L2-06,0.0,2024-06-17,2024-06-17/2024-06-23
2024-06-17/2024-06-23,赖清德,L2-07,0.0,2024-06-17,2024-06-17/2024-06-23
2024-06-17/2024-06-23,赖清德,L2-08,0.0,2024-06-17,2024-06-17/2024-06-23
2024-06-24/2024-06-30,柯文哲,L2-01,0.0,2024-06-24,2024-06-24/2024-06-30
2024-06-24/2024-06-30,柯文哲,L2-02,0.0,2024-06-24,2024-06-24/2024-06-30
2024-06-24/2024-06-30,柯文哲,L2-03,0.0,2024-06-24,2024-06-24/2024-06-30
2024-06-24/2024-06-30,柯文哲,L2-04,0.0,2024-06-24,2024-06-24/2024-06-30
2024-06-24/2024-06-30,柯文哲,L2-05,0.0,2024-06-24,2024-06-24/2024-06-30
2024-06-24/2024-06-30,柯文哲,L2-06,0.0,2024-06-24,2024-06-24/2024-06-30
2024-06-24/2024-06-30,柯文哲,L2-07,0.0,2024-06-24,2024-06-24/2024-06-30
2024-06-24/2024-06-30,柯文哲,L2-08,0.0,2024-06-24,2024-06-24/2024-06-30
2024-06-24/2024-06-30,赖清德,L2-01,0.0,2024-06-24,2024-06-24/2024-06-30
2024-06-24/2024-06-30,赖清德,L2-02,0.0,2024-06-24,2024-06-24/2024-06-30
2024-06-24/2024-06-30,赖清德,L2-03,0.0,2024-06-24,2024-06-24/2024-06-30
2024-06-24/2024-06-30,赖清德,L2-04,0.0,2024-06-24,2024-06-24/2024-06-30
2024-06-24/2024-06-30,赖清德,L2-05,0.0,2024-06-24,2024-06-24/2024-06-30
2024-06-24/2024-06-30,赖清德,L2-06,0.0,2024-06-24,2024-06-24/2024-06-30
2024-06-24/2024-06-30,赖清德,L2-07,0.0,2024-06-24,2024-06-24/2024-06-30
2024-06-24/2024-06-30,赖清德,L2-08,0.0,2024-06-24,2024-06-24/2024-06-30
2024-07-01/2024-07-07,柯文哲,L2-01,0.0,2024-07-01,2024-07-01/2024-07-07
2024-07-01/2024-07-07,柯文哲,L2-02,0.0,2024-07-01,2024-07-01/2024-07-07
2024-07-01/2024-07-07,柯文哲,L2-03,0.0,2024-07-01,2024-07-01/2024-07-07
2024-07-01/2024-07-07,柯文哲,L2-04,0.0,2024-07-01,2024-07-01/2024-07-07
2024-07-01/2024-07-07,柯文哲,L2-05,0.0,2024-07-01,2024-07-01/2024-07-07
2024-07-01/2024-07-07,柯文哲,L2-06,0.0,2024-07-01,2024-07-01/2024-07-07
2024-07-01/2024-07-07,柯文哲,L2-07,0.0,2024-07-01,2024-07-01/2024-07-07
2024-07-01/2024-07-07,柯文哲,L2-08,0.0,2024-07-01,2024-07-01/2024-07-07
2024-07-01/2024-07-07,赖清德,L2-01,0.0,2024-07-01,2024-07-01/2024-07-07
2024-07-01/2024-07-07,赖清德,L2-02,0.0,2024-07-01,2024-07-01/2024-07-07
2024-07-01/2024-07-07,赖清德,L2-03,0.0,2024-07-01,2024-07-01/2024-07-07
2024-07-01/2024-07-07,赖清德,L2-04,0.0,2024-07-01,2024-07-01/2024-07-07
2024-07-01/2024-07-07,赖清德,L2-05,0.0,2024-07-01,2024-07-01/2024-07-07
2024-07-01/2024-07-07,赖清德,L2-06,0.0,2024-07-01,2024-07-01/2024-07-07
2024-07-01/2024-07-07,赖清德,L2-07,0.0,2024-07-01,2024-07-01/2024-07-07
2024-07-01/2024-07-07,赖清德,L2-08,0.0,2024-07-01,2024-07-01/2024-07-07
2024-07-08/2024-07-14,柯文哲,L2-01,0.0,2024-07-08,2024-07-08/2024-07-14
2024-07-08/2024-07-14,柯文哲,L2-02,0.0,2024-07-08,2024-07-08/2024-07-14
2024-07-08/2024-07-14,柯文哲,L2-03,0.0,2024-07-08,2024-07-08/2024-07-14
2024-07-08/2024-07-14,柯文哲,L2-04,0.0,2024-07-08,2024-07-08/2024-07-14
2024-07-08/2024-07-14,柯文哲,L2-05,0.0,2024-07-08,2024-07-08/2024-07-14
2024-07-08/2024-07-14,柯文哲,L2-06,0.0,2024-07-08,2024-07-08/2024-07-14
2024-07-08/2024-07-14,柯文哲,L2-07,0.0,2024-07-08,2024-07-08/2024-07-14
2024-07-08/2024-07-14,柯文哲,L2-08,0.0,2024-07-08,2024-07-08/2024-07-14
2024-07-08/2024-07-14,赖清德,L2-01,0.0,2024-07-08,2024-07-08/2024-07-14
2024-07-08/2024-07-14,赖清德,L2-02,0.0,2024-07-08,2024-07-08/2024-07-14
2024-07-08/2024-07-14,赖清德,L2-03,0.0,2024-07-08,2024-07-08/2024-07-14
2024-07-08/2024-07-14,赖清德,L2-04,0.0,2024-07-08,2024-07-08/2024-07-14
2024-07-08/2024-07-14,赖清德,L2-05,0.0,2024-07-08,2024-07-08/2024-07-14
2024-07-08/2024-07-14,赖清德,L2-06,0.0,2024-07-08,2024-07-08/2024-07-14
2024-07-08/2024-07-14,赖清德,L2-07,0.0,2024-07-08,2024-07-08/2024-07-14
2024-07-08/2024-07-14,赖清德,L2-08,0.0,2024-07-08,2024-07-08/2024-07-14
2024-07-15/2024-07-21,柯文哲,L2-01,0.0,2024-07-15,2024-07-15/2024-07-21
2024-07-15/2024-07-21,柯文哲,L2-02,0.0,2024-07-15,2024-07-15/2024-07-21
2024-07-15/2024-07-21,柯文哲,L2-03,0.0,2024-07-15,2024-07-15/2024-07-21
2024-07-15/2024-07-21,柯文哲,L2-04,0.0,2024-07-15,2024-07-15/2024-07-21
2024-07-15/2024-07-21,柯文哲,L2-05,0.0,2024-07-15,2024-07-15/2024-07-21
2024-07-15/2024-07-21,柯文哲,L2-06,0.0,2024-07-15,2024-07-15/2024-07-21
2024-07-15/2024-07-21,柯文哲,L2-07,0.0,2024-07-15,2024-07-15/2024-07-21
2024-07-15/2024-07-21,柯文哲,L2-08,0.0,2024-07-15,2024-07-15/2024-07-21
2024-07-15/2024-07-21,赖清德,L2-01,0.0,2024-07-15,2024-07-15/2024-07-21
2024-07-15/2024-07-21,赖清德,L2-02,0.0,2024-07-15,2024-07-15/2024-07-21
2024-07-15/2024-07-21,赖清德,L2-03,0.0,2024-07-15,2024-07-15/2024-07-21
2024-07-15/2024-07-21,赖清德,L2-04,0.0,2024-07-15,2024-07-15/2024-07-21
2024-07-15/2024-07-21,赖清德,L2-05,0.0,2024-07-15,2024-07-15/2024-07-21
2024-07-15/2024-07-21,赖清德,L2-06,0.0,2024-07-15,2024-07-15/2024-07-21
2024-07-15/2024-07-21,赖清德,L2-07,0.0,2024-07-15,2024-07-15/2024-07-21
2024-07-15/2024-07-21,赖清德,L2-08,0.0,2024-07-15,2024-07-15/2024-07-21
2024-07-22/2024-07-28,柯文哲,L2-01,0.0,2024-07-22,2024-07-22/2024-07-28
2024-07-22/2024-07-28,柯文哲,L2-02,0.0,2024-07-22,2024-07-22/2024-07-28
2024-07-22/2024-07-28,柯文哲,L2-03,0.0,2024-07-22,2024-07-22/2024-07-28
2024-07-22/2024-07-28,柯文哲,L2-04,0.0,2024-07-22,2024-07-22/2024-07-28
2024-07-22/2024-07-28,柯文哲,L2-05,0.0,2024-07-22,2024-07-22/2024-07-28
2024-07-22/2024-07-28,柯文哲,L2-06,0.0,2024-07-22,2024-07-22/2024-07-28
2024-07-22/2024-07-28,柯文哲,L2-07,0.0,2024-07-22,2024-07-22/2024-07-28
2024-07-22/2024-07-28,柯文哲,L2-08,0.0,2024-07-22,2024-07-22/2024-07-28
2024-07-22/2024-07-28,赖清德,L2-01,0.0,2024-07-22,2024-07-22/2024-07-28
2024-07-22/2024-07-28,赖清德,L2-02,0.0,2024-07-22,2024-07-22/2024-07-28
2024-07-22/2024-07-28,赖清德,L2-03,0.0,2024-07-22,2024-07-22/2024-07-28
2024-07-22/2024-07-28,赖清德,L2-04,0.0,2024-07-22,2024-07-22/2024-07-28
2024-07-22/2024-07-28,赖清德,L2-05,0.0,2024-07-22,2024-07-22/2024-07-28
2024-07-22/2024-07-28,赖清德,L2-06,0.0,2024-07-22,2024-07-22/2024-07-28
2024-07-22/2024-07-28,赖清德,L2-07,0.0,2024-07-22,2024-07-22/2024-07-28
2024-07-22/2024-07-28,赖清德,L2-08,0.0,2024-07-22,2024-07-22/2024-07-28
2024-07-29/2024-08-04,柯文哲,L2-01,0.0,2024-07-29,2024-07-29/2024-08-04
2024-07-29/2024-08-04,柯文哲,L2-02,0.0,2024-07-29,2024-07-29/2024-08-04
2024-07-29/2024-08-04,柯文哲,L2-03,0.0,2024-07-29,2024-07-29/2024-08-04
2024-07-29/2024-08-04,柯文哲,L2-04,0.0,2024-07-29,2024-07-29/2024-08-04
2024-07-29/2024-08-04,柯文哲,L2-05,0.0,2024-07-29,2024-07-29/2024-08-04
2024-07-29/2024-08-04,柯文哲,L2-06,0.0,2024-07-29,2024-07-29/2024-08-04
2024-07-29/2024-08-04,柯文哲,L2-07,0.0,2024-07-29,2024-07-29/2024-08-04
2024-07-29/2024-08-04,柯文哲,L2-08,0.0,2024-07-29,2024-07-29/2024-08-04
2024-07-29/2024-08-04,赖清德,L2-01,0.0,2024-07-29,2024-07-29/2024-08-04
2024-07-29/2024-08-04,赖清德,L2-02,0.0,2024-07-29,2024-07-29/2024-08-04
2024-07-29/2024-08-04,赖清德,L2-03,0.0,2024-07-29,2024-07-29/2024-08-04
2024-07-29/2024-08-04,赖清德,L2-04,0.0,2024-07-29,2024-07-29/2024-08-04
2024-07-29/2024-08-04,赖清德,L2-05,0.0,2024-07-29,2024-07-29/2024-08-04
2024-07-29/2024-08-04,赖清德,L2-06,0.0,2024-07-29,2024-07-29/2024-08-04
2024-07-29/2024-08-04,赖清德,L2-07,0.0,2024-07-29,2024-07-29/2024-08-04
2024-07-29/2024-08-04,赖清德,L2-08,0.0,2024-07-29,2024-07-29/2024-08-04
2024-08-05/2024-08-11,柯文哲,L2-01,0.0,2024-08-05,2024-08-05/2024-08-11
2024-08-05/2024-08-11,柯文哲,L2-02,0.0,2024-08-05,2024-08-05/2024-08-11
2024-08-05/2024-08-11,柯文哲,L2-03,0.0,2024-08-05,2024-08-05/2024-08-11
2024-08-05/2024-08-11,柯文哲,L2-04,0.0,2024-08-05,2024-08-05/2024-08-11
2024-08-05/2024-08-11,柯文哲,L2-05,0.0,2024-08-05,2024-08-05/2024-08-11
2024-08-05/2024-08-11,柯文哲,L2-06,0.0,2024-08-05,2024-08-05/2024-08-11
2024-08-05/2024-08-11,柯文哲,L2-07,0.0,2024-08-05,2024-08-05/2024-08-11
2024-08-05/2024-08-11,柯文哲,L2-08,0.0,2024-08-05,2024-08-05/2024-08-11
2024-08-05/2024-08-11,赖清德,L2-01,0.0,2024-08-05,2024-08-05/2024-08-11
2024-08-05/2024-08-11,赖清德,L2-02,0.0,2024-08-05,2024-08-05/2024-08-11
2024-08-05/2024-08-11,赖清德,L2-03,0.0,2024-08-05,2024-08-05/2024-08-11
2024-08-05/2024-08-11,赖清德,L2-04,0.0,2024-08-05,2024-08-05/2024-08-11
2024-08-05/2024-08-11,赖清德,L2-05,0.0,2024-08-05,2024-08-05/2024-08-11
2024-08-05/2024-08-11,赖清德,L2-06,0.0,2024-08-05,2024-08-05/2024-08-11
2024-08-05/2024-08-11,赖清德,L2-07,0.0,2024-08-05,2024-08-05/2024-08-11
2024-08-05/2024-08-11,赖清德,L2-08,0.0,2024-08-05,2024-08-05/2024-08-11
2024-08-12/2024-08-18,柯文哲,L2-01,0.0,2024-08-12,2024-08-12/2024-08-18
2024-08-12/2024-08-18,柯文哲,L2-02,0.0,2024-08-12,2024-08-12/2024-08-18
2024-08-12/2024-08-18,柯文哲,L2-03,0.0,2024-08-12,2024-08-12/2024-08-18
2024-08-12/2024-08-18,柯文哲,L2-04,0.0,2024-08-12,2024-08-12/2024-08-18
2024-08-12/2024-08-18,柯文哲,L2-05,0.0,2024-08-12,2024-08-12/2024-08-18
2024-08-12/2024-08-18,柯文哲,L2-06,0.0,2024-08-12,2024-08-12/2024-08-18
2024-08-12/2024-08-18,柯文哲,L2-07,0.0,2024-08-12,2024-08-12/2024-08-18
2024-08-12/2024-08-18,柯文哲,L2-08,0.0,2024-08-12,2024-08-12/2024-08-18
2024-08-12/2024-08-18,赖清德,L2-01,0.0,2024-08-12,2024-08-12/2024-08-18
2024-08-12/2024-08-18,赖清德,L2-02,0.0,2024-08-12,2024-08-12/2024-08-18
2024-08-12/2024-08-18,赖清德,L2-03,0.0,2024-08-12,2024-08-12/2024-08-18
2024-08-12/2024-08-18,赖清德,L2-04,0.0,2024-08-12,2024-08-12/2024-08-18
2024-08-12/2024-08-18,赖清德,L2-05,0.0,2024-08-12,2024-08-12/2024-08-18
2024-08-12/2024-08-18,赖清德,L2-06,0.0,2024-08-12,2024-08-12/2024-08-18
2024-08-12/2024-08-18,赖清德,L2-07,0.0,2024-08-12,2024-08-12/2024-08-18
2024-08-12/2024-08-18,赖清德,L2-08,0.0,2024-08-12,2024-08-12/2024-08-18
2024-08-19/2024-08-25,柯文哲,L2-01,0.0,2024-08-19,2024-08-19/2024-08-25
2024-08-19/2024-08-25,柯文哲,L2-02,0.0,2024-08-19,2024-08-19/2024-08-25
2024-08-19/2024-08-25,柯文哲,L2-03,0.0,2024-08-19,2024-08-19/2024-08-25
2024-08-19/2024-08-25,柯文哲,L2-04,0.0,2024-08-19,2024-08-19/2024-08-25
2024-08-19/2024-08-25,柯文哲,L2-05,0.0,2024-08-19,2024-08-19/2024-08-25
2024-08-19/2024-08-25,柯文哲,L2-06,0.0,2024-08-19,2024-08-19/2024-08-25
2024-08-19/2024-08-25,柯文哲,L2-07,0.0,2024-08-19,2024-08-19/2024-08-25
2024-08-19/2024-08-25,柯文哲,L2-08,0.0,2024-08-19,2024-08-19/2024-08-25
2024-08-19/2024-08-25,赖清德,L2-01,0.0,2024-08-19,2024-08-19/2024-08-25
2024-08-19/2024-08-25,赖清德,L2-02,0.0,2024-08-19,2024-08-19/2024-08-25
2024-08-19/2024-08-25,赖清德,L2-03,0.0,2024-08-19,2024-08-19/2024-08-25
2024-08-19/2024-08-25,赖清德,L2-04,0.0,2024-08-19,2024-08-19/2024-08-25
2024-08-19/2024-08-25,赖清德,L2-05,0.0,2024-08-19,2024-08-19/2024-08-25
2024-08-19/2024-08-25,赖清德,L2-06,0.0,2024-08-19,2024-08-19/2024-08-25
2024-08-19/2024-08-25,赖清德,L2-07,0.0,2024-08-19,2024-08-19/2024-08-25
2024-08-19/2024-08-25,赖清德,L2-08,0.0,2024-08-19,2024-08-19/2024-08-25
2024-08-26/2024-09-01,柯文哲,L2-01,0.0,2024-08-26,2024-08-26/2024-09-01
2024-08-26/2024-09-01,柯文哲,L2-02,0.0,2024-08-26,2024-08-26/2024-09-01
2024-08-26/2024-09-01,柯文哲,L2-03,0.0,2024-08-26,2024-08-26/2024-09-01
2024-08-26/2024-09-01,柯文哲,L2-04,0.0,2024-08-26,2024-08-26/2024-09-01
2024-08-26/2024-09-01,柯文哲,L2-05,0.0,2024-08-26,2024-08-26/2024-09-01
2024-08-26/2024-09-01,柯文哲,L2-06,0.0,2024-08-26,2024-08-26/2024-09-01
2024-08-26/2024-09-01,柯文哲,L2-07,0.0,2024-08-26,2024-08-26/2024-09-01
2024-08-26/2024-09-01,柯文哲,L2-08,0.0,2024-08-26,2024-08-26/2024-09-01
2024-08-26/2024-09-01,赖清德,L2-01,0.0,2024-08-26,2024-08-26/2024-09-01
2024-08-26/2024-09-01,赖清德,L2-02,0.0,2024-08-26,2024-08-26/2024-09-01
2024-08-26/2024-09-01,赖清德,L2-03,0.0,2024-08-26,2024-08-26/2024-09-01
2024-08-26/2024-09-01,赖清德,L2-04,0.0,2024-08-26,2024-08-26/2024-09-01
2024-08-26/2024-09-01,赖清德,L2-05,0.0,2024-08-26,2024-08-26/2024-09-01
2024-08-26/2024-09-01,赖清德,L2-06,0.0,2024-08-26,2024-08-26/2024-09-01
2024-08-26/2024-09-01,赖清德,L2-07,0.0,2024-08-26,2024-08-26/2024-09-01
2024-08-26/2024-09-01,赖清德,L2-08,0.0,2024-08-26,2024-08-26/2024-09-01
2024-09-02/2024-09-08,柯文哲,L2-01,0.0,2024-09-02,2024-09-02/2024-09-08
2024-09-02/2024-09-08,柯文哲,L2-02,0.0,2024-09-02,2024-09-02/2024-09-08
2024-09-02/2024-09-08,柯文哲,L2-03,0.0,2024-09-02,2024-09-02/2024-09-08
2024-09-02/2024-09-08,柯文哲,L2-04,0.0,2024-09-02,2024-09-02/2024-09-08
2024-09-02/2024-09-08,柯文哲,L2-05,0.0,2024-09-02,2024-09-02/2024-09-08
2024-09-02/2024-09-08,柯文哲,L2-06,0.0,2024-09-02,2024-09-02/2024-09-08
2024-09-02/2024-09-08,柯文哲,L2-07,0.0,2024-09-02,2024-09-02/2024-09-08
2024-09-02/2024-09-08,柯文哲,L2-08,0.0,2024-09-02,2024-09-02/2024-09-08
2024-09-02/2024-09-08,赖清德,L2-01,0.0,2024-09-02,2024-09-02/2024-09-08
2024-09-02/2024-09-08,赖清德,L2-02,0.0,2024-09-02,2024-09-02/2024-09-08
2024-09-02/2024-09-08,赖清德,L2-03,0.0,2024-09-02,2024-09-02/2024-09-08
2024-09-02/2024-09-08,赖清德,L2-04,0.0,2024-09-02,2024-09-02/2024-09-08
2024-09-02/2024-09-08,赖清德,L2-05,0.0,2024-09-02,2024-09-02/2024-09-08
2024-09-02/2024-09-08,赖清德,L2-06,0.0,2024-09-02,2024-09-02/2024-09-08
2024-09-02/2024-09-08,赖清德,L2-07,0.0,2024-09-02,2024-09-02/2024-09-08
2024-09-02/2024-09-08,赖清德,L2-08,0.0,2024-09-02,2024-09-02/2024-09-08
2024-09-09/2024-09-15,柯文哲,L2-01,0.0,2024-09-09,2024-09-09/2024-09-15
2024-09-09/2024-09-15,柯文哲,L2-02,0.0,2024-09-09,2024-09-09/2024-09-15
2024-09-09/2024-09-15,柯文哲,L2-03,0.0,2024-09-09,2024-09-09/2024-09-15
2024-09-09/2024-09-15,柯文哲,L2-04,0.0,2024-09-09,2024-09-09/2024-09-15
2024-09-09/2024-09-15,柯文哲,L2-05,0.0,2024-09-09,2024-09-09/2024-09-15
2024-09-09/2024-09-15,柯文哲,L2-06,0.0,2024-09-09,2024-09-09/2024-09-15
2024-09-09/2024-09-15,柯文哲,L2-07,0.0,2024-09-09,2024-09-09/2024-09-15
2024-09-09/2024-09-15,柯文哲,L2-08,0.0,2024-09-09,2024-09-09/2024-09-15
2024-09-09/2024-09-15,赖清德,L2-01,0.0,2024-09-09,2024-09-09/2024-09-15
2024-09-09/2024-09-15,赖清德,L2-02,0.0,2024-09-09,2024-09-09/2024-09-15
2024-09-09/2024-09-15,赖清德,L2-03,0.0,2024-09-09,2024-09-09/2024-09-15
2024-09-09/2024-09-15,赖清德,L2-04,0.0,2024-09-09,2024-09-09/2024-09-15
2024-09-09/2024-09-15,赖清德,L2-05,0.0,2024-09-09,2024-09-09/2024-09-15
2024-09-09/2024-09-15,赖清德,L2-06,0.0,2024-09-09,2024-09-09/2024-09-15
2024-09-09/2024-09-15,赖清德,L2-07,0.0,2024-09-09,2024-09-09/2024-09-15
2024-09-09/2024-09-15,赖清德,L2-08,0.0,2024-09-09,2024-09-09/2024-09-15
2024-09-16/2024-09-22,柯文哲,L2-01,0.0,2024-09-16,2024-09-16/2024-09-22
2024-09-16/2024-09-22,柯文哲,L2-02,0.0,2024-09-16,2024-09-16/2024-09-22
2024-09-16/2024-09-22,柯文哲,L2-03,0.0,2024-09-16,2024-09-16/2024-09-22
2024-09-16/2024-09-22,柯文哲,L2-04,0.0,2024-09-16,2024-09-16/2024-09-22
2024-09-16/2024-09-22,柯文哲,L2-05,0.0,2024-09-16,2024-09-16/2024-09-22
2024-09-16/2024-09-22,柯文哲,L2-06,0.0,2024-09-16,2024-09-16/2024-09-22
2024-09-16/2024-09-22,柯文哲,L2-07,0.0,2024-09-16,2024-09-16/2024-09-22
2024-09-16/2024-09-22,柯文哲,L2-08,0.0,2024-09-16,2024-09-16/2024-09-22
2024-09-16/2024-09-22,赖清德,L2-01,0.0,2024-09-16,2024-09-16/2024-09-22
2024-09-16/2024-09-22,赖清德,L2-02,0.0,2024-09-16,2024-09-16/2024-09-22
2024-09-16/2024-09-22,赖清德,L2-03,0.0,2024-09-16,2024-09-16/2024-09-22
2024-09-16/2024-09-22,赖清德,L2-04,0.0,2024-09-16,2024-09-16/2024-09-22
2024-09-16/2024-09-22,赖清德,L2-05,0.0,2024-09-16,2024-09-16/2024-09-22
2024-09-16/2024-09-22,赖清德,L2-06,0.0,2024-09-16,2024-09-16/2024-09-22
2024-09-16/2024-09-22,赖清德,L2-07,0.0,2024-09-16,2024-09-16/2024-09-22
2024-09-16/2024-09-22,赖清德,L2-08,0.0,2024-09-16,2024-09-16/2024-09-22
2024-09-23/2024-09-29,柯文哲,L2-01,0.0,2024-09-23,2024-09-23/2024-09-29
2024-09-23/2024-09-29,柯文哲,L2-02,0.0,2024-09-23,2024-09-23/2024-09-29
2024-09-23/2024-09-29,柯文哲,L2-03,0.0,2024-09-23,2024-09-23/2024-09-29
2024-09-23/2024-09-29,柯文哲,L2-04,0.0,2024-09-23,2024-09-23/2024-09-29
2024-09-23/2024-09-29,柯文哲,L2-05,0.0,2024-09-23,2024-09-23/2024-09-29
2024-09-23/2024-09-29,柯文哲,L2-06,0.0,2024-09-23,2024-09-23/2024-09-29
2024-09-23/2024-09-29,柯文哲,L2-07,0.0,2024-09-23,2024-09-23/2024-09-29
2024-09-23/2024-09-29,柯文哲,L2-08,0.0,2024-09-23,2024-09-23/2024-09-29
2024-09-23/2024-09-29,赖清德,L2-01,0.0,2024-09-23,2024-09-23/2024-09-29
2024-09-23/2024-09-29,赖清德,L2-02,0.0,2024-09-23,2024-09-23/2024-09-29
2024-09-23/2024-09-29,赖清德,L2-03,0.0,2024-09-23,2024-09-23/2024-09-29
2024-09-23/2024-09-29,赖清德,L2-04,0.0,2024-09-23,2024-09-23/2024-09-29
2024-09-23/2024-09-29,赖清德,L2-05,0.0,2024-09-23,2024-09-23/2024-09-29
2024-09-23/2024-09-29,赖清德,L2-06,0.0,2024-09-23,2024-09-23/2024-09-29
2024-09-23/2024-09-29,赖清德,L2-07,0.0,2024-09-23,2024-09-23/2024-09-29
2024-09-23/2024-09-29,赖清德,L2-08,0.0,2024-09-23,2024-09-23/2024-09-29
2024-09-30/2024-10-06,柯文哲,L2-01,0.0,2024-09-30,2024-09-30/2024-10-06
2024-09-30/2024-10-06,柯文哲,L2-02,0.0,2024-09-30,2024-09-30/2024-10-06
2024-09-30/2024-10-06,柯文哲,L2-03,0.0,2024-09-30,2024-09-30/2024-10-06
2024-09-30/2024-10-06,柯文哲,L2-04,0.0,2024-09-30,2024-09-30/2024-10-06
2024-09-30/2024-10-06,柯文哲,L2-05,0.0,2024-09-30,2024-09-30/2024-10-06
2024-09-30/2024-10-06,柯文哲,L2-06,0.0,2024-09-30,2024-09-30/2024-10-06
2024-09-30/2024-10-06,柯文哲,L2-07,0.0,2024-09-30,2024-09-30/2024-10-06
2024-09-30/2024-10-06,柯文哲,L2-08,0.0,2024-09-30,2024-09-30/2024-10-06
2024-09-30/2024-10-06,赖清德,L2-01,0.0,2024-09-30,2024-09-30/2024-10-06
2024-09-30/2024-10-06,赖清德,L2-02,0.0,2024-09-30,2024-09-30/2024-10-06
2024-09-30/2024-10-06,赖清德,L2-03,0.0,2024-09-30,2024-09-30/2024-10-06
2024-09-30/2024-10-06,赖清德,L2-04,0.0,2024-09-30,2024-09-30/2024-10-06
2024-09-30/2024-10-06,赖清德,L2-05,0.0,2024-09-30,2024-09-30/2024-10-06
2024-09-30/2024-10-06,赖清德,L2-06,0.0,2024-09-30,2024-09-30/2024-10-06
2024-09-30/2024-10-06,赖清德,L2-07,0.0,2024-09-30,2024-09-30/2024-10-06
2024-09-30/2024-10-06,赖清德,L2-08,0.0,2024-09-30,2024-09-30/2024-10-06
2024-10-07/2024-10-13,柯文哲,L2-01,0.0,2024-10-07,2024-10-07/2024-10-13
2024-10-07/2024-10-13,柯文哲,L2-02,0.0,2024-10-07,2024-10-07/2024-10-13
2024-10-07/2024-10-13,柯文哲,L2-03,0.0,2024-10-07,2024-10-07/2024-10-13
2024-10-07/2024-10-13,柯文哲,L2-04,0.0,2024-10-07,2024-10-07/2024-10-13
2024-10-07/2024-10-13,柯文哲,L2-05,0.0,2024-10-07,2024-10-07/2024-10-13
2024-10-07/2024-10-13,柯文哲,L2-06,0.0,2024-10-07,2024-10-07/2024-10-13
2024-10-07/2024-10-13,柯文哲,L2-07,0.0,2024-10-07,2024-10-07/2024-10-13
2024-10-07/2024-10-13,柯文哲,L2-08,0.0,2024-10-07,2024-10-07/2024-10-13
2024-10-07/2024-10-13,赖清德,L2-01,0.0,2024-10-07,2024-10-07/2024-10-13
2024-10-07/2024-10-13,赖清德,L2-02,0.0,2024-10-07,2024-10-07/2024-10-13
2024-10-07/2024-10-13,赖清德,L2-03,0.0,2024-10-07,2024-10-07/2024-10-13
2024-10-07/2024-10-13,赖清德,L2-04,0.0,2024-10-07,2024-10-07/2024-10-13
2024-10-07/2024-10-13,赖清德,L2-05,0.0,2024-10-07,2024-10-07/2024-10-13
2024-10-07/2024-10-13,赖清德,L2-06,0.0,2024-10-07,2024-10-07/2024-10-13
2024-10-07/2024-10-13,赖清德,L2-07,0.0,2024-10-07,2024-10-07/2024-10-13
2024-10-07/2024-10-13,赖清德,L2-08,0.0,2024-10-07,2024-10-07/2024-10-13
2024-10-14/2024-10-20,柯文哲,L2-01,0.0,2024-10-14,2024-10-14/2024-10-20
2024-10-14/2024-10-20,柯文哲,L2-02,0.0,2024-10-14,2024-10-14/2024-10-20
2024-10-14/2024-10-20,柯文哲,L2-03,0.0,2024-10-14,2024-10-14/2024-10-20
2024-10-14/2024-10-20,柯文哲,L2-04,0.0,2024-10-14,2024-10-14/2024-10-20
2024-10-14/2024-10-20,柯文哲,L2-05,0.0,2024-10-14,2024-10-14/2024-10-20
2024-10-14/2024-10-20,柯文哲,L2-06,0.0,2024-10-14,2024-10-14/2024-10-20
2024-10-14/2024-10-20,柯文哲,L2-07,0.0,2024-10-14,2024-10-14/2024-10-20
2024-10-14/2024-10-20,柯文哲,L2-08,0.0,2024-10-14,2024-10-14/2024-10-20
2024-10-14/2024-10-20,赖清德,L2-01,0.0,2024-10-14,2024-10-14/2024-10-20
2024-10-14/2024-10-20,赖清德,L2-02,0.0,2024-10-14,2024-10-14/2024-10-20
2024-10-14/2024-10-20,赖清德,L2-03,0.0,2024-10-14,2024-10-14/2024-10-20
2024-10-14/2024-10-20,赖清德,L2-04,0.0,2024-10-14,2024-10-14/2024-10-20
2024-10-14/2024-10-20,赖清德,L2-05,0.0,2024-10-14,2024-10-14/2024-10-20
2024-10-14/2024-10-20,赖清德,L2-06,0.0,2024-10-14,2024-10-14/2024-10-20
2024-10-14/2024-10-20,赖清德,L2-07,0.0,2024-10-14,2024-10-14/2024-10-20
2024-10-14/2024-10-20,赖清德,L2-08,0.0,2024-10-14,2024-10-14/2024-10-20
2024-10-21/2024-10-27,柯文哲,L2-01,0.0,2024-10-21,2024-10-21/2024-10-27
2024-10-21/2024-10-27,柯文哲,L2-02,0.0,2024-10-21,2024-10-21/2024-10-27
2024-10-21/2024-10-27,柯文哲,L2-03,0.0,2024-10-21,2024-10-21/2024-10-27
2024-10-21/2024-10-27,柯文哲,L2-04,0.0,2024-10-21,2024-10-21/2024-10-27
2024-10-21/2024-10-27,柯文哲,L2-05,0.0,2024-10-21,2024-10-21/2024-10-27
2024-10-21/2024-10-27,柯文哲,L2-06,0.0,2024-10-21,2024-10-21/2024-10-27
2024-10-21/2024-10-27,柯文哲,L2-07,0.0,2024-10-21,2024-10-21/2024-10-27
2024-10-21/2024-10-27,柯文哲,L2-08,0.0,2024-10-21,2024-10-21/2024-10-27
2024-10-21/2024-10-27,赖清德,L2-01,0.0,2024-10-21,2024-10-21/2024-10-27
2024-10-21/2024-10-27,赖清德,L2-02,0.0,2024-10-21,2024-10-21/2024-10-27
2024-10-21/2024-10-27,赖清德,L2-03,0.0,2024-10-21,2024-10-21/2024-10-27
2024-10-21/2024-10-27,赖清德,L2-04,0.0,2024-10-21,2024-10-21/2024-10-27
2024-10-21/2024-10-27,赖清德,L2-05,0.0,2024-10-21,2024-10-21/2024-10-27
2024-10-21/2024-10-27,赖清德,L2-06,0.0,2024-10-21,2024-10-21/2024-10-27
2024-10-21/2024-10-27,赖清德,L2-07,0.0,2024-10-21,2024-10-21/2024-10-27
2024-10-21/2024-10-27,赖清德,L2-08,0.0,2024-10-21,2024-10-21/2024-10-27
2024-10-28/2024-11-03,柯文哲,L2-01,0.0,2024-10-28,2024-10-28/2024-11-03
2024-10-28/2024-11-03,柯文哲,L2-02,0.0,2024-10-28,2024-10-28/2024-11-03
2024-10-28/2024-11-03,柯文哲,L2-03,0.0,2024-10-28,2024-10-28/2024-11-03
2024-10-28/2024-11-03,柯文哲,L2-04,0.0,2024-10-28,2024-10-28/2024-11-03
2024-10-28/2024-11-03,柯文哲,L2-05,0.0,2024-10-28,2024-10-28/2024-11-03
2024-10-28/2024-11-03,柯文哲,L2-06,0.0,2024-10-28,2024-10-28/2024-11-03
2024-10-28/2024-11-03,柯文哲,L2-07,0.0,2024-10-28,2024-10-28/2024-11-03
2024-10-28/2024-11-03,柯文哲,L2-08,0.0,2024-10-28,2024-10-28/2024-11-03
2024-10-28/2024-11-03,赖清德,L2-01,0.0,2024-10-28,2024-10-28/2024-11-03
2024-10-28/2024-11-03,赖清德,L2-02,0.0,2024-10-28,2024-10-28/2024-11-03
2024-10-28/2024-11-03,赖清德,L2-03,0.0,2024-10-28,2024-10-28/2024-11-03
2024-10-28/2024-11-03,赖清德,L2-04,0.0,2024-10-28,2024-10-28/2024-11-03
2024-10-28/2024-11-03,赖清德,L2-05,0.0,2024-10-28,2024-10-28/2024-11-03
2024-10-28/2024-11-03,赖清德,L2-06,0.0,2024-10-28,2024-10-28/2024-11-03
2024-10-28/2024-11-03,赖清德,L2-07,0.0,2024-10-28,2024-10-28/2024-11-03
2024-10-28/2024-11-03,赖清德,L2-08,0.0,2024-10-28,2024-10-28/2024-11-03
2024-11-04/2024-11-10,柯文哲,L2-01,0.0,2024-11-04,2024-11-04/2024-11-10
2024-11-04/2024-11-10,柯文哲,L2-02,0.0,2024-11-04,2024-11-04/2024-11-10
2024-11-04/2024-11-10,柯文哲,L2-03,0.0,2024-11-04,2024-11-04/2024-11-10
2024-11-04/2024-11-10,柯文哲,L2-04,0.0,2024-11-04,2024-11-04/2024-11-10
2024-11-04/2024-11-10,柯文哲,L2-05,0.0,2024-11-04,2024-11-04/2024-11-10
2024-11-04/2024-11-10,柯文哲,L2-06,0.0,2024-11-04,2024-11-04/2024-11-10
2024-11-04/2024-11-10,柯文哲,L2-07,0.0,2024-11-04,2024-11-04/2024-11-10
2024-11-04/2024-11-10,柯文哲,L2-08,0.0,2024-11-04,2024-11-04/2024-11-10
2024-11-04/2024-11-10,赖清德,L2-01,0.0,2024-11-04,2024-11-04/2024-11-10
2024-11-04/2024-11-10,赖清德,L2-02,0.0,2024-11-04,2024-11-04/2024-11-10
2024-11-04/2024-11-10,赖清德,L2-03,0.0,2024-11-04,2024-11-04/2024-11-10
2024-11-04/2024-11-10,赖清德,L2-04,0.0,2024-11-04,2024-11-04/2024-11-10
2024-11-04/2024-11-10,赖清德,L2-05,0.0,2024-11-04,2024-11-04/2024-11-10
2024-11-04/2024-11-10,赖清德,L2-06,0.0,2024-11-04,2024-11-04/2024-11-10
2024-11-04/2024-11-10,赖清德,L2-07,0.0,2024-11-04,2024-11-04/2024-11-10
2024-11-04/2024-11-10,赖清德,L2-08,0.0,2024-11-04,2024-11-04/2024-11-10
2024-11-11/2024-11-17,柯文哲,L2-01,0.0,2024-11-11,2024-11-11/2024-11-17
2024-11-11/2024-11-17,柯文哲,L2-02,0.0,2024-11-11,2024-11-11/2024-11-17
2024-11-11/2024-11-17,柯文哲,L2-03,0.0,2024-11-11,2024-11-11/2024-11-17
2024-11-11/2024-11-17,柯文哲,L2-04,0.0,2024-11-11,2024-11-11/2024-11-17
2024-11-11/2024-11-17,柯文哲,L2-05,0.0,2024-11-11,2024-11-11/2024-11-17
2024-11-11/2024-11-17,柯文哲,L2-06,0.0,2024-11-11,2024-11-11/2024-11-17
2024-11-11/2024-11-17,柯文哲,L2-07,0.0,2024-11-11,2024-11-11/2024-11-17
2024-11-11/2024-11-17,柯文哲,L2-08,0.0,2024-11-11,2024-11-11/2024-11-17
2024-11-11/2024-11-17,赖清德,L2-01,0.0,2024-11-11,2024-11-11/2024-11-17
2024-11-11/2024-11-17,赖清德,L2-02,0.0,2024-11-11,2024-11-11/2024-11-17
2024-11-11/2024-11-17,赖清德,L2-03,0.0,2024-11-11,2024-11-11/2024-11-17
2024-11-11/2024-11-17,赖清德,L2-04,0.0,2024-11-11,2024-11-11/2024-11-17
2024-11-11/2024-11-17,赖清德,L2-05,0.0,2024-11-11,2024-11-11/2024-11-17
2024-11-11/2024-11-17,赖清德,L2-06,0.0,2024-11-11,2024-11-11/2024-11-17
2024-11-11/2024-11-17,赖清德,L2-07,0.0,2024-11-11,2024-11-11/2024-11-17
2024-11-11/2024-11-17,赖清德,L2-08,0.0,2024-11-11,2024-11-11/2024-11-17
2024-11-18/2024-11-24,柯文哲,L2-01,0.0,2024-11-18,2024-11-18/2024-11-24
2024-11-18/2024-11-24,柯文哲,L2-02,0.0,2024-11-18,2024-11-18/2024-11-24
2024-11-18/2024-11-24,柯文哲,L2-03,0.0,2024-11-18,2024-11-18/2024-11-24
2024-11-18/2024-11-24,柯文哲,L2-04,0.0,2024-11-18,2024-11-18/2024-11-24
2024-11-18/2024-11-24,柯文哲,L2-05,0.0,2024-11-18,2024-11-18/2024-11-24
2024-11-18/2024-11-24,柯文哲,L2-06,0.0,2024-11-18,2024-11-18/2024-11-24
2024-11-18/2024-11-24,柯文哲,L2-07,0.0,2024-11-18,2024-11-18/2024-11-24
2024-11-18/2024-11-24,柯文哲,L2-08,0.0,2024-11-18,2024-11-18/2024-11-24
2024-11-18/2024-11-24,赖清德,L2-01,0.0,2024-11-18,2024-11-18/2024-11-24
2024-11-18/2024-11-24,赖清德,L2-02,0.0,2024-11-18,2024-11-18/2024-11-24
2024-11-18/2024-11-24,赖清德,L2-03,0.0,2024-11-18,2024-11-18/2024-11-24
2024-11-18/2024-11-24,赖清德,L2-04,0.0,2024-11-18,2024-11-18/2024-11-24
2024-11-18/2024-11-24,赖清德,L2-05,0.0,2024-11-18,2024-11-18/2024-11-24
2024-11-18/2024-11-24,赖清德,L2-06,0.0,2024-11-18,2024-11-18/2024-11-24
2024-11-18/2024-11-24,赖清德,L2-07,0.0,2024-11-18,2024-11-18/2024-11-24
2024-11-18/2024-11-24,赖清德,L2-08,0.0,2024-11-18,2024-11-18/2024-11-24
2024-11-25/2024-12-01,柯文哲,L2-01,0.0,2024-11-25,2024-11-25/2024-12-01
2024-11-25/2024-12-01,柯文哲,L2-02,0.0,2024-11-25,2024-11-25/2024-12-01
2024-11-25/2024-12-01,柯文哲,L2-03,0.0,2024-11-25,2024-11-25/2024-12-01
2024-11-25/2024-12-01,柯文哲,L2-04,0.0,2024-11-25,2024-11-25/2024-12-01
2024-11-25/2024-12-01,柯文哲,L2-05,0.0,2024-11-25,2024-11-25/2024-12-01
2024-11-25/2024-12-01,柯文哲,L2-06,0.0,2024-11-25,2024-11-25/2024-12-01
2024-11-25/2024-12-01,柯文哲,L2-07,0.0,2024-11-25,2024-11-25/2024-12-01
2024-11-25/2024-12-01,柯文哲,L2-08,0.0,2024-11-25,2024-11-25/2024-12-01
2024-11-25/2024-12-01,赖清德,L2-01,0.0,2024-11-25,2024-11-25/2024-12-01
2024-11-25/2024-12-01,赖清德,L2-02,0.0,2024-11-25,2024-11-25/2024-12-01
2024-11-25/2024-12-01,赖清德,L2-03,0.0,2024-11-25,2024-11-25/2024-12-01
2024-11-25/2024-12-01,赖清德,L2-04,0.0,2024-11-25,2024-11-25/2024-12-01
2024-11-25/2024-12-01,赖清德,L2-05,0.0,2024-11-25,2024-11-25/2024-12-01
2024-11-25/2024-12-01,赖清德,L2-06,0.0,2024-11-25,2024-11-25/2024-12-01
2024-11-25/2024-12-01,赖清德,L2-07,0.0,2024-11-25,2024-11-25/2024-12-01
2024-11-25/2024-12-01,赖清德,L2-08,0.0,2024-11-25,2024-11-25/2024-12-01
2024-12-02/2024-12-08,柯文哲,L2-01,0.0,2024-12-02,2024-12-02/2024-12-08
2024-12-02/2024-12-08,柯文哲,L2-02,0.0,2024-12-02,2024-12-02/2024-12-08
2024-12-02/2024-12-08,柯文哲,L2-03,0.0,2024-12-02,2024-12-02/2024-12-08
2024-12-02/2024-12-08,柯文哲,L2-04,0.0,2024-12-02,2024-12-02/2024-12-08
2024-12-02/2024-12-08,柯文哲,L2-05,0.0,2024-12-02,2024-12-02/2024-12-08
2024-12-02/2024-12-08,柯文哲,L2-06,0.0,2024-12-02,2024-12-02/2024-12-08
2024-12-02/2024-12-08,柯文哲,L2-07,0.0,2024-12-02,2024-12-02/2024-12-08
2024-12-02/2024-12-08,柯文哲,L2-08,0.0,2024-12-02,2024-12-02/2024-12-08
2024-12-02/2024-12-08,赖清德,L2-01,0.0,2024-12-02,2024-12-02/2024-12-08
2024-12-02/2024-12-08,赖清德,L2-02,0.0,2024-12-02,2024-12-02/2024-12-08
2024-12-02/2024-12-08,赖清德,L2-03,0.0,2024-12-02,2024-12-02/2024-12-08
2024-12-02/2024-12-08,赖清德,L2-04,0.0,2024-12-02,2024-12-02/2024-12-08
2024-12-02/2024-12-08,赖清德,L2-05,0.0,2024-12-02,2024-12-02/2024-12-08
2024-12-02/2024-12-08,赖清德,L2-06,0.0,2024-12-02,2024-12-02/2024-12-08
2024-12-02/2024-12-08,赖清德,L2-07,0.0,2024-12-02,2024-12-02/2024-12-08
2024-12-02/2024-12-08,赖清德,L2-08,0.0,2024-12-02,2024-12-02/2024-12-08
2024-12-09/2024-12-15,柯文哲,L2-01,0.0,2024-12-09,2024-12-09/2024-12-15
2024-12-09/2024-12-15,柯文哲,L2-02,0.0,2024-12-09,2024-12-09/2024-12-15
2024-12-09/2024-12-15,柯文哲,L2-03,0.0,2024-12-09,2024-12-09/2024-12-15
2024-12-09/2024-12-15,柯文哲,L2-04,0.0,2024-12-09,2024-12-09/2024-12-15
2024-12-09/2024-12-15,柯文哲,L2-05,0.0,2024-12-09,2024-12-09/2024-12-15
2024-12-09/2024-12-15,柯文哲,L2-06,0.0,2024-12-09,2024-12-09/2024-12-15
2024-12-09/2024-12-15,柯文哲,L2-07,0.0,2024-12-09,2024-12-09/2024-12-15
2024-12-09/2024-12-15,柯文哲,L2-08,0.0,2024-12-09,2024-12-09/2024-12-15
2024-12-09/2024-12-15,赖清德,L2-01,0.0,2024-12-09,2024-12-09/2024-12-15
2024-12-09/2024-12-15,赖清德,L2-02,0.0,2024-12-09,2024-12-09/2024-12-15
2024-12-09/2024-12-15,赖清德,L2-03,0.0,2024-12-09,2024-12-09/2024-12-15
2024-12-09/2024-12-15,赖清德,L2-04,0.0,2024-12-09,2024-12-09/2024-12-15
2024-12-09/2024-12-15,赖清德,L2-05,0.0,2024-12-09,2024-12-09/2024-12-15
2024-12-09/2024-12-15,赖清德,L2-06,0.0,2024-12-09,2024-12-09/2024-12-15
2024-12-09/2024-12-15,赖清德,L2-07,0.0,2024-12-09,2024-12-09/2024-12-15
2024-12-09/2024-12-15,赖清德,L2-08,0.0,2024-12-09,2024-12-09/2024-12-15
2024-12-16/2024-12-22,柯文哲,L2-01,0.0,2024-12-16,2024-12-16/2024-12-22
2024-12-16/2024-12-22,柯文哲,L2-02,0.0,2024-12-16,2024-12-16/2024-12-22
2024-12-16/2024-12-22,柯文哲,L2-03,0.0,2024-12-16,2024-12-16/2024-12-22
2024-12-16/2024-12-22,柯文哲,L2-04,0.0,2024-12-16,2024-12-16/2024-12-22
2024-12-16/2024-12-22,柯文哲,L2-05,0.0,2024-12-16,2024-12-16/2024-12-22
2024-12-16/2024-12-22,柯文哲,L2-06,0.0,2024-12-16,2024-12-16/2024-12-22
2024-12-16/2024-12-22,柯文哲,L2-07,0.0,2024-12-16,2024-12-16/2024-12-22
2024-12-16/2024-12-22,柯文哲,L2-08,0.0,2024-12-16,2024-12-16/2024-12-22
2024-12-16/2024-12-22,赖清德,L2-01,0.0,2024-12-16,2024-12-16/2024-12-22
2024-12-16/2024-12-22,赖清德,L2-02,0.0,2024-12-16,2024-12-16/2024-12-22
2024-12-16/2024-12-22,赖清德,L2-03,0.0,2024-12-16,2024-12-16/2024-12-22
2024-12-16/2024-12-22,赖清德,L2-04,0.0,2024-12-16,2024-12-16/2024-12-22
2024-12-16/2024-12-22,赖清德,L2-05,0.0,2024-12-16,2024-12-16/2024-12-22
2024-12-16/2024-12-22,赖清德,L2-06,0.0,2024-12-16,2024-12-16/2024-12-22
2024-12-16/2024-12-22,赖清德,L2-07,0.0,2024-12-16,2024-12-16/2024-12-22
2024-12-16/2024-12-22,赖清德,L2-08,0.0,2024-12-16,2024-12-16/2024-12-22
2024-12-23/2024-12-29,柯文哲,L2-01,0.0,2024-12-23,2024-12-23/2024-12-29
2024-12-23/2024-12-29,柯文哲,L2-02,0.0,2024-12-23,2024-12-23/2024-12-29
2024-12-23/2024-12-29,柯文哲,L2-03,0.0,2024-12-23,2024-12-23/2024-12-29
2024-12-23/2024-12-29,柯文哲,L2-04,0.0,2024-12-23,2024-12-23/2024-12-29
2024-12-23/2024-12-29,柯文哲,L2-05,0.0,2024-12-23,2024-12-23/2024-12-29
2024-12-23/2024-12-29,柯文哲,L2-06,0.0,2024-12-23,2024-12-23/2024-12-29
2024-12-23/2024-12-29,柯文哲,L2-07,0.0,2024-12-23,2024-12-23/2024-12-29
2024-12-23/2024-12-29,柯文哲,L2-08,0.0,2024-12-23,2024-12-23/2024-12-29
2024-12-23/2024-12-29,赖清德,L2-01,0.0,2024-12-23,2024-12-23/2024-12-29
2024-12-23/2024-12-29,赖清德,L2-02,0.0,2024-12-23,2024-12-23/2024-12-29
2024-12-23/2024-12-29,赖清德,L2-03,0.0,2024-12-23,2024-12-23/2024-12-29
2024-12-23/2024-12-29,赖清德,L2-04,0.0,2024-12-23,2024-12-23/2024-12-29
2024-12-23/2024-12-29,赖清德,L2-05,0.0,2024-12-23,2024-12-23/2024-12-29
2024-12-23/2024-12-29,赖清德,L2-06,0.0,2024-12-23,2024-12-23/2024-12-29
2024-12-23/2024-12-29,赖清德,L2-07,0.0,2024-12-23,2024-12-23/2024-12-29
2024-12-23/2024-12-29,赖清德,L2-08,0.0,2024-12-23,2024-12-23/2024-12-29
2024-12-30/2025-01-05,柯文哲,L2-01,0.0,2024-12-30,2024-12-30/2025-01-05
2024-12-30/2025-01-05,柯文哲,L2-02,0.0,2024-12-30,2024-12-30/2025-01-05
2024-12-30/2025-01-05,柯文哲,L2-03,0.0,2024-12-30,2024-12-30/2025-01-05
2024-12-30/2025-01-05,柯文哲,L2-04,0.0,2024-12-30,2024-12-30/2025-01-05
2024-12-30/2025-01-05,柯文哲,L2-05,0.0,2024-12-30,2024-12-30/2025-01-05
2024-12-30/2025-01-05,柯文哲,L2-06,0.0,2024-12-30,2024-12-30/2025-01-05
2024-12-30/2025-01-05,柯文哲,L2-07,0.0,2024-12-30,2024-12-30/2025-01-05
2024-12-30/2025-01-05,柯文哲,L2-08,0.0,2024-12-30,2024-12-30/2025-01-05
2024-12-30/2025-01-05,赖清德,L2-01,0.0,2024-12-30,2024-12-30/2025-01-05
2024-12-30/2025-01-05,赖清德,L2-02,0.0,2024-12-30,2024-12-30/2025-01-05
2024-12-30/2025-01-05,赖清德,L2-03,0.0,2024-12-30,2024-12-30/2025-01-05
2024-12-30/2025-01-05,赖清德,L2-04,0.0,2024-12-30,2024-12-30/2025-01-05
2024-12-30/2025-01-05,赖清德,L2-05,0.0,2024-12-30,2024-12-30/2025-01-05
2024-12-30/2025-01-05,赖清德,L2-06,0.0,2024-12-30,2024-12-30/2025-01-05
2024-12-30/2025-01-05,赖清德,L2-07,0.0,2024-12-30,2024-12-30/2025-01-05
2024-12-30/2025-01-05,赖清德,L2-08,0.0,2024-12-30,2024-12-30/2025-01-05
2025-01-06/2025-01-12,柯文哲,L2-01,0.0,2025-01-06,2025-01-06/2025-01-12
2025-01-06/2025-01-12,柯文哲,L2-02,0.0,2025-01-06,2025-01-06/2025-01-12
2025-01-06/2025-01-12,柯文哲,L2-03,0.0,2025-01-06,2025-01-06/2025-01-12
2025-01-06/2025-01-12,柯文哲,L2-04,0.0,2025-01-06,2025-01-06/2025-01-12
2025-01-06/2025-01-12,柯文哲,L2-05,0.0,2025-01-06,2025-01-06/2025-01-12
2025-01-06/2025-01-12,柯文哲,L2-06,0.0,2025-01-06,2025-01-06/2025-01-12
2025-01-06/2025-01-12,柯文哲,L2-07,0.0,2025-01-06,2025-01-06/2025-01-12
2025-01-06/2025-01-12,柯文哲,L2-08,0.0,2025-01-06,2025-01-06/2025-01-12
2025-01-13/2025-01-19,柯文哲,L2-01,0.0,2025-01-13,2025-01-13/2025-01-19
2025-01-13/2025-01-19,柯文哲,L2-02,0.0,2025-01-13,2025-01-13/2025-01-19
2025-01-13/2025-01-19,柯文哲,L2-03,0.0,2025-01-13,2025-01-13/2025-01-19
2025-01-13/2025-01-19,柯文哲,L2-04,0.0,2025-01-13,2025-01-13/2025-01-19
2025-01-13/2025-01-19,柯文哲,L2-05,0.0,2025-01-13,2025-01-13/2025-01-19
2025-01-13/2025-01-19,柯文哲,L2-06,0.0,2025-01-13,2025-01-13/2025-01-19
2025-01-13/2025-01-19,柯文哲,L2-07,0.0,2025-01-13,2025-01-13/2025-01-19
2025-01-13/2025-01-19,柯文哲,L2-08,0.0,2025-01-13,2025-01-13/2025-01-19
2025-01-20/2025-01-26,柯文哲,L2-01,0.0,2025-01-20,2025-01-20/2025-01-26
2025-01-20/2025-01-26,柯文哲,L2-02,0.0,2025-01-20,2025-01-20/2025-01-26
2025-01-20/2025-01-26,柯文哲,L2-03,0.0,2025-01-20,2025-01-20/2025-01-26
2025-01-20/2025-01-26,柯文哲,L2-04,0.0,2025-01-20,2025-01-20/2025-01-26
2025-01-20/2025-01-26,柯文哲,L2-05,0.0,2025-01-20,2025-01-20/2025-01-26
2025-01-20/2025-01-26,柯文哲,L2-06,0.0,2025-01-20,2025-01-20/2025-01-26
2025-01-20/2025-01-26,柯文哲,L2-07,0.0,2025-01-20,2025-01-20/2025-01-26
2025-01-20/2025-01-26,柯文哲,L2-08,0.0,2025-01-20,2025-01-20/2025-01-26
2025-01-27/2025-02-02,柯文哲,L2-01,0.0,2025-01-27,2025-01-27/2025-02-02
2025-01-27/2025-02-02,柯文哲,L2-02,0.0,2025-01-27,2025-01-27/2025-02-02
2025-01-27/2025-02-02,柯文哲,L2-03,0.0,2025-01-27,2025-01-27/2025-02-02
2025-01-27/2025-02-02,柯文哲,L2-04,0.0,2025-01-27,2025-01-27/2025-02-02
2025-01-27/2025-02-02,柯文哲,L2-05,0.0,2025-01-27,2025-01-27/2025-02-02
2025-01-27/2025-02-02,柯文哲,L2-06,0.0,2025-01-27,2025-01-27/2025-02-02
2025-01-27/2025-02-02,柯文哲,L2-07,0.0,2025-01-27,2025-01-27/2025-02-02
2025-01-27/2025-02-02,柯文哲,L2-08,0.0,2025-01-27,2025-01-27/2025-02-02
2025-02-03/2025-02-09,柯文哲,L2-01,0.0,2025-02-03,2025-02-03/2025-02-09
2025-02-03/2025-02-09,柯文哲,L2-02,0.0,2025-02-03,2025-02-03/2025-02-09
2025-02-03/2025-02-09,柯文哲,L2-03,0.0,2025-02-03,2025-02-03/2025-02-09
2025-02-03/2025-02-09,柯文哲,L2-04,0.0,2025-02-03,2025-02-03/2025-02-09
2025-02-03/2025-02-09,柯文哲,L2-05,0.0,2025-02-03,2025-02-03/2025-02-09
2025-02-03/2025-02-09,柯文哲,L2-06,0.0,2025-02-03,2025-02-03/2025-02-09
2025-02-03/2025-02-09,柯文哲,L2-07,0.0,2025-02-03,2025-02-03/2025-02-09
2025-02-03/2025-02-09,柯文哲,L2-08,0.0,2025-02-03,2025-02-03/2025-02-09
2025-02-10/2025-02-16,柯文哲,L2-01,0.0,2025-02-10,2025-02-10/2025-02-16
2025-02-10/2025-02-16,柯文哲,L2-02,0.0,2025-02-10,2025-02-10/2025-02-16
2025-02-10/2025-02-16,柯文哲,L2-03,0.0,2025-02-10,2025-02-10/2025-02-16
2025-02-10/2025-02-16,柯文哲,L2-04,0.0,2025-02-10,2025-02-10/2025-02-16
2025-02-10/2025-02-16,柯文哲,L2-05,0.0,2025-02-10,2025-02-10/2025-02-16
2025-02-10/2025-02-16,柯文哲,L2-06,0.0,2025-02-10,2025-02-10/2025-02-16
2025-02-10/2025-02-16,柯文哲,L2-07,0.0,2025-02-10,2025-02-10/2025-02-16
2025-02-10/2025-02-16,柯文哲,L2-08,0.0,2025-02-10,2025-02-10/2025-02-16
2025-02-17/2025-02-23,柯文哲,L2-01,0.0,2025-02-17,2025-02-17/2025-02-23
2025-02-17/2025-02-23,柯文哲,L2-02,0.0,2025-02-17,2025-02-17/2025-02-23
2025-02-17/2025-02-23,柯文哲,L2-03,0.0,2025-02-17,2025-02-17/2025-02-23
2025-02-17/2025-02-23,柯文哲,L2-04,0.0,2025-02-17,2025-02-17/2025-02-23
2025-02-17/2025-02-23,柯文哲,L2-05,0.0,2025-02-17,2025-02-17/2025-02-23
2025-02-17/2025-02-23,柯文哲,L2-06,0.0,2025-02-17,2025-02-17/2025-02-23
2025-02-17/2025-02-23,柯文哲,L2-07,0.0,2025-02-17,2025-02-17/2025-02-23
2025-02-17/2025-02-23,柯文哲,L2-08,0.0,2025-02-17,2025-02-17/2025-02-23
2025-02-24/2025-03-02,柯文哲,L2-01,0.0,2025-02-24,2025-02-24/2025-03-02
2025-02-24/2025-03-02,柯文哲,L2-02,0.0,2025-02-24,2025-02-24/2025-03-02
2025-02-24/2025-03-02,柯文哲,L2-03,0.0,2025-02-24,2025-02-24/2025-03-02
2025-02-24/2025-03-02,柯文哲,L2-04,0.0,2025-02-24,2025-02-24/2025-03-02
2025-02-24/2025-03-02,柯文哲,L2-05,0.0,2025-02-24,2025-02-24/2025-03-02
2025-02-24/2025-03-02,柯文哲,L2-06,0.0,2025-02-24,2025-02-24/2025-03-02
2025-02-24/2025-03-02,柯文哲,L2-07,0.0,2025-02-24,2025-02-24/2025-03-02
2025-02-24/2025-03-02,柯文哲,L2-08,0.0,2025-02-24,2025-02-24/2025-03-02
2025-03-03/2025-03-09,柯文哲,L2-01,0.0,2025-03-03,2025-03-03/2025-03-09
2025-03-03/2025-03-09,柯文哲,L2-02,0.0,2025-03-03,2025-03-03/2025-03-09
2025-03-03/2025-03-09,柯文哲,L2-03,0.0,2025-03-03,2025-03-03/2025-03-09
2025-03-03/2025-03-09,柯文哲,L2-04,0.0,2025-03-03,2025-03-03/2025-03-09
2025-03-03/2025-03-09,柯文哲,L2-05,0.0,2025-03-03,2025-03-03/2025-03-09
2025-03-03/2025-03-09,柯文哲,L2-06,0.0,2025-03-03,2025-03-03/2025-03-09
2025-03-03/2025-03-09,柯文哲,L2-07,0.0,2025-03-03,2025-03-03/2025-03-09
2025-03-03/2025-03-09,柯文哲,L2-08,0.0,2025-03-03,2025-03-03/2025-03-09
2025-03-10/2025-03-16,柯文哲,L2-01,0.0,2025-03-10,2025-03-10/2025-03-16
2025-03-10/2025-03-16,柯文哲,L2-02,0.0,2025-03-10,2025-03-10/2025-03-16
2025-03-10/2025-03-16,柯文哲,L2-03,0.0,2025-03-10,2025-03-10/2025-03-16
2025-03-10/2025-03-16,柯文哲,L2-04,0.0,2025-03-10,2025-03-10/2025-03-16
2025-03-10/2025-03-16,柯文哲,L2-05,0.0,2025-03-10,2025-03-10/2025-03-16
2025-03-10/2025-03-16,柯文哲,L2-06,0.0,2025-03-10,2025-03-10/2025-03-16
2025-03-10/2025-03-16,柯文哲,L2-07,0.0,2025-03-10,2025-03-10/2025-03-16
2025-03-10/2025-03-16,柯文哲,L2-08,0.0,2025-03-10,2025-03-10/2025-03-16
2025-03-17/2025-03-23,柯文哲,L2-01,0.0,2025-03-17,2025-03-17/2025-03-23
2025-03-17/2025-03-23,柯文哲,L2-02,0.0,2025-03-17,2025-03-17/2025-03-23
2025-03-17/2025-03-23,柯文哲,L2-03,0.0,2025-03-17,2025-03-17/2025-03-23
2025-03-17/2025-03-23,柯文哲,L2-04,0.0,2025-03-17,2025-03-17/2025-03-23
2025-03-17/2025-03-23,柯文哲,L2-05,0.0,2025-03-17,2025-03-17/2025-03-23
2025-03-17/2025-03-23,柯文哲,L2-06,0.0,2025-03-17,2025-03-17/2025-03-23
2025-03-17/2025-03-23,柯文哲,L2-07,0.0,2025-03-17,2025-03-17/2025-03-23
2025-03-17/2025-03-23,柯文哲,L2-08,0.0,2025-03-17,2025-03-17/2025-03-23
2025-03-24/2025-03-30,柯文哲,L2-01,0.0,2025-03-24,2025-03-24/2025-03-30
2025-03-24/2025-03-30,柯文哲,L2-02,0.0,2025-03-24,2025-03-24/2025-03-30
2025-03-24/2025-03-30,柯文哲,L2-03,0.0,2025-03-24,2025-03-24/2025-03-30
2025-03-24/2025-03-30,柯文哲,L2-04,0.0,2025-03-24,2025-03-24/2025-03-30
2025-03-24/2025-03-30,柯文哲,L2-05,0.0,2025-03-24,2025-03-24/2025-03-30
2025-03-24/2025-03-30,柯文哲,L2-06,0.0,2025-03-24,2025-03-24/2025-03-30
2025-03-24/2025-03-30,柯文哲,L2-07,0.0,2025-03-24,2025-03-24/2025-03-30
2025-03-24/2025-03-30,柯文哲,L2-08,0.0,2025-03-24,2025-03-24/2025-03-30
2025-03-31/2025-04-06,柯文哲,L2-01,0.0,2025-03-31,2025-03-31/2025-04-06
2025-03-31/2025-04-06,柯文哲,L2-02,0.0,2025-03-31,2025-03-31/2025-04-06
2025-03-31/2025-04-06,柯文哲,L2-03,0.0,2025-03-31,2025-03-31/2025-04-06
2025-03-31/2025-04-06,柯文哲,L2-04,0.0,2025-03-31,2025-03-31/2025-04-06
2025-03-31/2025-04-06,柯文哲,L2-05,0.0,2025-03-31,2025-03-31/2025-04-06
2025-03-31/2025-04-06,柯文哲,L2-06,0.0,2025-03-31,2025-03-31/2025-04-06
2025-03-31/2025-04-06,柯文哲,L2-07,0.0,2025-03-31,2025-03-31/2025-04-06
2025-03-31/2025-04-06,柯文哲,L2-08,0.0,2025-03-31,2025-03-31/2025-04-06
2025-04-07/2025-04-13,柯文哲,L2-01,0.0,2025-04-07,2025-04-07/2025-04-13
2025-04-07/2025-04-13,柯文哲,L2-02,0.0,2025-04-07,2025-04-07/2025-04-13
2025-04-07/2025-04-13,柯文哲,L2-03,0.0,2025-04-07,2025-04-07/2025-04-13
2025-04-07/2025-04-13,柯文哲,L2-04,0.0,2025-04-07,2025-04-07/2025-04-13
2025-04-07/2025-04-13,柯文哲,L2-05,0.0,2025-04-07,2025-04-07/2025-04-13
2025-04-07/2025-04-13,柯文哲,L2-06,0.0,2025-04-07,2025-04-07/2025-04-13
2025-04-07/2025-04-13,柯文哲,L2-07,0.0,2025-04-07,2025-04-07/2025-04-13
2025-04-07/2025-04-13,柯文哲,L2-08,0.0,2025-04-07,2025-04-07/2025-04-13
2025-04-14/2025-04-20,柯文哲,L2-01,0.0,2025-04-14,2025-04-14/2025-04-20
2025-04-14/2025-04-20,柯文哲,L2-02,0.0,2025-04-14,2025-04-14/2025-04-20
2025-04-14/2025-04-20,柯文哲,L2-03,0.0,2025-04-14,2025-04-14/2025-04-20
2025-04-14/2025-04-20,柯文哲,L2-04,0.0,2025-04-14,2025-04-14/2025-04-20
2025-04-14/2025-04-20,柯文哲,L2-05,0.0,2025-04-14,2025-04-14/2025-04-20
2025-04-14/2025-04-20,柯文哲,L2-06,0.0,2025-04-14,2025-04-14/2025-04-20
2025-04-14/2025-04-20,柯文哲,L2-07,0.0,2025-04-14,2025-04-14/2025-04-20
2025-04-14/2025-04-20,柯文哲,L2-08,0.0,2025-04-14,2025-04-14/2025-04-20
2025-04-21/2025-04-27,柯文哲,L2-01,0.0,2025-04-21,2025-04-21/2025-04-27
2025-04-21/2025-04-27,柯文哲,L2-02,0.0,2025-04-21,2025-04-21/2025-04-27
2025-04-21/2025-04-27,柯文哲,L2-03,0.0,2025-04-21,2025-04-21/2025-04-27
2025-04-21/2025-04-27,柯文哲,L2-04,0.0,2025-04-21,2025-04-21/2025-04-27
2025-04-21/2025-04-27,柯文哲,L2-05,0.0,2025-04-21,2025-04-21/2025-04-27
2025-04-21/2025-04-27,柯文哲,L2-06,0.0,2025-04-21,2025-04-21/2025-04-27
2025-04-21/2025-04-27,柯文哲,L2-07,0.0,2025-04-21,2025-04-21/2025-04-27
2025-04-21/2025-04-27,柯文哲,L2-08,0.0,2025-04-21,2025-04-21/2025-04-27
2025-04-28/2025-05-04,柯文哲,L2-01,0.0,2025-04-28,2025-04-28/2025-05-04
2025-04-28/2025-05-04,柯文哲,L2-02,0.0,2025-04-28,2025-04-28/2025-05-04
2025-04-28/2025-05-04,柯文哲,L2-03,0.0,2025-04-28,2025-04-28/2025-05-04
2025-04-28/2025-05-04,柯文哲,L2-04,0.0,2025-04-28,2025-04-28/2025-05-04
2025-04-28/2025-05-04,柯文哲,L2-05,0.0,2025-04-28,2025-04-28/2025-05-04
2025-04-28/2025-05-04,柯文哲,L2-06,0.0,2025-04-28,2025-04-28/2025-05-04
2025-04-28/2025-05-04,柯文哲,L2-07,0.0,2025-04-28,2025-04-28/2025-05-04
2025-04-28/2025-05-04,柯文哲,L2-08,0.0,2025-04-28,2025-04-28/2025-05-04
2025-05-05/2025-05-11,柯文哲,L2-01,0.0,2025-05-05,2025-05-05/2025-05-11
2025-05-05/2025-05-11,柯文哲,L2-02,0.0,2025-05-05,2025-05-05/2025-05-11
2025-05-05/2025-05-11,柯文哲,L2-03,0.0,2025-05-05,2025-05-05/2025-05-11
2025-05-05/2025-05-11,柯文哲,L2-04,0.0,2025-05-05,2025-05-05/2025-05-11
2025-05-05/2025-05-11,柯文哲,L2-05,0.0,2025-05-05,2025-05-05/2025-05-11
2025-05-05/2025-05-11,柯文哲,L2-06,0.0,2025-05-05,2025-05-05/2025-05-11
2025-05-05/2025-05-11,柯文哲,L2-07,0.0,2025-05-05,2025-05-05/2025-05-11
2025-05-05/2025-05-11,柯文哲,L2-08,0.0,2025-05-05,2025-05-05/2025-05-11
2025-05-12/2025-05-18,柯文哲,L2-01,0.0,2025-05-12,2025-05-12/2025-05-18
2025-05-12/2025-05-18,柯文哲,L2-02,0.0,2025-05-12,2025-05-12/2025-05-18
2025-05-12/2025-05-18,柯文哲,L2-03,0.0,2025-05-12,2025-05-12/2025-05-18
2025-05-12/2025-05-18,柯文哲,L2-04,0.0,2025-05-12,2025-05-12/2025-05-18
2025-05-12/2025-05-18,柯文哲,L2-05,0.0,2025-05-12,2025-05-12/2025-05-18
2025-05-12/2025-05-18,柯文哲,L2-06,0.0,2025-05-12,2025-05-12/2025-05-18
2025-05-12/2025-05-18,柯文哲,L2-07,0.0,2025-05-12,2025-05-12/2025-05-18
2025-05-12/2025-05-18,柯文哲,L2-08,0.0,2025-05-12,2025-05-12/2025-05-18
2025-05-19/2025-05-25,柯文哲,L2-01,0.06493506493506497,2025-05-19,2025-05-19/2025-05-25
2025-05-19/2025-05-25,柯文哲,L2-02,0.0,2025-05-19,2025-05-19/2025-05-25
2025-05-19/2025-05-25,柯文哲,L2-03,0.012987012987013003,2025-05-19,2025-05-19/2025-05-25
2025-05-19/2025-05-25,柯文哲,L2-04,0.012987012987012986,2025-05-19,2025-05-19/2025-05-25
2025-05-19/2025-05-25,柯文哲,L2-05,0.0,2025-05-19,2025-05-19/2025-05-25
2025-05-19/2025-05-25,柯文哲,L2-06,0.012987012987012988,2025-05-19,2025-05-19/2025-05-25
2025-05-19/2025-05-25,柯文哲,L2-07,0.06493506493506497,2025-05-19,2025-05-19/2025-05-25
2025-05-19/2025-05-25,柯文哲,L2-08,0.012987012987013019,2025-05-19,2025-05-19/2025-05-25
