L1,validation_prop,corpus_prop,diff_percentage_points,validation_count,corpus_count
L1-01,0.10759493670886076,0.06812943262411347,-3.946550408474729,17,1537
L1-02,0.16455696202531644,0.08993794326241135,-7.46190187629051,26,2029
L1-03,0.2468354430379747,0.20585106382978724,-4.098437920818745,39,4644
L1-04,0.13291139240506328,0.05066489361702128,-8.224649878804199,21,1143
L1-05,0.10759493670886076,0.015735815602836878,-9.185912110602388,17,355
L1-06,0.12025316455696203,0.3645390070921986,24.42858425352366,19,8224
L1-07,0.12025316455696203,0.2051418439716312,8.488867941466918,19,4628
