L2,validation_row_prev,corpus_row_prev,diff_pp
L2-01,0.23417721518987342,0.17078900709219857,-6.338820809767484
L2-02,0.12025316455696203,0.040336879432624116,-7.99162851243379
L2-03,0.11392405063291139,0.04410460992907801,-6.981944070383338
L2-04,0.08860759493670886,0.021897163120567376,-6.671043181614149
L2-05,0.3227848101265823,0.18488475177304964,-13.790005835353265
L2-06,0.3670886075949367,0.20421099290780143,-16.28776146871353
L2-07,0.46835443037974683,0.26276595744680853,-20.55884729329383
L2-08,0.21518987341772153,0.06835106382978723,-14.68388095879343
