label,count,proportion
L1-06,8224,0.3645390070921986
L1-03,4644,0.20585106382978724
L1-07,4628,0.2051418439716312
L1-02,2029,0.08993794326241135
L1-01,1537,0.06812943262411347
L1-04,1143,0.05066489361702128
L1-05,355,0.015735815602836878
