label,row_count_with_label,row_prevalence
L2-07,5928,0.26276595744680853
L2-06,4607,0.20421099290780143
L2-05,4171,0.18488475177304964
L2-01,3853,0.17078900709219857
L2-08,1542,0.06835106382978723
L2-03,995,0.04410460992907801
L2-02,910,0.040336879432624116
L2-04,494,0.021897163120567376
